0.045203872,0.011476576,-0.008888178,1014913852479126
0.04398215,0.009033117,-0.0064447187,1014913854937667
0.04398215,0.002924472,-0.02354893,1014913857396626
0.04398215,0.0017027408,-0.027214117,1014913859855584
0.042760417,-0.0019624457,-0.011331636,1014913862314542
0.039095223,-0.005627636,0.0021073893,1014913864769959
0.036651768,-0.009292826,-0.005222991,1014913867227407
0.03298658,-0.014179744,-0.014996827,1014913869684334
0.028099664,-0.020288385,-0.008888178,1014913872141834
0.024434473,-0.030062221,0.0057725757,1014913874604959
0.018325828,-0.038614333,0.008216035,1014913877062980
0.012217178,-0.04350125,-0.0015578009,1014913879520115
0.0036650738,-0.04838817,-0.00400126,1014913881978292
-0.001221844,-0.052053355,0.006994307,1014913884436834
-0.009773952,-0.054496817,0.015546411,1014913886894699
-0.012217411,-0.059383728,0.014324682,1014913889352095
-0.0158826,-0.059383728,0.008216035,1014913891809803
-0.017104328,-0.056940272,0.011881223,1014913894268605
-0.01466087,-0.054496817,0.020433329,1014913896726730
-0.01343914,-0.04838817,0.022876788,1014913899183813
-0.009773952,-0.041057788,0.01798987,1014913901641626
-0.0036653066,-0.034949146,0.014324682,1014913904100428
0.0024433425,-0.02517531,0.01798987,1014913906558345
0.009773719,-0.016623199,0.022876788,1014913909015532
0.018325828,-0.0068493634,0.020433329,1014913911473761
0.026877932,4.8100948E-4,0.01676814,1014913913927667
0.034208313,0.009033117,0.014324682,1014913916390272
0.042760417,0.017585224,0.01798987,1014913918843188
0.04886906,0.02613733,0.020433329,1014913921306365
0.05742117,0.035911165,0.0192116,1014913923763970
0.06352982,0.04324154,0.014324682,1014913926222459
0.06963846,0.05057192,0.013102952,1014913928674438
0.07574711,0.056680568,0.013102952,1014913931137511
0.08063402,0.060345754,0.006994307,1014913933595688
0.085520945,0.06401094,8.8565797E-4,1014913936054022
0.084299214,0.06523267,-0.0015578009,1014913938506470
0.084299214,0.06401094,-0.0027795285,1014913940964230
0.08307748,0.06401094,-0.005222991,1014913943427824
0.07941229,0.060345754,-0.011331636,1014913945885428
0.07574711,0.056680568,-0.016218554,1014913948338449
0.07086019,0.054237105,-0.017440282,1014913950800584
0.065973274,0.053015374,-0.016218554,1014913953259386
0.061086357,0.049350187,-0.019883744,1014913955717199
0.05742117,0.04812846,-0.021105472,1014913958170480
0.052534252,0.04446327,-0.025992386,1014913960634282
0.04886906,0.042019814,-0.027214117,1014913963091105
0.046425603,0.037132896,-0.025992386,1014913965549074
0.042760417,0.03224598,-0.02965758,1014913968006209
0.040316954,0.024915598,-0.034544498,1014913970464074
0.036651768,0.018806953,-0.03576622,1014913972918292
0.03298658,0.011476576,-0.036987953,1014913975380897
0.029321387,0.0065896586,-0.039431415,1014913977837251
0.026877932,-7.407181E-4,-0.04187487,1014913980295897
0.024434473,-0.009292826,-0.043096602,1014913982755011
0.020769283,-0.0129580125,-0.04187487,1014913985212563
0.017104097,-0.015401471,-0.04187487,1014913987669751
0.014660637,-0.019066662,-0.04187487,1014913990127667
0.010995447,-0.019066662,-0.04187487,1014913992586470
0.009773719,-0.022731848,-0.039431415,1014913995044438
0.0073302602,-0.026397035,-0.036987953,1014913997501470
0.0048868014,-0.027618766,-0.033322766,1014913999959855
0.0048868014,-0.030062221,-0.032101035,1014914002418292
0.0036650738,-0.030062221,-0.02965758,1014914004876209
0.0036650738,-0.031283952,-0.024770662,1014914007333397
0.0024433425,-0.030062221,-0.021105472,1014914009791209
0.0012216112,-0.028840497,-0.018662013,1014914012250063
-0.001221844,-0.02517531,-0.013775095,1014914014707980
-0.0036653066,-0.020288385,-0.010109909,1014914017165115
-0.004887034,-0.014179744,-0.0064447187,1014914019622980
-0.0061087636,-0.0068493634,-0.0015578009,1014914022082199
-0.0061087636,-7.407181E-4,-3.3607334E-4,1014914024539751
-0.004887034,0.0053679273,0.0021073893,1014914026996938
-0.004887034,0.009033117,0.0021073893,1014914029454907
-0.0036653066,0.012698308,0.0045508444,1014914031913761
-0.0036653066,0.015141765,0.0057725757,1014914034371522
-0.0024435753,0.017585224,0.0057725757,1014914036828657
-0.0036653066,0.021250412,0.0057725757,1014914039286626
-0.004887034,0.02613733,0.0045508444,1014914041745740
-0.004887034,0.031024247,0.0045508444,1014914044203345
-0.007330493,0.037132896,0.0033291169,1014914046660480
-0.007330493,0.04324154,0.0033291169,1014914049118709
-0.0085522225,0.049350187,0.0021073893,1014914051577459
-0.0085522225,0.055458836,8.8565797E-4,1014914054035167
-0.0061087636,0.06401094,8.8565797E-4,1014914056492251
-0.004887034,0.06889786,-0.0015578009,1014914058946105
-0.0024435753,0.072563045,-0.0015578009,1014914061404386
-0.001221844,0.072563045,-0.0027795285,1014914063862251
-0.001221844,0.07134132,-0.00400126,1014914066320115
-0.0024435753,0.07011959,-0.00400126,1014914068777980
-0.0036653066,0.06889786,-0.005222991,1014914071235845
-0.004887034,0.06523267,-0.0064447187,1014914073693709
-0.0085522225,0.060345754,-0.0076664463,1014914076151574
-0.012217411,0.054237105,-0.008888178,1014914078609438
-0.01343914,0.046906732,-0.012553364,1014914081067303
-0.0158826,0.040798083,-0.013775095,1014914083525167
-0.01466087,0.034689434,-0.018662013,1014914085983032
-0.01343914,0.027359061,-0.018662013,1014914088440897
-0.01343914,0.016363494,-0.0223272,1014914090898761
-0.012217411,0.0065896586,-0.024770662,1014914093356626
-0.01343914,-0.0044059083,-0.025992386,1014914095814490
-0.0158826,-0.015401471,-0.02965758,1014914098272355
-0.021991245,-0.02395358,-0.032101035,1014914100730220
-0.02809989,-0.032505684,-0.034544498,1014914103188084
-0.03420854,-0.03617087,-0.03576622,1014914105645949
-0.04031719,-0.039836057,-0.040653147,1014914108103813
-0.046425834,-0.041057788,-0.043096602,1014914110561678
-0.051312752,-0.04472298,-0.04676179,1014914113019542
-0.057421397,-0.047166437,-0.04798352,1014914115477407
-0.062308315,-0.049609892,-0.050426982,1014914117935272
-0.06719524,-0.052053355,-0.052870438,1014914120393136
-0.07086042,-0.052053355,-0.05409217,1014914122854126
-0.072082154,-0.050831623,-0.052870438,1014914125314803
-0.07574735,-0.04838817,-0.05409217,1014914127772667
-0.07452562,-0.04227952,-0.05409217,1014914130231522
-0.06963869,-0.0373926,-0.051648706,1014914132689490
-0.06353005,-0.030062221,-0.04920525,1014914135146574
-0.057421397,-0.02395358,-0.04676179,1014914137604647
-0.050091024,-0.019066662,-0.044318333,1014914140063397
-0.046425834,-0.014179744,-0.043096602,1014914142521574
-0.037873726,-0.0068493634,-0.040653147,1014914144978397
-0.03298681,-7.407181E-4,-0.038209684,1014914147436574
-0.02809989,0.00781139,-0.036987953,1014914149895532
-0.023212973,0.013920035,-0.034544498,1014914152353345
-0.021991245,0.02369387,-0.033322766,1014914154810115
-0.017104328,0.029802516,-0.028435849,1014914157268136
-0.012217411,0.038354624,-0.024770662,1014914159726834
-0.009773952,0.042019814,-0.019883744,1014914162185272
-0.0036653066,0.045685,-0.017440282,1014914164641938
0.0024433425,0.046906732,-0.014996827,1014914167095324
0.0073302602,0.05057192,-0.011331636,1014914169558657
0.012217178,0.054237105,-0.008888178,1014914172016938
0.015882365,0.055458836,-0.005222991,1014914174473709
0.019547556,0.059124023,-0.0015578009,1014914176927199
0.021991014,0.061567485,-3.3607334E-4,1014914179390480
0.021991014,0.060345754,8.8565797E-4,1014914181848657
0.021991014,0.06278921,8.8565797E-4,1014914184305740
0.023212746,0.06401094,-0.0015578009,1014914186763813
0.023212746,0.06401094,-0.0027795285,1014914189218136
0.024434473,0.06278921,-0.005222991,1014914191680532
0.023212746,0.06278921,-0.0076664463,1014914194137303
0.023212746,0.059124023,-0.010109909,1014914196595584
0.021991014,0.0579023,-0.012553364,1014914199054490
0.020769283,0.05179365,-0.014996827,1014914201512667
0.018325828,0.045685,-0.016218554,1014914203969542
0.015882365,0.03957635,-0.017440282,1014914206427980
0.009773719,0.033467706,-0.018662013,1014914208885897
0.0048868014,0.028580789,-0.0223272,1014914211344074
0.0012216112,0.02613733,-0.024770662,1014914213800845
-0.0024435753,0.024915598,-0.028435849,1014914216259386
-0.004887034,0.021250412,-0.033322766,1014914218712980
-0.0024435753,0.018806953,-0.036987953,1014914221176261
-0.001221844,0.013920035,-0.040653147,1014914223632876
0.0024433425,0.009033117,-0.043096602,1014914226091105
0.0048868014,0.002924472,-0.045540057,1014914228544803
0.009773719,-0.003184177,-0.045540057,1014914231002980
0.015882365,-0.011736281,-0.04676179,1014914233464438
0.019547556,-0.01784493,-0.04798352,1014914235917772
0.025656201,-0.022731848,-0.045540057,1014914238376678
0.029321387,-0.026397035,-0.04676179,1014914240839178
0.034208313,-0.033727415,-0.045540057,1014914243296522
0.039095223,-0.039836057,-0.044318333,1014914245754126
0.041538686,-0.04472298,-0.043096602,1014914248209334
0.047647335,-0.052053355,-0.043096602,1014914250671157
0.05009079,-0.054496817,-0.04187487,1014914253128084
0.05131252,-0.058162004,-0.039431415,1014914255586053
0.052534252,-0.06060546,-0.036987953,1014914258044803
0.052534252,-0.059383728,-0.030879311,1014914260502980
0.05009079,-0.058162004,-0.024770662,1014914262955584
0.04886906,-0.053275086,-0.018662013,1014914265413136
0.046425603,-0.049609892,-0.011331636,1014914267877772
0.041538686,-0.04472298,-0.00400126,1014914270334386
0.039095223,-0.039836057,-3.3607334E-4,1014914272791834
0.034208313,-0.038614333,0.0021073893,1014914275249595
0.028099664,-0.03617087,0.0057725757,1014914277708397
0.024434473,-0.033727415,0.009437764,1014914280166157
0.018325828,-0.031283952,0.009437764,1014914282623605
0.013438909,-0.028840497,0.0106594935,1014914285081365
0.010995447,-0.02395358,0.0106594935,1014914287540115
0.008551992,-0.020288385,0.008216035,1014914289998136
0.009773719,-0.01784493,0.0033291169,1014914292455115
0.009773719,-0.011736281,-0.0015578009,1014914294913240
0.015882365,-0.0068493634,-0.0027795285,1014914297371886
0.021991014,-7.407181E-4,-0.0064447187,1014914299830220
0.029321387,0.0041461997,-0.008888178,1014914302287251
0.034208313,0.00781139,-0.010109909,1014914304745480
0.039095223,0.009033117,-0.014996827,1014914307203709
0.045203872,0.011476576,-0.017440282,1014914309661938
0.047647335,0.015141765,-0.021105472,1014914312118761
0.05009079,0.020028682,-0.027214117,1014914314576782
0.05131252,0.02613733,-0.02965758,1014914317035532
0.054977708,0.029802516,-0.034544498,1014914319493292
0.058642894,0.033467706,-0.039431415,1014914321946053
0.06352982,0.034689434,-0.044318333,1014914324408553
0.067195006,0.034689434,-0.04676179,1014914326868292
0.07086019,0.031024247,-0.051648706,1014914329325480
0.07574711,0.028580789,-0.05409217,1014914331780740
0.08063402,0.024915598,-0.057757355,1014914334240324
0.084299214,0.022472143,-0.060200818,1014914336698970
0.08796439,0.020028682,-0.06142254,1014914339157459
0.090407856,0.020028682,-0.06264427,1014914341614386
0.09407305,0.018806953,-0.063866004,1014914344072667
0.09407305,0.020028682,-0.060200818,1014914346530949
0.09285132,0.018806953,-0.060200818,1014914348989074
0.09162959,0.016363494,-0.056535624,1014914351445897
0.085520945,0.012698308,-0.055313893,1014914353903813
0.07819056,0.009033117,-0.051648706,1014914356362720
0.06841673,0.0041461997,-0.04676179,1014914358816001
0.05619944,-7.407181E-4,-0.044318333,1014914361277980
0.04398215,-0.0044059083,-0.040653147,1014914363736001
0.03176485,-0.009292826,-0.03576622,1014914366194490
0.019547556,-0.015401471,-0.02965758,1014914368647667
0.010995447,-0.022731848,-0.024770662,1014914371109907
-1.1641532E-7,-0.033727415,-0.019883744,1014914373567355
-0.007330493,-0.039836057,-0.012553364,1014914376021574
-0.012217411,-0.04472298,-0.005222991,1014914378484282
-0.019547787,-0.049609892,0.0021073893,1014914380936730
-0.023212973,-0.050831623,0.008216035,1014914383399595
-0.029321622,-0.050831623,0.014324682,1014914385858136
-0.03298681,-0.04838817,0.0192116,1014914388311990
-0.03420854,-0.04838817,0.02409852,1014914390772980
-0.03420854,-0.045944706,0.027763706,1014914393226470
-0.03543027,-0.047166437,0.030207165,1014914395689699
-0.03176508,-0.04472298,0.033872355,1014914398147720
-0.030543353,-0.04227952,0.03753754,1014914400604699
-0.02809989,-0.038614333,0.03753754,1014914403063188
-0.024434704,-0.034949146,0.038759273,1014914405521574
-0.019547787,-0.033727415,0.038759273,1014914407979751
-0.0158826,-0.026397035,0.041202728,1014914410436782
-0.012217411,-0.020288385,0.04364619,1014914412894490
-0.0061087636,-0.016623199,0.04364619,1014914415353345
-0.0024435753,-0.010514554,0.044867918,1014914417811157
0.0012216112,-0.003184177,0.04364619,1014914420268605
0.0048868014,0.0065896586,0.041202728,1014914422726574
0.0048868014,0.015141765,0.038759273,1014914425185115
0.0073302602,0.021250412,0.033872355,1014914427643292
0.009773719,0.027359061,0.028985437,1014914430095949
0.013438909,0.03224598,0.02409852,1014914432558397
0.013438909,0.037132896,0.020433329,1014914435016938
0.014660637,0.038354624,0.015546411,1014914437474855
0.015882365,0.040798083,0.0106594935,1014914439927459
0.014660637,0.040798083,0.0057725757,1014914442390220
0.015882365,0.04446327,8.8565797E-4,1014914444848605
0.014660637,0.04812846,-0.005222991,1014914447306574
0.014660637,0.049350187,-0.010109909,1014914449763709
0.015882365,0.04812846,-0.017440282,1014914452221730
0.017104097,0.045685,-0.019883744,1014914454680480
0.017104097,0.04324154,-0.025992386,1014914457138449
0.015882365,0.038354624,-0.028435849,1014914459595428
0.015882365,0.033467706,-0.030879311,1014914462049699
0.013438909,0.028580789,-0.03576622,1014914464509386
0.012217178,0.024915598,-0.038209684,1014914466970584
0.008551992,0.020028682,-0.038209684,1014914469427303
0.0036650738,0.017585224,-0.039431415,1014914471885220
-1.1641532E-7,0.016363494,-0.040653147,1014914474344282
-0.004887034,0.013920035,-0.04187487,1014914476801834
-0.007330493,0.010254845,-0.043096602,1014914479259334
-0.009773952,0.0065896586,-0.044318333,1014914481717355
-0.010995681,0.0053679273,-0.044318333,1014914484175845
-0.010995681,0.0017027408,-0.044318333,1014914486633657
-0.010995681,-7.407181E-4,-0.043096602,1014914489090897
-0.010995681,-0.003184177,-0.039431415,1014914491549490
-0.007330493,-0.003184177,-0.036987953,1014914494007824
-0.007330493,-0.003184177,-0.030879311,1014914496465740
-0.004887034,-0.0019624457,-0.027214117,1014914498918084
-0.0024435753,-7.407181E-4,-0.025992386,1014914501381105
-0.0024435753,-7.407181E-4,-0.02354893,1014914503839386
-0.0024435753,4.8100948E-4,-0.019883744,1014914506297772
-0.0036653066,0.0017027408,-0.016218554,1014914508750063
-0.0036653066,0.0017027408,-0.014996827,1014914511213605
-0.004887034,0.002924472,-0.010109909,1014914513671001
-0.0061087636,0.0017027408,-0.010109909,1014914516129386
-0.009773952,0.0017027408,-0.008888178,1014914518581834
-0.009773952,4.8100948E-4,-0.0064447187,1014914521040584
-0.009773952,-7.407181E-4,-0.008888178,1014914523503292
-0.009773952,-0.0044059083,-0.011331636,1014914525956574
-0.010995681,-0.0044059083,-0.011331636,1014914528414126
-0.010995681,-0.0019624457,-0.011331636,1014914530875897
-0.012217411,4.8100948E-4,-0.013775095,1014914533334751
-0.010995681,0.002924472,-0.012553364,1014914535792511
-0.010995681,0.0041461997,-0.012553364,1014914538245897
-0.009773952,0.0041461997,-0.014996827,1014914540703136
-0.009773952,0.009033117,-0.016218554,1014914543166782
-0.009773952,0.009033117,-0.018662013,1014914545624386
-0.007330493,0.012698308,-0.019883744,1014914548081574
-0.007330493,0.013920035,-0.0223272,1014914550535376
-0.004887034,0.017585224,-0.024770662,1014914552998345
-0.001221844,0.021250412,-0.02354893,1014914555456209
-1.1641532E-7,0.027359061,-0.02354893,1014914557913345
0.0012216112,0.024915598,-0.024770662,1014914560372720
0.0024433425,0.027359061,-0.02354893,1014914562830272
0.0036650738,0.027359061,-0.024770662,1014914565287980
0.0012216112,0.024915598,-0.027214117,1014914567745011
0.0024433425,0.02369387,-0.033322766,1014914570203397
0.0024433425,0.022472143,-0.038209684,1014914572661834
0.0048868014,0.022472143,-0.040653147,1014914575119751
0.009773719,0.020028682,-0.044318333,1014914577576886
0.014660637,0.017585224,-0.04920525,1014914580030532
0.017104097,0.016363494,-0.051648706,1014914582493657
0.021991014,0.018806953,-0.05409217,1014914584946990
0.023212746,0.02369387,-0.056535624,1014914587408917
0.024434473,0.029802516,-0.058979087,1014914589866938
0.024434473,0.033467706,-0.06264427,1014914592325376
0.025656201,0.03957635,-0.063866004,1014914594783292
0.026877932,0.04446327,-0.06630946,1014914597236522
0.026877932,0.045685,-0.06753119,1014914599694126
0.026877932,0.046906732,-0.06875292,1014914602157199
0.026877932,0.049350187,-0.06630946,1014914604615011
0.025656201,0.05057192,-0.06508773,1014914607072251
0.025656201,0.05057192,-0.06264427,1014914609530740
0.020769283,0.054237105,-0.060200818,1014914611989334
0.018325828,0.054237105,-0.057757355,1014914614446834
0.014660637,0.055458836,-0.05409217,1014914616903917
0.009773719,0.054237105,-0.04798352,1014914619361886
0.0048868014,0.05179365,-0.043096602,1014914621821157
-0.0024435753,0.046906732,-0.039431415,1014914624278709
-0.0085522225,0.040798083,-0.034544498,1014914626736105
-0.01343914,0.03224598,-0.02965758,1014914629194126
-0.020769518,0.02613733,-0.027214117,1014914631652511
-0.023212973,0.022472143,-0.018662013,1014914634110428
-0.026878163,0.015141765,-0.013775095,1014914636567876
-0.026878163,0.0065896586,-0.0064447187,1014914639025532
-0.029321622,4.8100948E-4,-0.00400126,1014914641484751
-0.025656436,-0.008071095,0.0021073893,1014914643937720
-0.024434704,-0.016623199,0.0045508444,1014914646396001
-0.024434704,-0.02517531,0.0057725757,1014914648852928
-0.023212973,-0.032505684,0.008216035,1014914651316365
-0.024434704,-0.03617087,0.009437764,1014914653773917
-0.024434704,-0.041057788,0.009437764,1014914656231574
-0.024434704,-0.045944706,0.008216035,1014914658684438
-0.026878163,-0.04472298,0.006994307,1014914661145272
-0.029321622,-0.047166437,0.0057725757,1014914663603345
-0.030543353,-0.04838817,0.0033291169,1014914666061417
-0.03420854,-0.047166437,-0.0015578009,1014914668519490
-0.037873726,-0.047166437,-0.0076664463,1014914670977563
-0.037873726,-0.045944706,-0.016218554,1014914673435636
-0.04031719,-0.04350125,-0.021105472,1014914675893709
-0.041538917,-0.038614333,-0.024770662,1014914678351782
-0.042760644,-0.033727415,-0.030879311,1014914680809855
-0.046425834,-0.028840497,-0.034544498,1014914683267928
-0.047647562,-0.021510117,-0.039431415,1014914685726001
-0.051312752,-0.016623199,-0.044318333,1014914688184074
-0.051312752,-0.0129580125,-0.04920525,1014914690639855
-0.05375621,-0.008071095,-0.05409217,1014914693101470
-0.054977942,-0.005627636,-0.058979087,1014914695558240
-0.05375621,-0.003184177,-0.06142254,1014914698016209
-0.056199674,0.0017027408,-0.06630946,1014914700475011
-0.054977942,0.0053679273,-0.06875292,1014914702928605
-0.05375621,0.0065896586,-0.06997465,1014914705390011
-0.05253448,0.009033117,-0.06997465,1014914707843397
-0.051312752,0.010254845,-0.06997465,1014914710306730
-0.051312752,0.011476576,-0.06875292,1014914712764647
-0.048869293,0.013920035,-0.06630946,1014914715221834
-0.046425834,0.012698308,-0.063866004,1014914717679699
-0.042760644,0.013920035,-0.058979087,1014914720139126
-0.04031719,0.012698308,-0.056535624,1014914722596678
-0.036652,0.015141765,-0.050426982,1014914725053553
-0.03543027,0.016363494,-0.044318333,1014914727511574
-0.030543353,0.017585224,-0.04187487,1014914729970636
-0.026878163,0.017585224,-0.033322766,1014914732428865
-0.023212973,0.016363494,-0.028435849,1014914734885428
-0.018326059,0.012698308,-0.02354893,1014914737343345
-0.0158826,0.012698308,-0.018662013,1014914739802147
-0.012217411,0.010254845,-0.014996827,1014914742260532
-0.009773952,0.0065896586,-0.012553364,1014914744717095
-0.0061087636,0.0041461997,-0.008888178,1014914747175480
-0.0061087636,0.0041461997,-0.0076664463,1014914749634230
-0.0036653066,0.0041461997,-0.005222991,1014914752092199
-0.0036653066,0.0065896586,-0.00400126,1014914754548917
-0.0036653066,0.009033117,-0.0015578009,1014914757006990
-0.0024435753,0.011476576,-0.0015578009,1014914759465740
-0.0036653066,0.011476576,-0.0015578009,1014914761919334
-0.0036653066,0.009033117,-0.0015578009,1014914764380740
-0.004887034,0.009033117,-0.00400126,1014914766839022
-0.0085522225,0.0065896586,-0.00400126,1014914769297407
-0.01343914,0.0065896586,-0.005222991,1014914771755428
-0.017104328,0.0053679273,-0.0064447187,1014914774212563
-0.023212973,0.0053679273,-0.008888178,1014914776672407
-0.02809989,0.0065896586,-0.011331636,1014914779129490
-0.03298681,0.009033117,-0.012553364,1014914781587876
-0.036652,0.009033117,-0.014996827,1014914784044334
-0.04031719,0.011476576,-0.013775095,1014914786502667
-0.04031719,0.009033117,-0.014996827,1014914788961365
-0.041538917,0.009033117,-0.016218554,1014914791419490
-0.041538917,0.00781139,-0.017440282,1014914793876001
-0.04031719,0.009033117,-0.016218554,1014914796334595
-0.039095458,0.009033117,-0.016218554,1014914798788397
-0.036652,0.0065896586,-0.017440282,1014914801246782
-0.03298681,0.0053679273,-0.014996827,1014914803708761
-0.029321622,0.002924472,-0.017440282,1014914806166574
-0.025656436,-0.0019624457,-0.016218554,1014914808620167
-0.019547787,-0.0044059083,-0.013775095,1014914811078292
-0.0158826,-0.0129580125,-0.014996827,1014914813539699
-0.009773952,-0.01784493,-0.013775095,1014914815993188
-0.0024435753,-0.02517531,-0.014996827,1014914818451730
0.0024433425,-0.030062221,-0.012553364,1014914820914334
0.0073302602,-0.032505684,-0.013775095,1014914823372511
0.014660637,-0.031283952,-0.012553364,1014914825829282
0.017104097,-0.031283952,-0.014996827,1014914828283970
0.020769283,-0.033727415,-0.014996827,1014914830746313
0.020769283,-0.032505684,-0.016218554,1014914833203240
0.023212746,-0.031283952,-0.016218554,1014914835661053
0.023212746,-0.030062221,-0.016218554,1014914838119959
0.019547556,-0.030062221,-0.016218554,1014914840578292
0.017104097,-0.027618766,-0.013775095,1014914843036261
0.013438909,-0.026397035,-0.013775095,1014914845492928
0.0073302602,-0.021510117,-0.012553364,1014914847947355
0.0012216112,-0.015401471,-0.013775095,1014914850409907
-0.0036653066,-0.009292826,-0.013775095,1014914852866678
-0.0085522225,-7.407181E-4,-0.013775095,1014914855325011
-0.009773952,0.0065896586,-0.013775095,1014914857783449
-0.010995681,0.013920035,-0.011331636,1014914860241626
-0.009773952,0.018806953,-0.008888178,1014914862695167
-0.009773952,0.02369387,-0.0076664463,1014914865151938
-0.0061087636,0.027359061,-0.00400126,1014914867615220
-0.004887034,0.03224598,-0.0027795285,1014914870073501
-1.1641532E-7,0.037132896,8.8565797E-4,1014914872530376
0.0036650738,0.038354624,0.0033291169,1014914874988345
0.0073302602,0.038354624,0.008216035,1014914877447042
0.012217178,0.037132896,0.014324682,1014914879905272
0.015882365,0.03224598,0.020433329,1014914882362459
0.019547556,0.027359061,0.02409852,1014914884815532
0.020769283,0.024915598,0.027763706,1014914887278865
0.023212746,0.022472143,0.030207165,1014914889736990
0.021991014,0.020028682,0.035094082,1014914892193917
0.020769283,0.016363494,0.038759273,1014914894651886
0.017104097,0.015141765,0.041202728,1014914897110688
0.014660637,0.011476576,0.04364619,1014914899568449
0.012217178,0.009033117,0.04364619,1014914902025949
0.0073302602,0.0041461997,0.044867918,1014914904483605
0.0048868014,4.8100948E-4,0.04364619,1014914906937928
0.0012216112,-0.0068493634,0.04242446,1014914909400636
-0.0036653066,-0.011736281,0.041202728,1014914911853240
-0.0061087636,-0.019066662,0.04242446,1014914914315480
-0.009773952,-0.02517531,0.041202728,1014914916774126
-0.01343914,-0.030062221,0.03631581,1014914919232355
-0.012217411,-0.033727415,0.03631581,1014914921689699
-0.012217411,-0.034949146,0.033872355,1014914924147199
-0.01466087,-0.041057788,0.032650623,1014914926606053
-0.01466087,-0.04227952,0.031428892,1014914929063865
-0.012217411,-0.04227952,0.031428892,1014914931522251
-0.010995681,-0.04350125,0.031428892,1014914933978970
-0.009773952,-0.04227952,0.030207165,1014914936437772
-0.0061087636,-0.04227952,0.028985437,1014914938896313
-0.0024435753,-0.04227952,0.027763706,1014914941353345
0.0024433425,-0.039836057,0.026541974,1014914943811001
0.008551992,-0.038614333,0.025320247,1014914946270115
0.013438909,-0.03617087,0.02409852,1014914948723084
0.019547556,-0.034949146,0.02409852,1014914951185167
0.025656201,-0.030062221,0.02409852,1014914953642511
0.03176485,-0.02395358,0.02409852,1014914956101886
0.034208313,-0.016623199,0.021655058,1014914958555115
0.039095223,-0.011736281,0.0192116,1014914961011990
0.045203872,-0.003184177,0.020433329,1014914963474647
0.05131252,0.0017027408,0.01798987,1014914965928553
0.05619944,0.00781139,0.01676814,1014914968388970
0.05619944,0.013920035,0.01676814,1014914970848136
0.05742117,0.018806953,0.01676814,1014914973306157
0.05619944,0.024915598,0.01676814,1014914975764803
0.052534252,0.029802516,0.014324682,1014914978218917
0.045203872,0.031024247,0.011881223,1014914980680584
0.042760417,0.034689434,0.0106594935,1014914983138970
0.036651768,0.034689434,0.0106594935,1014914985596626
0.030543119,0.03224598,0.009437764,1014914988054647
0.024434473,0.028580789,0.0057725757,1014914990512042
0.019547556,0.022472143,0.0045508444,1014914992970063
0.013438909,0.017585224,8.8565797E-4,1014914995428501
0.0073302602,0.012698308,-0.0015578009,1014914997886313
0.0012216112,0.0065896586,-0.0064447187,1014915000344803
-0.0061087636,0.0017027408,-0.010109909,1014915002801990
-0.010995681,-0.0044059083,-0.013775095,1014915005255740
-0.01466087,-0.009292826,-0.016218554,1014915007718397
-0.019547787,-0.016623199,-0.018662013,1014915010170636
-0.019547787,-0.02517531,-0.018662013,1014915012633240
-0.023212973,-0.030062221,-0.017440282,1014915015092042
-0.024434704,-0.03617087,-0.017440282,1014915017550220
-0.025656436,-0.041057788,-0.018662013,1014915020007876
-0.02809989,-0.041057788,-0.019883744,1014915022466053
-0.029321622,-0.04350125,-0.021105472,1014915024919438
-0.030543353,-0.047166437,-0.019883744,1014915027382042
-0.03176508,-0.050831623,-0.021105472,1014915029838761
-0.03298681,-0.053275086,-0.019883744,1014915032296886
-0.03420854,-0.05571854,-0.018662013,1014915034755532
-0.03420854,-0.058162004,-0.017440282,1014915037213553
-0.036652,-0.06060546,-0.013775095,1014915039670584
-0.037873726,-0.06304892,-0.010109909,1014915042128709
-0.036652,-0.06427065,-0.008888178,1014915044587355
-0.03543027,-0.06304892,-0.0076664463,1014915047045376
-0.03543027,-0.06182719,-0.005222991,1014915049502615
-0.03543027,-0.058162004,-0.0027795285,1014915051960688
-0.03420854,-0.054496817,-0.0027795285,1014915054419126
-0.03176508,-0.049609892,-0.0027795285,1014915056877042
-0.026878163,-0.045944706,-0.0027795285,1014915059330220
-0.021991245,-0.041057788,-0.0015578009,1014915061788032
-0.0158826,-0.038614333,-0.0015578009,1014915064245740
-0.010995681,-0.033727415,-3.3607334E-4,1014915066703449
-0.0036653066,-0.027618766,-3.3607334E-4,1014915069161157
0.0012216112,-0.021510117,-3.3607334E-4,1014915071618865
0.006108529,-0.014179744,-3.3607334E-4,1014915074076574
0.010995447,-0.0068493634,8.8565797E-4,1014915076534282
0.014660637,-7.407181E-4,8.8565797E-4,1014915078991990
0.017104097,0.0017027408,8.8565797E-4,1014915081449699
0.020769283,0.002924472,0.0021073893,1014915083907407
0.023212746,0.0041461997,0.0033291169,1014915086365115
0.023212746,0.0065896586,0.0045508444,1014915088822824
0.021991014,0.00781139,0.0033291169,1014915091280532
0.020769283,0.010254845,0.0057725757,1014915093738240
0.018325828,0.016363494,0.006994307,1014915096195949
0.015882365,0.017585224,0.0057725757,1014915098653657
0.013438909,0.020028682,0.006994307,1014915101111365
0.012217178,0.018806953,0.0057725757,1014915103569074
0.010995447,0.017585224,0.006994307,1014915106031730
0.009773719,0.012698308,0.006994307,1014915108490063
0.010995447,0.009033117,0.008216035,1014915110948970
0.008551992,0.0041461997,0.0106594935,1014915113409855
0.008551992,4.8100948E-4,0.015546411,1014915115867667
0.0073302602,-0.0044059083,0.020433329,1014915118324907
0.0073302602,-0.0068493634,0.022876788,1014915120782824
0.008551992,-0.009292826,0.025320247,1014915123241886
0.012217178,-0.0129580125,0.027763706,1014915125699490
0.014660637,-0.020288385,0.028985437,1014915128156990
0.019547556,-0.027618766,0.028985437,1014915130615063
0.024434473,-0.034949146,0.028985437,1014915133073449
0.024434473,-0.041057788,0.027763706,1014915135531417
0.025656201,-0.047166437,0.026541974,1014915137988917
0.023212746,-0.050831623,0.022876788,1014915140446365
0.023212746,-0.053275086,0.0192116,1014915142905636
0.018325828,-0.056940272,0.013102952,1014915145363136
0.017104097,-0.059383728,0.008216035,1014915147820584
0.015882365,-0.06304892,0.0021073893,1014915150278605
0.013438909,-0.06182719,-3.3607334E-4,1014915152737199
0.013438909,-0.058162004,-0.0027795285,1014915155195220
0.013438909,-0.053275086,-0.005222991,1014915157651990
0.013438909,-0.04838817,-0.0064447187,1014915160110272
0.014660637,-0.038614333,-0.0064447187,1014915162569022
0.013438909,-0.031283952,-0.0076664463,1014915165027095
0.014660637,-0.02517531,-0.0064447187,1014915167483865
0.015882365,-0.019066662,-0.0064447187,1014915169937459
0.018325828,-0.014179744,-0.005222991,1014915172400636
0.021991014,-0.009292826,-0.00400126,1014915174858397
0.025656201,-0.005627636,-0.0027795285,1014915177315740
0.030543119,-0.005627636,-0.0015578009,1014915179773449
0.036651768,-0.005627636,-3.3607334E-4,1014915182232720
0.040316954,-0.0068493634,-3.3607334E-4,1014915184690324
0.046425603,-0.010514554,0.0021073893,1014915187147407
0.05009079,-0.015401471,0.0021073893,1014915189605272
0.053755984,-0.019066662,0.0033291169,1014915192064178
0.05619944,-0.020288385,0.0021073893,1014915194522042
0.054977708,-0.020288385,0.0033291169,1014915196979542
0.05131252,-0.020288385,0.0033291169,1014915199434751
0.04398215,-0.019066662,0.0033291169,1014915201897407
0.041538686,-0.021510117,0.0033291169,1014915204353813
0.035430036,-0.020288385,0.0033291169,1014915206810949
0.030543119,-0.020288385,0.0021073893,1014915209264751
0.025656201,-0.020288385,0.0045508444,1014915211728084
0.021991014,-0.01784493,0.0045508444,1014915214186001
0.018325828,-0.016623199,0.006994307,1014915216643032
0.014660637,-0.014179744,0.009437764,1014915219100792
0.013438909,-0.011736281,0.013102952,1014915221559907
0.010995447,-0.009292826,0.01676814,1014915224017824
0.010995447,-0.0068493634,0.01798987,1014915226474542
0.010995447,-0.005627636,0.0192116,1014915228927928
0.012217178,-0.0044059083,0.01798987,1014915231391313
0.013438909,-0.005627636,0.0192116,1014915233849126
0.015882365,-0.008071095,0.01676814,1014915236306365
0.017104097,-0.009292826,0.013102952,1014915238760115
0.020769283,-0.010514554,0.011881223,1014915241225011
0.023212746,-0.014179744,0.011881223,1014915243681001
0.025656201,-0.016623199,0.008216035,1014915246138605
0.028099664,-0.019066662,0.0045508444,1014915248591782
0.030543119,-0.019066662,0.0033291169,1014915251051313
0.03176485,-0.01784493,-3.3607334E-4,1014915253512824
0.034208313,-0.016623199,-0.0027795285,1014915255965532
0.036651768,-0.011736281,-0.00400126,1014915258423605
0.039095223,-0.0068493634,-0.0027795285,1014915260886730
0.041538686,-0.005627636,-0.00400126,1014915263340584
0.042760417,-0.003184177,-0.005222991,1014915265797095
0.042760417,-7.407181E-4,-0.0027795285,1014915268255845
0.041538686,4.8100948E-4,-0.0015578009,1014915270718449
0.042760417,0.002924472,-3.3607334E-4,1014915273176470
0.042760417,0.0053679273,8.8565797E-4,1014915275633501
0.042760417,0.009033117,8.8565797E-4,1014915278091522
0.041538686,0.011476576,0.0045508444,1014915280550272
0.040316954,0.016363494,0.0057725757,1014915283008501
0.036651768,0.020028682,0.0045508444,1014915285465324
0.035430036,0.022472143,0.0057725757,1014915287918657
0.030543119,0.02613733,0.006994307,1014915290382042
0.026877932,0.027359061,0.006994307,1014915292839855
0.023212746,0.027359061,0.006994307,1014915295297459
0.023212746,0.022472143,0.008216035,1014915297750688
0.020769283,0.021250412,0.006994307,1014915300214282
0.018325828,0.018806953,0.009437764,1014915302672615
0.014660637,0.016363494,0.006994307,1014915305128917
0.012217178,0.012698308,0.0057725757,1014915307586782
0.008551992,0.010254845,0.0033291169,1014915310045636
0.0036650738,0.0053679273,8.8565797E-4,1014915312503553
-0.001221844,0.0017027408,-0.0015578009,1014915314960688
-0.0085522225,4.8100948E-4,-0.0027795285,1014915317418917
-0.017104328,-0.003184177,-0.005222991,1014915319877355
-0.025656436,-0.0044059083,-0.008888178,1014915322335376
-0.03420854,-0.008071095,-0.012553364,1014915324792407
-0.041538917,-0.009292826,-0.013775095,1014915327250480
-0.045204107,-0.014179744,-0.018662013,1014915329709647
-0.048869293,-0.021510117,-0.021105472,1014915332167511
-0.048869293,-0.027618766,-0.0223272,1014915334624595
-0.048869293,-0.033727415,-0.02354893,1014915337082251
-0.047647562,-0.039836057,-0.025992386,1014915339541365
-0.043982375,-0.045944706,-0.025992386,1014915341999230
-0.037873726,-0.049609892,-0.02965758,1014915344456053
-0.029321622,-0.050831623,-0.02965758,1014915346914126
-0.020769518,-0.054496817,-0.02965758,1014915349373292
-0.012217411,-0.054496817,-0.02965758,1014915351830636
-0.0036653066,-0.056940272,-0.033322766,1014915354287772
0.0048868014,-0.059383728,-0.034544498,1014915356745740
0.009773719,-0.06182719,-0.03576622,1014915359205272
0.013438909,-0.06304892,-0.039431415,1014915361662980
0.015882365,-0.06427065,-0.043096602,1014915364119647
0.019547556,-0.06427065,-0.044318333,1014915366577824
0.017104097,-0.06182719,-0.045540057,1014915369036365
0.017104097,-0.06060546,-0.043096602,1014915371494803
0.018325828,-0.056940272,-0.04187487,1014915373946938
0.018325828,-0.053275086,-0.039431415,1014915376409699
0.018325828,-0.047166437,-0.038209684,1014915378868188
0.015882365,-0.038614333,-0.034544498,1014915381326470
0.013438909,-0.028840497,-0.033322766,1014915383783136
0.010995447,-0.020288385,-0.034544498,1014915386241990
0.0073302602,-0.010514554,-0.033322766,1014915388695845
0.0048868014,4.8100948E-4,-0.032101035,1014915391158709
-0.001221844,0.010254845,-0.030879311,1014915393614959
-0.0036653066,0.018806953,-0.030879311,1014915396073397
-0.0061087636,0.028580789,-0.02965758,1014915398527303
-0.007330493,0.038354624,-0.027214117,1014915400985480
-0.007330493,0.045685,-0.024770662,1014915403447042
-0.007330493,0.049350187,-0.0223272,1014915405904699
-0.007330493,0.054237105,-0.018662013,1014915408359282
-0.0061087636,0.053015374,-0.016218554,1014915410821417
-0.0024435753,0.054237105,-0.013775095,1014915413275063
-1.1641532E-7,0.053015374,-0.011331636,1014915415736522
0.0024433425,0.054237105,-0.010109909,1014915418190740
0.0048868014,0.053015374,-0.0076664463,1014915420653345
0.0048868014,0.049350187,-0.0064447187,1014915423110428
0.0048868014,0.04812846,-0.0064447187,1014915425568240
0.0073302602,0.04812846,-0.0064447187,1014915428027147
0.0073302602,0.04446327,-0.005222991,1014915430485011
0.009773719,0.040798083,-0.00400126,1014915432937667
0.012217178,0.035911165,-0.0064447187,1014915435400167
0.013438909,0.028580789,-0.00400126,1014915437854282
0.017104097,0.020028682,-0.00400126,1014915440316782
0.020769283,0.011476576,-3.3607334E-4,1014915442774178
0.021991014,4.8100948E-4,8.8565797E-4,1014915445231938
0.023212746,-0.011736281,8.8565797E-4,1014915447690688
0.020769283,-0.020288385,-0.0015578009,1014915450145272
0.014660637,-0.02517531,-0.0027795285,1014915452605740
0.009773719,-0.031283952,-0.00400126,1014915455063813
0.0036650738,-0.03617087,-0.0064447187,1014915457522459
-0.0036653066,-0.04350125,-0.011331636,1014915459980740
-0.009773952,-0.04838817,-0.012553364,1014915462433761
-0.01466087,-0.05571854,-0.016218554,1014915464893553
-0.018326059,-0.06060546,-0.018662013,1014915467354699
-0.021991245,-0.06549238,-0.021105472,1014915469812824
-0.024434704,-0.06671411,-0.021105472,1014915472269699
-0.025656436,-0.06793584,-0.021105472,1014915474727303
-0.024434704,-0.06671411,-0.02354893,1014915477186157
-0.019547787,-0.06671411,-0.02354893,1014915479644386
-0.018326059,-0.06549238,-0.024770662,1014915482101470
-0.01343914,-0.06427065,-0.025992386,1014915484559126
-0.010995681,-0.06304892,-0.025992386,1014915487017928
-0.0061087636,-0.06060546,-0.028435849,1014915489475740
-0.001221844,-0.05571854,-0.028435849,1014915491928397
0.0024433425,-0.049609892,-0.030879311,1014915494391053
0.0048868014,-0.04472298,-0.033322766,1014915496850115
0.0073302602,-0.04227952,-0.034544498,1014915499307615
0.008551992,-0.033727415,-0.034544498,1014915501765167
0.010995447,-0.02395358,-0.033322766,1014915504222720
0.015882365,-0.0129580125,-0.032101035,1014915506681522
0.015882365,4.8100948E-4,-0.032101035,1014915509139699
0.018325828,0.011476576,-0.02965758,1014915511596834
0.021991014,0.021250412,-0.02965758,1014915514054542
0.025656201,0.028580789,-0.028435849,1014915516513657
0.028099664,0.034689434,-0.025992386,1014915518971365
0.03176485,0.040798083,-0.025992386,1014915521428970
0.03176485,0.049350187,-0.024770662,1014915523886730
0.03176485,0.055458836,-0.025992386,1014915526345636
0.034208313,0.060345754,-0.025992386,1014915528803397
0.03298658,0.06401094,-0.025992386,1014915531260480
0.03298658,0.06401094,-0.025992386,1014915533718136
0.03298658,0.060345754,-0.024770662,1014915536177355
0.03176485,0.054237105,-0.025992386,1014915538630272
0.03176485,0.045685,-0.025992386,1014915541087928
0.030543119,0.034689434,-0.025992386,1014915543550167
0.029321387,0.024915598,-0.02965758,1014915546004178
0.026877932,0.012698308,-0.033322766,1014915548462303
0.024434473,0.002924472,-0.036987953,1014915550919178
0.020769283,-0.0068493634,-0.040653147,1014915553381782
0.020769283,-0.014179744,-0.043096602,1014915555840480
0.020769283,-0.022731848,-0.045540057,1014915558294386
0.019547556,-0.030062221,-0.04920525,1014915560755532
0.018325828,-0.03617087,-0.04920525,1014915563214282
0.018325828,-0.041057788,-0.051648706,1014915565672251
0.019547556,-0.047166437,-0.051648706,1014915568130532
0.020769283,-0.054496817,-0.051648706,1014915570587251
0.019547556,-0.06182719,-0.050426982,1014915573045636
0.018325828,-0.06671411,-0.052870438,1014915575504126
0.017104097,-0.06915756,-0.05409217,1014915577961990
0.017104097,-0.06915756,-0.051648706,1014915580419126
0.014660637,-0.06793584,-0.052870438,1014915582877615
0.015882365,-0.06671411,-0.050426982,1014915585335897
0.019547556,-0.06549238,-0.04920525,1014915587794022
0.023212746,-0.06182719,-0.04676179,1014915590251105
0.024434473,-0.05571854,-0.044318333,1014915592709282
0.026877932,-0.049609892,-0.040653147,1014915595167772
0.03176485,-0.04472298,-0.036987953,1014915597625532
0.036651768,-0.03617087,-0.032101035,1014915600082772
0.039095223,-0.028840497,-0.02965758,1014915602541730
0.042760417,-0.021510117,-0.027214117,1014915604999438
0.04398215,-0.0129580125,-0.02354893,1014915607457459
0.046425603,-0.0044059083,-0.018662013,1014915609914490
0.046425603,0.002924472,-0.016218554,1014915612372563
0.05009079,0.009033117,-0.012553364,1014915614831261
0.05009079,0.015141765,-0.010109909,1014915617284803
0.052534252,0.018806953,-0.008888178,1014915619745428
0.052534252,0.021250412,-0.0076664463,1014915622204803
0.05131252,0.022472143,-0.00400126,1014915624663449
0.05131252,0.022472143,-0.0064447187,1014915627121001
0.05009079,0.018806953,-0.0064447187,1014915629578605
0.05009079,0.017585224,-0.005222991,1014915632036105
0.04886906,0.012698308,-0.0076664463,1014915634494907
0.047647335,0.011476576,-0.008888178,1014915636955376
0.046425603,0.010254845,-0.005222991,1014915639409959
0.04398215,0.010254845,-0.0064447187,1014915641869282
0.041538686,0.009033117,-0.0064447187,1014915644326626
0.039095223,0.010254845,-0.0064447187,1014915646784595
0.039095223,0.00781139,-0.0076664463,1014915649241626
0.040316954,0.0065896586,-0.010109909,1014915651700063
0.0378735,0.0041461997,-0.011331636,1014915654158501
0.039095223,-7.407181E-4,-0.014996827,1014915656616522
0.040316954,-0.0044059083,-0.016218554,1014915659073553
0.040316954,-0.0068493634,-0.017440282,1014915661531782
0.041538686,-0.005627636,-0.017440282,1014915663986105
0.040316954,-0.0044059083,-0.018662013,1014915666448917
0.0378735,-0.003184177,-0.017440282,1014915668905636
0.039095223,-0.0019624457,-0.014996827,1014915671364178
0.040316954,4.8100948E-4,-0.017440282,1014915673822042
0.041538686,0.002924472,-0.016218554,1014915676280740
0.040316954,0.0041461997,-0.016218554,1014915678732511
0.041538686,0.00781139,-0.014996827,1014915681195845
0.042760417,0.009033117,-0.014996827,1014915683654490
0.045203872,0.0065896586,-0.010109909,1014915686111834
0.04398215,0.002924472,-0.010109909,1014915688564334
0.04398215,-0.0019624457,-0.010109909,1014915691024386
0.042760417,-0.0068493634,-0.0076664463,1014915693485688
0.039095223,-0.010514554,-0.0064447187,1014915695939126
0.034208313,-0.015401471,-0.005222991,1014915698396417
0.03176485,-0.021510117,-0.0015578009,1014915700858657
0.029321387,-0.02517531,-3.3607334E-4,1014915703317928
0.023212746,-0.030062221,0.0021073893,1014915705775324
0.021991014,-0.03617087,0.0057725757,1014915708229022
0.019547556,-0.038614333,0.006994307,1014915710690740
0.017104097,-0.04227952,0.011881223,1014915713149282
0.014660637,-0.049609892,0.015546411,1014915715607251
0.014660637,-0.056940272,0.020433329,1014915718064386
0.010995447,-0.06304892,0.026541974,1014915720522355
0.006108529,-0.06793584,0.031428892,1014915722981365
-1.1641532E-7,-0.07282276,0.03631581,1014915725438970
-0.007330493,-0.07648794,0.041202728,1014915727896105
-0.0158826,-0.077709675,0.046089645,1014915730354178
-0.024434704,-0.077709675,0.049754836,1014915732812824
-0.03176508,-0.07648794,0.054641757,1014915735270845
-0.03543027,-0.07526621,0.059528667,1014915737727928
-0.039095458,-0.071601026,0.06319386,1014915740186261
-0.041538917,-0.070379294,0.06808078,1014915742644855
-0.043982375,-0.06671411,0.07296769,1014915745102615
-0.041538917,-0.06182719,0.0778546,1014915747559647
-0.041538917,-0.056940272,0.0815198,1014915750018084
-0.039095458,-0.050831623,0.08518499,1014915752476522
-0.03543027,-0.045944706,0.08762844,1014915754929855
-0.03176508,-0.039836057,0.09129363,1014915757391574
-0.02809989,-0.0373926,0.09129363,1014915759845272
-0.023212973,-0.034949146,0.09129363,1014915762308553
-0.019547787,-0.027618766,0.09129363,1014915764766105
-0.01466087,-0.02395358,0.08885017,1014915767223605
-0.009773952,-0.020288385,0.08640672,1014915769681938
-0.004887034,-0.016623199,0.0815198,1014915772140115
0.0036650738,-0.014179744,0.07663289,1014915774597980
0.010995447,-0.011736281,0.07296769,1014915777055167
0.015882365,-0.009292826,0.0693025,1014915779513345
0.026877932,-0.0068493634,0.06563732,1014915781972199
0.03298658,-0.0044059083,0.06197213,1014915784429803
0.040316954,-0.0019624457,0.05586348,1014915786886886
0.045203872,-7.407181E-4,0.052198295,1014915789344803
0.047647335,-7.407181E-4,0.044867918,1014915791803605
0.05009079,0.0017027408,0.03753754,1014915794261678
0.052534252,0.0053679273,0.027763706,1014915796718657
0.054977708,0.00781139,0.022876788,1014915799176938
0.05619944,0.009033117,0.0192116,1014915801636209
0.05619944,0.010254845,0.01676814,1014915804093761
0.058642894,0.012698308,0.014324682,1014915806550949
0.059864625,0.011476576,0.014324682,1014915809008553
0.05742117,0.0053679273,0.013102952,1014915811467876
0.054977708,0.002924472,0.014324682,1014915813922042
0.05131252,0.0017027408,0.014324682,1014915816383032
0.046425603,-0.0019624457,0.015546411,1014915818836209
0.042760417,-0.003184177,0.01676814,1014915821296105
0.035430036,-0.0068493634,0.0192116,1014915823757251
0.03298658,-0.011736281,0.020433329,1014915826214751
0.029321387,-0.016623199,0.02409852,1014915828667511
0.025656201,-0.019066662,0.026541974,1014915831131782
0.020769283,-0.021510117,0.031428892,1014915833588813
0.015882365,-0.02517531,0.03631581,1014915836046313
0.012217178,-0.02517531,0.039981,1014915838499490
0.009773719,-0.02517531,0.044867918,1014915840958240
0.006108529,-0.026397035,0.047311377,1014915843420897
0.0036650738,-0.02517531,0.049754836,1014915845877720
0.0012216112,-0.022731848,0.053420026,1014915848334438
-0.001221844,-0.020288385,0.05586348,1014915850794542
-1.1641532E-7,-0.021510117,0.05586348,1014915853252511
0.0012216112,-0.019066662,0.058306944,1014915855709490
0.0012216112,-0.015401471,0.0607504,1014915858167980
0.0024433425,-0.0129580125,0.0607504,1014915860626261
0.0048868014,-0.0129580125,0.059528667,1014915863080011
0.006108529,-0.011736281,0.059528667,1014915865546209
0.008551992,-0.0129580125,0.05586348,1014915867999334
0.0073302602,-0.015401471,0.050976563,1014915870458397
0.008551992,-0.014179744,0.047311377,1014915872916053
0.0073302602,-0.0129580125,0.039981,1014915875373188
0.0073302602,-0.008071095,0.03631581,1014915877831053
0.008551992,-0.003184177,0.031428892,1014915880289855
0.013438909,-0.003184177,0.027763706,1014915882748084
0.012217178,4.8100948E-4,0.021655058,1014915885205324
0.015882365,0.002924472,0.020433329,1014915887662928
0.019547556,0.0065896586,0.015546411,1014915890121938
0.021991014,0.010254845,0.013102952,1014915892579699
0.026877932,0.011476576,0.011881223,1014915895036834
0.030543119,0.013920035,0.009437764,1014915897494699
0.03176485,0.017585224,0.008216035,1014915899949230
0.03176485,0.017585224,0.0045508444,1014915902411782
0.03298658,0.018806953,0.0033291169,1014915904868553
0.03176485,0.022472143,8.8565797E-4,1014915907326626
0.03176485,0.024915598,-3.3607334E-4,1014915909785584
0.03176485,0.024915598,-0.0015578009,1014915912243605
0.03176485,0.02613733,-3.3607334E-4,1014915914700324
0.034208313,0.028580789,8.8565797E-4,1014915917158449
0.036651768,0.028580789,8.8565797E-4,1014915919617147
0.040316954,0.027359061,0.0021073893,1014915922075167
0.042760417,0.027359061,0.0045508444,1014915924532147
0.045203872,0.02613733,0.006994307,1014915926990272
0.047647335,0.02369387,0.009437764,1014915929449178
0.047647335,0.022472143,0.011881223,1014915931907147
0.046425603,0.018806953,0.011881223,1014915934364022
0.045203872,0.015141765,0.015546411,1014915936821938
0.045203872,0.012698308,0.0192116,1014915939281053
0.041538686,0.009033117,0.022876788,1014915941738917
0.039095223,0.009033117,0.022876788,1014915944196365
0.036651768,0.0065896586,0.026541974,1014915946653970
0.034208313,0.0041461997,0.026541974,1014915949112824
0.03176485,4.8100948E-4,0.027763706,1014915951570688
0.028099664,-0.0019624457,0.027763706,1014915954027667
0.023212746,-0.003184177,0.028985437,1014915956485636
0.019547556,-0.008071095,0.027763706,1014915958939855
0.014660637,-0.014179744,0.025320247,1014915961403136
0.008551992,-0.019066662,0.02409852,1014915963859386
-0.001221844,-0.02517531,0.020433329,1014915966318032
-0.012217411,-0.026397035,0.020433329,1014915968771886
-0.021991245,-0.028840497,0.020433329,1014915971234490
-0.029321622,-0.028840497,0.0192116,1014915973691157
-0.036652,-0.027618766,0.01798987,1014915976149595
-0.041538917,-0.030062221,0.0192116,1014915978603761
-0.045204107,-0.030062221,0.01798987,1014915981061990
-0.046425834,-0.028840497,0.01676814,1014915983523761
-0.047647562,-0.028840497,0.015546411,1014915985976886
-0.047647562,-0.02517531,0.015546411,1014915988435480
-0.046425834,-0.02395358,0.014324682,1014915990897667
-0.043982375,-0.01784493,0.014324682,1014915993354855
-0.04031719,-0.011736281,0.013102952,1014915995812720
-0.036652,-0.0044059083,0.013102952,1014915998268032
-0.03298681,0.0041461997,0.011881223,1014916000729595
-0.02809989,0.011476576,0.011881223,1014916003187876
-0.023212973,0.016363494,0.011881223,1014916005644907
-0.019547787,0.024915598,0.011881223,1014916008103449
-0.01466087,0.03224598,0.008216035,1014916010561626
-0.010995681,0.038354624,0.0057725757,1014916013018813
-0.007330493,0.04324154,0.0045508444,1014916015476470
-0.0036653066,0.04812846,0.0045508444,1014916017930688
-1.1641532E-7,0.053015374,8.8565797E-4,1014916020393449
0.0048868014,0.055458836,-3.3607334E-4,1014916022850480
0.009773719,0.056680568,-0.0015578009,1014916025304647
0.014660637,0.0579023,-0.0015578009,1014916027767251
0.017104097,0.059124023,-0.0027795285,1014916030220949
0.020769283,0.059124023,-0.0027795285,1014916032682095
0.023212746,0.0579023,-0.00400126,1014916035140063
0.024434473,0.0579023,-0.0076664463,1014916037598761
0.023212746,0.0579023,-0.010109909,1014916040052407
0.023212746,0.055458836,-0.013775095,1014916042514438
0.018325828,0.055458836,-0.016218554,1014916044971886
0.017104097,0.053015374,-0.016218554,1014916047431001
0.010995447,0.045685,-0.017440282,1014916049888501
0.0048868014,0.038354624,-0.019883744,1014916052345740
-0.0024435753,0.03224598,-0.019883744,1014916054803709
-0.009773952,0.029802516,-0.018662013,1014916057262511
-0.018326059,0.024915598,-0.019883744,1014916059720688
-0.026878163,0.02613733,-0.018662013,1014916062173605
-0.029321622,0.027359061,-0.017440282,1014916064630897
-0.03176508,0.028580789,-0.014996827,1014916067094334
-0.03420854,0.018806953,-0.013775095,1014916069552095
-0.03420854,0.0065896586,-0.008888178,1014916072009647
-0.036652,4.8100948E-4,-0.005222991,1014916074467251
-0.039095458,4.8100948E-4,-0.0027795285,1014916076923917
-0.043982375,0.002924472,0.0021073893,1014916079384490
-0.045204107,0.0065896586,0.0057725757,1014916081841417
-0.046425834,0.011476576,0.006994307,1014916084299126
-0.045204107,0.015141765,0.009437764,1014916086757824
-0.042760644,0.015141765,0.0106594935,1014916089215740
-0.039095458,0.016363494,0.013102952,1014916091672928
-0.030543353,0.016363494,0.01676814,1014916094130949
-0.020769518,0.017585224,0.0192116,1014916096589751
-0.009773952,0.021250412,0.021655058,1014916099047615
0.0024433425,0.029802516,0.02409852,1014916101505480
0.013438909,0.038354624,0.026541974,1014916103962772
0.023212746,0.045685,0.027763706,1014916106421938
0.030543119,0.054237105,0.031428892,1014916108879438
0.035430036,0.060345754,0.030207165,1014916111336990
0.039095223,0.06278921,0.031428892,1014916113794490
0.039095223,0.06278921,0.032650623,1014916116253813
0.036651768,0.06278921,0.03631581,1014916118706626
0.03176485,0.061567485,0.03753754,1014916121169699
0.025656201,0.056680568,0.04242446,1014916123626522
0.015882365,0.05179365,0.04364619,1014916126085480
0.008551992,0.04446327,0.048533108,1014916128538449
-0.001221844,0.03957635,0.050976563,1014916130996157
-0.007330493,0.033467706,0.050976563,1014916133458240
-0.012217411,0.027359061,0.053420026,1014916135916209
-0.017104328,0.018806953,0.053420026,1014916138370480
-0.019547787,0.00781139,0.053420026,1014916140832251
-0.021991245,4.8100948E-4,0.053420026,1014916143290011
-0.021991245,-0.010514554,0.052198295,1014916145748761
-0.023212973,-0.020288385,0.050976563,1014916148208240
-0.024434704,-0.030062221,0.050976563,1014916150663761
-0.025656436,-0.038614333,0.052198295,1014916153121886
-0.025656436,-0.045944706,0.052198295,1014916155580845
-0.024434704,-0.054496817,0.052198295,1014916158038501
-0.026878163,-0.059383728,0.053420026,1014916160495845
-0.025656436,-0.06427065,0.053420026,1014916162955792
-0.026878163,-0.06915756,0.053420026,1014916165412355
-0.026878163,-0.071601026,0.053420026,1014916167865688
-0.02809989,-0.07282276,0.052198295,1014916170328240
-0.026878163,-0.07282276,0.052198295,1014916172785584
-0.026878163,-0.071601026,0.052198295,1014916175244230
-0.026878163,-0.06915756,0.052198295,1014916177702095
-0.02809989,-0.06671411,0.050976563,1014916180159178
-0.025656436,-0.06671411,0.048533108,1014916182617563
-0.024434704,-0.06182719,0.048533108,1014916185076053
-0.023212973,-0.054496817,0.046089645,1014916187533917
-0.019547787,-0.047166437,0.044867918,1014916189986522
-0.0158826,-0.038614333,0.04242446,1014916192449126
-0.009773952,-0.031283952,0.039981,1014916194907876
-0.004887034,-0.022731848,0.03753754,1014916197366157
0.0024433425,-0.015401471,0.03631581,1014916199822824
0.008551992,-0.0068493634,0.035094082,1014916202276261
0.013438909,0.002924472,0.032650623,1014916204739855
0.018325828,0.011476576,0.031428892,1014916207197615
0.023212746,0.020028682,0.027763706,1014916209654647
0.03176485,0.02613733,0.02409852,1014916212112772
0.036651768,0.033467706,0.020433329,1014916214571470
0.042760417,0.037132896,0.015546411,1014916217029438
0.05131252,0.03957635,0.011881223,1014916219486730
0.05619944,0.04324154,0.008216035,1014916221951053
0.06352982,0.045685,0.0057725757,1014916224403240
0.065973274,0.046906732,0.0021073893,1014916226861105
0.07086019,0.04812846,8.8565797E-4,1014916229313813
0.07330365,0.045685,-0.0015578009,1014916231776678
0.07574711,0.045685,-0.0015578009,1014916234235115
0.07452538,0.04446327,-0.0015578009,1014916236692928
0.07574711,0.04324154,-3.3607334E-4,1014916239150324
0.07452538,0.042019814,8.8565797E-4,1014916241608605
0.07086019,0.038354624,0.0033291169,1014916244066938
0.06841673,0.034689434,0.0021073893,1014916246524907
0.062308088,0.028580789,0.0045508444,1014916248982303
0.05742117,0.022472143,0.008216035,1014916251440272
0.05009079,0.016363494,0.0106594935,1014916253898657
0.042760417,0.011476576,0.014324682,1014916256357147
0.034208313,0.0041461997,0.01676814,1014916258809178
0.028099664,-7.407181E-4,0.020433329,1014916261267667
0.020769283,-0.008071095,0.022876788,1014916263725376
0.013438909,-0.014179744,0.02409852,1014916266183084
0.0073302602,-0.019066662,0.02409852,1014916268640792
0.0048868014,-0.02517531,0.027763706,1014916271098501
-1.1641532E-7,-0.030062221,0.027763706,1014916273556209
-0.0024435753,-0.033727415,0.030207165,1014916276013917
-0.0036653066,-0.03617087,0.032650623,1014916278471626
-0.004887034,-0.0373926,0.035094082,1014916280929334
-0.0036653066,-0.039836057,0.03753754,1014916283387042
-0.0024435753,-0.04350125,0.038759273,1014916285844751
-0.0024435753,-0.045944706,0.039981,1014916288302459
-1.1641532E-7,-0.049609892,0.039981,1014916290760167
-1.1641532E-7,-0.053275086,0.038759273,1014916293217876
-0.001221844,-0.054496817,0.03631581,1014916295675584
-0.001221844,-0.054496817,0.03631581,1014916298133292
-0.001221844,-0.053275086,0.031428892,1014916300591001
0.0024433425,-0.052053355,0.027763706,1014916303053136
0.0036650738,-0.050831623,0.025320247,1014916305512303
0.0048868014,-0.049609892,0.022876788,1014916307973240
0.0048868014,-0.049609892,0.021655058,1014916310431261
0.0048868014,-0.04838817,0.0192116,1014916312889595
0.0048868014,-0.04472298,0.01676814,1014916315347563
0.0024433425,-0.04350125,0.013102952,1014916317804647
-1.1641532E-7,-0.04350125,0.0106594935,1014916320262876
-0.001221844,-0.03617087,0.008216035,1014916322721730
-0.0036653066,-0.033727415,0.0033291169,1014916325179386
-0.0024435753,-0.030062221,8.8565797E-4,1014916327636470
-0.0024435753,-0.026397035,-3.3607334E-4,1014916330094490
-0.001221844,-0.022731848,-0.0027795285,1014916332553501
0.0012216112,-0.020288385,-0.00400126,1014916335011209
0.0024433425,-0.016623199,-0.005222991,1014916337468292
0.0036650738,-0.011736281,-0.0064447187,1014916339923032
0.0048868014,-0.009292826,-0.0076664463,1014916342385272
0.0036650738,-0.005627636,-0.0076664463,1014916344843032
0.006108529,-7.407181E-4,-0.0064447187,1014916347300115
0.0036650738,0.0017027408,-0.0064447187,1014916349758032
0.0048868014,0.0041461997,-0.00400126,1014916352217511
0.006108529,0.0065896586,-0.0015578009,1014916354670115
0.0073302602,0.00781139,0.0021073893,1014916357132042
0.0073302602,0.00781139,0.0021073893,1014916359589855
0.008551992,0.010254845,0.0033291169,1014916362048761
0.010995447,0.012698308,0.0057725757,1014916364507303
0.010995447,0.015141765,0.008216035,1014916366963813
0.014660637,0.016363494,0.006994307,1014916369420584
0.017104097,0.018806953,0.008216035,1014916371880480
0.020769283,0.020028682,0.0106594935,1014916374338501
0.025656201,0.020028682,0.013102952,1014916376795532
0.029321387,0.017585224,0.01798987,1014916379255324
0.030543119,0.016363494,0.021655058,1014916381712355
0.03176485,0.017585224,0.025320247,1014916384170688
0.03176485,0.015141765,0.027763706,1014916386627407
0.03176485,0.012698308,0.027763706,1014916389085792
0.03176485,0.009033117,0.028985437,1014916391545220
0.03176485,0.0065896586,0.026541974,1014916394002459
0.03176485,-0.0019624457,0.026541974,1014916396460220
0.028099664,-0.016623199,0.028985437,1014916398916313
0.023212746,-0.031283952,0.032650623,1014916401377199
0.015882365,-0.039836057,0.035094082,1014916403829647
0.0073302602,-0.047166437,0.03631581,1014916406292042
-0.001221844,-0.052053355,0.03631581,1014916408744490
-0.0085522225,-0.056940272,0.03631581,1014916411208553
-0.01466087,-0.06427065,0.035094082,1014916413665688
-0.018326059,-0.06915756,0.035094082,1014916416123292
-0.023212973,-0.07404449,0.032650623,1014916418576782
-0.024434704,-0.0789314,0.030207165,1014916421035428
-0.025656436,-0.083818324,0.028985437,1014916423497615
-0.026878163,-0.0874835,0.027763706,1014916425951209
-0.026878163,-0.089926966,0.025320247,1014916428413084
-0.029321622,-0.089926966,0.025320247,1014916430871574
-0.02809989,-0.09359216,0.021655058,1014916433324855
-0.030543353,-0.09237043,0.0192116,1014916435786522
-0.029321622,-0.0911487,0.015546411,1014916438242407
-0.02809989,-0.089926966,0.014324682,1014916440703188
-0.026878163,-0.083818324,0.011881223,1014916443161574
-0.024434704,-0.077709675,0.008216035,1014916445618761
-0.021991245,-0.06915756,0.0045508444,1014916448076313
-0.017104328,-0.059383728,8.8565797E-4,1014916450535480
-0.01343914,-0.047166437,-0.0015578009,1014916452993032
-0.0085522225,-0.0373926,-0.0015578009,1014916455450220
-0.0024435753,-0.028840497,-0.00400126,1014916457908397
0.0048868014,-0.01784493,-0.005222991,1014916460366886
0.009773719,-0.008071095,-0.0064447187,1014916462821834
0.013438909,0.0017027408,-0.0076664463,1014916465278084
0.019547556,0.012698308,-0.005222991,1014916467740220
0.021991014,0.02369387,-0.00400126,1014916470199022
0.026877932,0.03224598,-0.0027795285,1014916472656574
0.030543119,0.042019814,-0.0027795285,1014916475113865
0.035430036,0.049350187,-0.0015578009,1014916477571730
0.042760417,0.056680568,8.8565797E-4,1014916480026157
0.05009079,0.061567485,0.0045508444,1014916482489022
0.058642894,0.06889786,0.011881223,1014916484941157
0.065973274,0.072563045,0.0192116,1014916487403605
0.07330365,0.073784776,0.02409852,1014916489862720
0.07941229,0.07134132,0.031428892,1014916492316209
0.08185575,0.067676134,0.03753754,1014916494777459
0.08185575,0.06401094,0.04242446,1014916497235845
0.07941229,0.06278921,0.047311377,1014916499694230
0.07941229,0.059124023,0.048533108,1014916502152147
0.07452538,0.054237105,0.050976563,1014916504604647
0.07330365,0.046906732,0.053420026,1014916507067303
0.06963846,0.038354624,0.054641757,1014916509526365
0.06475154,0.029802516,0.05586348,1014916511983970
0.061086357,0.015141765,0.057085212,1014916514441053
0.054977708,0.0065896586,0.058306944,1014916516899282
0.04886906,-0.0044059083,0.057085212,1014916519357824
0.04398215,-0.015401471,0.053420026,1014916521815740
0.039095223,-0.026397035,0.052198295,1014916524272980
0.034208313,-0.038614333,0.047311377,1014916526730792
0.028099664,-0.050831623,0.04242446,1014916529185740
0.024434473,-0.059383728,0.039981,1014916531647615
0.020769283,-0.06671411,0.03631581,1014916534105063
0.014660637,-0.071601026,0.033872355,1014916536562876
0.010995447,-0.07404449,0.031428892,1014916539020845
0.0073302602,-0.07648794,0.030207165,1014916541479490
0.0036650738,-0.07648794,0.027763706,1014916543932095
-1.1641532E-7,-0.07648794,0.025320247,1014916546395063
-0.0036653066,-0.07526621,0.022876788,1014916548849282
-0.0036653066,-0.07404449,0.020433329,1014916551311626
-0.004887034,-0.070379294,0.0192116,1014916553768345
-0.004887034,-0.06549238,0.01798987,1014916556226730
-0.0024435753,-0.056940272,0.01676814,1014916558686001
-0.0024435753,-0.04838817,0.014324682,1014916561143136
-1.1641532E-7,-0.039836057,0.015546411,1014916563600428
0.0024433425,-0.030062221,0.01676814,1014916566058657
0.0036650738,-0.019066662,0.01676814,1014916568512980
0.0048868014,-0.008071095,0.0192116,1014916570970480
0.006108529,0.0041461997,0.020433329,1014916573432042
0.0048868014,0.013920035,0.020433329,1014916575889959
0.0048868014,0.022472143,0.022876788,1014916578344490
0.0024433425,0.029802516,0.022876788,1014916580806730
0.0036650738,0.03224598,0.025320247,1014916583264230
0.0024433425,0.035911165,0.025320247,1014916585722199
0.006108529,0.035911165,0.027763706,1014916588176626
0.0073302602,0.038354624,0.027763706,1014916590639074
0.009773719,0.037132896,0.026541974,1014916593096105
0.014660637,0.037132896,0.026541974,1014916595553657
0.020769283,0.03224598,0.026541974,1014916598012511
0.025656201,0.033467706,0.026541974,1014916600470376
0.030543119,0.031024247,0.02409852,1014916602923240
0.035430036,0.029802516,0.022876788,1014916605385636
0.039095223,0.02613733,0.025320247,1014916607841053
0.04398215,0.022472143,0.022876788,1014916610302199
0.047647335,0.017585224,0.021655058,1014916612759282
0.05131252,0.012698308,0.020433329,1014916615217407
0.05131252,0.010254845,0.0192116,1014916617672772
0.047647335,0.00781139,0.020433329,1014916620134022
0.046425603,0.002924472,0.01798987,1014916622591157
0.042760417,-0.003184177,0.01676814,1014916625049178
0.039095223,-0.009292826,0.014324682,1014916627507980
0.034208313,-0.015401471,0.011881223,1014916629966886
0.026877932,-0.019066662,0.0106594935,1014916632423397
0.023212746,-0.020288385,0.008216035,1014916634880949
0.018325828,-0.021510117,0.0057725757,1014916637335792
0.014660637,-0.01784493,0.0033291169,1014916639797928
0.013438909,-0.014179744,0.0033291169,1014916642255324
0.013438909,-0.010514554,0.0033291169,1014916644712772
0.013438909,-0.009292826,0.0021073893,1014916647171626
0.017104097,-0.0129580125,8.8565797E-4,1014916649629438
0.020769283,-0.015401471,0.0033291169,1014916652086938
0.019547556,-0.016623199,0.006994307,1014916654544647
0.018325828,-0.014179744,0.006994307,1014916657003449
0.014660637,-0.009292826,0.006994307,1014916659461574
0.008551992,-0.005627636,0.0045508444,1014916661914334
0.006108529,-7.407181E-4,0.0045508444,1014916664371834
0.0024433425,0.0017027408,8.8565797E-4,1014916666835845
-1.1641532E-7,0.002924472,-0.0015578009,1014916669294438
-1.1641532E-7,0.0065896586,-0.0027795285,1014916671750272
0.0048868014,0.012698308,-0.0027795285,1014916674208397
0.0048868014,0.021250412,-0.0027795285,1014916676667095
0.009773719,0.029802516,-0.0015578009,1014916679125480
0.012217178,0.040798083,-3.3607334E-4,1014916681582824
0.018325828,0.04812846,0.0021073893,1014916684040167
0.023212746,0.055458836,0.0033291169,1014916686499386
0.026877932,0.06401094,0.0057725757,1014916688956886
0.03298658,0.072563045,0.0057725757,1014916691414855
0.036651768,0.07744997,0.0057725757,1014916693871886
0.040316954,0.08355861,0.0033291169,1014916696330845
0.041538686,0.087223805,0.0045508444,1014916698784542
0.047647335,0.09333245,0.008216035,1014916701246365
0.052534252,0.099441096,0.008216035,1014916703703970
0.05742117,0.105549745,0.009437764,1014916706162876
0.06352982,0.1079932,0.0106594935,1014916708616209
0.08796439,0.11532358,0.01676814,1014916711073084
0.11850763,0.120210506,0.021655058,1014916713535636
0.14294223,0.11654531,0.025320247,1014916715989959
0.14782915,0.1079932,0.025320247,1014916718447772
0.13683358,0.09455418,0.027763706,1014916720909438
0.11117726,0.07744997,0.027763706,1014916723367824
0.07696884,0.0579023,0.032650623,1014916725826157
0.042760417,0.03957635,0.03753754,1014916728279855
0.017104097,0.022472143,0.047311377,1014916730741313
-1.1641532E-7,0.010254845,0.05586348,1014916733199386
-0.01343914,-7.407181E-4,0.06197213,1014916735658032
-0.021991245,-0.009292826,0.06441559,1014916738116053
-0.03298681,-0.021510117,0.06441559,1014916740573084
-0.045204107,-0.033727415,0.06197213,1014916743031470
-0.057421397,-0.04838817,0.058306944,1014916745489959
-0.06963869,-0.06182719,0.054641757,1014916747943605
-0.07696908,-0.0789314,0.049754836,1014916750405063
-0.08307772,-0.0874835,0.048533108,1014916752863032
-0.085521184,-0.09481389,0.047311377,1014916755321782
-0.0781908,-0.09847907,0.049754836,1014916757779751
-0.06963869,-0.0997008,0.048533108,1014916760236834
-0.057421397,-0.10092253,0.048533108,1014916762695220
-0.04031719,-0.09847907,0.048533108,1014916765153605
-0.021991245,-0.09359216,0.04364619,1014916767611574
-0.0036653066,-0.08015313,0.04242446,1014916770068657
0.018325828,-0.071601026,0.039981,1014916772527042
0.034208313,-0.06060546,0.041202728,1014916774985428
0.05009079,-0.05571854,0.039981,1014916777443397
0.059864625,-0.054496817,0.04242446,1014916779900688
0.061086357,-0.054496817,0.041202728,1014916782358761
0.053755984,-0.054496817,0.046089645,1014916784817615
0.041538686,-0.059383728,0.049754836,1014916787275167
0.026877932,-0.06549238,0.054641757,1014916789732355
0.010995447,-0.07282276,0.0607504,1014916792190324
-0.0036653066,-0.0789314,0.06563732,1014916794649126
-0.01466087,-0.0874835,0.07174596,1014916797107095
-0.025656436,-0.0911487,0.075411156,1014916799564074
-0.036652,-0.09481389,0.0778546,1014916802022772
-0.043982375,-0.09847907,0.080298066,1014916804480949
-0.047647562,-0.10092253,0.079076335,1014916806934334
-0.047647562,-0.10580944,0.079076335,1014916809396001
-0.046425834,-0.108252905,0.0815198,1014916811854334
-0.045204107,-0.11436156,0.0815198,1014916814312772
-0.042760644,-0.11924847,0.0815198,1014916816770792
-0.036652,-0.1241354,0.0815198,1014916819228136
-0.029321622,-0.1290223,0.079076335,1014916821687407
-0.020769518,-0.13268751,0.0778546,1014916824144855
-0.01343914,-0.13513097,0.07296769,1014916826603188
-0.007330493,-0.13390923,0.0693025,1014916829059699
-1.1641532E-7,-0.13024405,0.06685905,1014916831518032
0.0036650738,-0.1241354,0.06197213,1014916833976470
0.006108529,-0.11802674,0.059528667,1014916836434699
0.006108529,-0.11069637,0.054641757,1014916838891678
0.008551992,-0.103365995,0.048533108,1014916841346001
0.008551992,-0.09725734,0.044867918,1014916843808240
0.0073302602,-0.0911487,0.038759273,1014916846266834
0.006108529,-0.08626177,0.031428892,1014916848718970
0.006108529,-0.077709675,0.026541974,1014916851181834
0.0036650738,-0.071601026,0.021655058,1014916853640115
0.0024433425,-0.06671411,0.01676814,1014916856098397
-0.0024435753,-0.06182719,0.011881223,1014916858550584
-0.004887034,-0.056940272,0.006994307,1014916861008761
-0.007330493,-0.050831623,0.0033291169,1014916863467876
-0.010995681,-0.045944706,8.8565797E-4,1014916865925272
-0.0158826,-0.045944706,-0.00400126,1014916868382615
-0.018326059,-0.04350125,-0.0076664463,1014916870844959
-0.024434704,-0.04350125,-0.010109909,1014916873303761
-0.029321622,-0.04350125,-0.012553364,1014916875761678
-0.036652,-0.04838817,-0.014996827,1014916878215428
-0.043982375,-0.05571854,-0.018662013,1014916880676782
-0.05253448,-0.06304892,-0.018662013,1014916883135949
-0.061086584,-0.070379294,-0.019883744,1014916885593553
-0.072082154,-0.08259659,-0.018662013,1014916888050949
-0.08185599,-0.09359216,-0.018662013,1014916890504334
-0.09407329,-0.10580944,-0.017440282,1014916892967772
-0.10629059,-0.11558329,-0.016218554,1014916895425376
-0.11606442,-0.121691935,-0.011331636,1014916897882459
-0.13072516,-0.12535712,-0.0064447187,1014916900340532
-0.14172073,-0.13146576,8.8565797E-4,1014916902799490
-0.15149456,-0.1375744,0.009437764,1014916905257199
-0.16004667,-0.14246133,0.01676814,1014916907714542
-0.16615532,-0.14490479,0.02409852,1014916910172303
-0.17592916,-0.14734825,0.028985437,1014916912631209
-0.18325953,-0.14612651,0.03753754,1014916915089022
-0.18936817,-0.14612651,0.04364619,1014916917546209
-0.19181164,-0.14490479,0.050976563,1014916920004490
-0.19547683,-0.14490479,0.0607504,1014916922462980
-0.19914201,-0.14856997,0.06563732,1014916924916261
-0.20036374,-0.14979172,0.07052423,1014916927378084
-0.2028072,-0.14979172,0.075411156,1014916929836209
-0.20402893,-0.14979172,0.079076335,1014916932294803
-0.20525067,-0.15223518,0.08274153,1014916934752772
-0.20402893,-0.14979172,0.08640672,1014916937209907
-0.20158547,-0.14856997,0.08885017,1014916939668136
-0.19547683,-0.14734825,0.08885017,1014916942126990
-0.185703,-0.14612651,0.08640672,1014916944584803
-0.17592916,-0.14856997,0.08762844,1014916947041730
-0.16737705,-0.14979172,0.08885017,1014916949499907
-0.15638149,-0.15101343,0.08885017,1014916951958761
-0.14294246,-0.15223518,0.08885017,1014916954416417
-0.13316862,-0.14979172,0.08640672,1014916956873709
-0.12095133,-0.14490479,0.0815198,1014916959331522
-0.108734034,-0.13635269,0.07663289,1014916961790897
-0.0989602,-0.12780058,0.06808078,1014916964248449
-0.08918636,-0.121691935,0.0607504,1014916966705688
-0.0781908,-0.11313983,0.052198295,1014916969163345
-0.06841697,-0.103365995,0.04242446,1014916971623292
-0.057421397,-0.09359216,0.03631581,1014916974080063
-0.048869293,-0.08259659,0.027763706,1014916976533449
-0.039095458,-0.070379294,0.021655058,1014916978995324
-0.03298681,-0.06304892,0.011881223,1014916981454699
-0.02809989,-0.053275086,0.0021073893,1014916983907720
-0.02809989,-0.04227952,-0.005222991,1014916986365063
-0.02809989,-0.032505684,-0.013775095,1014916988824126
-0.029321622,-0.020288385,-0.021105472,1014916991286209
-0.030543353,-0.0068493634,-0.025992386,1014916993744282
-0.03420854,0.00781139,-0.02965758,1014916996201417
-0.037873726,0.018806953,-0.032101035,1014916998654595
-0.041538917,0.029802516,-0.032101035,1014917001113605
-0.047647562,0.037132896,-0.032101035,1014917003575636
-0.054977942,0.04324154,-0.032101035,1014917006028553
-0.05986486,0.049350187,-0.030879311,1014917008486417
-0.06841697,0.054237105,-0.032101035,1014917010945011
-0.0781908,0.055458836,-0.032101035,1014917013407511
-0.08918636,0.055458836,-0.034544498,1014917015864542
-0.10140366,0.053015374,-0.034544498,1014917018318084
-0.11239923,0.045685,-0.034544498,1014917020781261
-0.1197296,0.038354624,-0.036987953,1014917023239907
-0.12583825,0.028580789,-0.034544498,1014917025696417
-0.13072516,0.017585224,-0.033322766,1014917028155115
-0.13072516,0.0065896586,-0.028435849,1014917030613032
-0.13194689,-0.0019624457,-0.0223272,1014917033071157
-0.12950343,-0.008071095,-0.014996827,1014917035528292
-0.124616526,-0.0129580125,-0.0076664463,1014917037986261
-0.12217306,-0.015401471,0.0021073893,1014917040445063
-0.11850787,-0.01784493,0.008216035,1014917042902928
-0.11728615,-0.020288385,0.014324682,1014917045356626
-0.11362096,-0.02395358,0.020433329,1014917047818761
-0.11362096,-0.030062221,0.026541974,1014917050276886
-0.11362096,-0.034949146,0.028985437,1014917052734751
-0.11606442,-0.0373926,0.035094082,1014917055191990
-0.11850787,-0.04472298,0.038759273,1014917057649855
-0.123394795,-0.049609892,0.041202728,1014917060109074
-0.1282817,-0.052053355,0.04364619,1014917062562407
-0.13316862,-0.053275086,0.044867918,1014917065023865
-0.13927726,-0.056940272,0.044867918,1014917067481782
-0.14294246,-0.06060546,0.044867918,1014917069936626
-0.14538592,-0.06549238,0.044867918,1014917072398553
-0.14416419,-0.06671411,0.04364619,1014917074855584
-0.14294246,-0.070379294,0.041202728,1014917077313657
-0.140499,-0.07648794,0.038759273,1014917079772876
-0.13805553,-0.08015313,0.038759273,1014917082230324
-0.13805553,-0.08015313,0.031428892,1014917084687407
-0.13927726,-0.08015313,0.026541974,1014917087145532
-0.140499,-0.077709675,0.022876788,1014917089604178
-0.14416419,-0.07526621,0.0192116,1014917092062459
-0.14416419,-0.07404449,0.013102952,1014917094519282
-0.14782937,-0.07404449,0.0057725757,1014917096977355
-0.15027283,-0.07526621,0.0033291169,1014917099436313
-0.1527163,-0.07648794,-0.0027795285,1014917101894230
-0.15638149,-0.08015313,-0.0076664463,1014917104351105
-0.1612684,-0.08137486,-0.012553364,1014917106809178
-0.16737705,-0.083818324,-0.017440282,1014917109263605
-0.17226397,-0.0874835,-0.02354893,1014917111722355
-0.17592916,-0.09359216,-0.028435849,1014917114182980
-0.17837262,-0.0997008,-0.032101035,1014917116641001
-0.1820378,-0.10214426,-0.034544498,1014917119099959
-0.18081607,-0.10947464,-0.03576622,1014917121558397
-0.18081607,-0.11313983,-0.039431415,1014917124014907
-0.1820378,-0.11924847,-0.04187487,1014917126473188
-0.18081607,-0.121691935,-0.043096602,1014917128927095
-0.18325953,-0.12657884,-0.045540057,1014917131390220
-0.18448126,-0.1290223,-0.04798352,1014917133846626
-0.18936817,-0.13268751,-0.04920525,1014917136305428
-0.19181164,-0.1375744,-0.052870438,1014917138759542
-0.19914201,-0.14246133,-0.05409217,1014917141221886
-0.20525067,-0.15101343,-0.057757355,1014917143678865
-0.2150245,-0.15712208,-0.058979087,1014917146137147
-0.22113314,-0.16689593,-0.057757355,1014917148590688
-0.22846352,-0.17300457,-0.055313893,1014917151049595
-0.23457217,-0.17911321,-0.052870438,1014917153510428
-0.24312426,-0.1864436,-0.050426982,1014917155963917
-0.25289813,-0.1949957,-0.04676179,1014917158422563
-0.2638937,-0.20476955,-0.045540057,1014917160885480
-0.27611098,-0.21332166,-0.044318333,1014917163342459
-0.29199344,-0.22065201,-0.043096602,1014917165800115
-0.3066542,-0.2279824,-0.04187487,1014917168256313
-0.32375842,-0.23531279,-0.043096602,1014917170716886
-0.34574956,-0.24142143,-0.043096602,1014917173174126
-0.36407548,-0.24630836,-0.044318333,1014917175632147
-0.37873623,-0.2536387,-0.044318333,1014917178090897
-0.39584047,-0.26707774,-0.045540057,1014917180549334
-0.41538814,-0.28418195,-0.04676179,1014917183005949
-0.4349358,-0.30128616,-0.04920525,1014917185464438
-0.45448348,-0.31228173,-0.04920525,1014917187918084
-0.4715877,-0.32572076,-0.050426982,1014917190381261
-0.48380497,-0.34160325,-0.050426982,1014917192837720
-0.49602225,-0.35382053,-0.051648706,1014917195295792
-0.5070178,-0.36603782,-0.058979087,1014917197754542
-0.51679164,-0.37703338,-0.06753119,1014917200212511
-0.5229003,-0.3855855,-0.078526765,1014917202669855
-0.53267413,-0.39413762,-0.09074406,1014917205127615
-0.5400045,-0.40391144,-0.096852705,1014917207586730
-0.54733485,-0.41124183,-0.10173963,1014917210039699
-0.555887,-0.414907,-0.10296135,1014917212502095
-0.5619956,-0.414907,-0.098074436,1014917214955428
-0.56810427,-0.41368526,-0.09440924,1014917217418553
-0.5766564,-0.40879837,-0.08952233,1014917219876365
-0.58276504,-0.40268973,-0.08463541,1014917222329490
-0.5949823,-0.40513316,-0.083413675,1014917224786782
