Rot_X (deg),Rot_Y (deg),Rot_Z (deg),Gyro_Time (ns),Gyro_X,Gyro_Y,Gyro_Z
0.0,0.0,0.0,1022823608437722.0,-0.037873726,0.04812846,-0.044318333
-0.0501376726053316,0.00430819562635992,-0.04717576435415609,1022823640391733.0,-0.007330493,-0.011736281,-0.0027795285
0.025374530937010795,-0.021589683641033947,-0.04137471126865329,1022823674804597.0,0.072081916,-0.008071095,-0.005222991
0.15014919222293047,0.03616236565558065,-0.0981361054077815,1022823709215951.0,0.03298658,0.027359061,-0.045540057
0.12407399823131113,0.04265805882467493,-0.12256188664435158,1022823741165795.0,-0.062308315,0.015141765,0.0106594935
0.02511134853204325,0.05788514439155704,-0.11877333254778538,1022823775581837.0,-0.017104328,-0.0129580125,-0.010109909
-0.08785150276075139,0.1359578730510906,-0.23863547747600192,1022823841948764.0,-0.04031719,0.04446327,-0.055313893
-0.15435166218189028,0.22234099693887488,-0.3012987288582433,1022823873901524.0,-0.03298681,0.06523267,-0.0076664463
-0.20370185264112856,0.4349679136515535,-0.30792266399643553,1022823908315691.0,-0.01343914,0.12998432,0.0021073893
-0.22242706984096958,0.7382447448827762,-0.2309841715262846,1022823942721733.0,0.0012216112,0.16541448,0.0815198
-0.22391478632600123,1.0762776493194899,-0.06466012325957782,1022823974679701.0,-0.019547787,0.21550539,0.07174596
-0.3038899508776199,1.5839543027288825,0.042553345222762114,1022824009092826.0,-0.073303886,0.30957854,0.06319386
-0.5044400004456525,2.2416244263966028,0.2143023932361818,1022824041045639.0,-0.12705998,0.34134352,0.1145065
-0.7450650356761768,2.666876158499246,0.34295334318927956,1022824075458451.0,-0.13194689,0.1617493,-0.010109909
-1.0603274814990855,3.1071964772138134,0.2778400946459789,1022824107412826.0,-0.1942551,0.28147876,-0.038209684
-1.3700774504560926,3.642085607120537,0.19307872514738264,1022824141824128.0,-0.086742915,0.26681802,-0.044318333
-1.4419151051460213,4.072168429827068,0.1687404433581664,1022824173778972.0,-0.004887034,0.17274487,0.025320247
-1.44235283852954,4.416045227321978,0.2450664369910473,1022824208190118.0,-0.020769518,0.22039232,0.01798987
-1.5449029851826608,4.942971872508915,0.23240500480726362,1022824242599180.0,-0.07452562,0.26315284,-0.0076664463
-1.666090600002794,5.347592230211082,0.2476166886197379,1022824274556680.0,-0.043982375,0.17274487,0.035094082
-1.6649533342131262,5.670644057312317,0.3704051384237616,1022824308968399.0,0.030543119,0.1861839,0.07296769
-1.6148160929017745,6.12382686599796,0.5031292131135686,1022824340923035.0,0.019547556,0.27537012,0.07052423
-1.5551413748616172,6.550916093803111,0.6776301171131937,1022824375334233.0,0.05131252,0.16052756,0.092515364
-1.4601166693165237,6.9200114818302705,0.8276791810366642,1022824407289233.0,0.041538686,0.23627478,0.048533108
-1.4840043826246916,7.3919006728289895,0.8501052202239837,1022824441696785.0,-0.09407329,0.25093555,-0.00033607334
-1.7383668808425592,7.880170943482063,0.8878043849273286,1022824473650378.0,-0.12950343,0.26070938,0.041202728
-1.806179556553895,8.275497699142399,1.0067428416040831,1022824508068191.0,0.06963846,0.120210506,0.074189425
-1.5971424802640706,8.47692462652489,1.1657562575872709,1022824542479285.0,0.090407856,0.099441096,0.058306944
-1.5833177109419334,8.81714502767355,1.1791304435987795,1022824574433087.0,-0.0781908,0.2900309,-0.04187487
-1.7592803008223659,9.422646601398068,1.134269041281405,1022824608846420.0,-0.045204107,0.25948763,0.035094082
-1.6804430855990649,9.719117045174643,1.2712806194559836,1022824640799493.0,0.11972936,0.098219365,0.08518499
-1.4546060203005795,10.025806382022326,1.3952065706785683,1022824675212566.0,0.07452538,0.21550539,0.041202728
-1.4093687756747981,10.427364238770076,1.4835681926755517,1022824707167045.0,-0.007330493,0.16785794,0.054641757
-1.4202190003119899,10.658803639552726,1.5706566775280901,1022824741578087.0,-0.007330493,0.10188455,0.031428892
-1.4631816795825736,10.884399150141968,1.6179808327874032,1022824773533139.0,-0.03298681,0.17030141,0.01676814
-1.5355443507551818,11.28226340581552,1.6502068632402422,1022824807944649.0,-0.036652,0.20450982,0.026541974
-1.617444512192724,11.580377746221757,1.7041328742736641,1022824842357722.0,-0.036652,0.08233688,0.031428892
-1.6856946692842218,11.765198286461608,1.7718445137766181,1022824874311837.0,-0.041538917,0.1580841,0.054641757
-1.797169806369492,12.181700026989567,1.877220482545745,1022824908724285.0,-0.056199674,0.18129697,0.052198295
-1.8340949928501284,12.439233000058342,1.9913945815143492,1022824940678608.0,0.019547556,0.1287626,0.074189425
-1.7628702859743601,12.749597333539278,2.1059580406132685,1022824975090014.0,0.024434473,0.1996229,0.031428892
-1.778445487772398,13.205842628855391,2.120994723714759,1022825007044910.0,-0.021991245,0.26315284,-0.0064447187
-1.7575332397369836,13.61306937514859,2.127058277640419,1022825041457410.0,0.040316954,0.13487124,0.02409852
-1.7087085120873855,13.915733708051043,2.2040842698544307,1022825075868972.0,-0.0085522225,0.20328811,0.038759273
-1.7776586694430772,14.340304039352867,2.291045894259436,1022825107824233.0,-0.054977942,0.22283578,0.06685905
-1.8546588378619793,14.670618352163038,2.4354468240335843,1022825142231055.0,0.0012216112,0.12998432,0.057085212
-1.7351341609784463,14.936113820694557,2.501758465729701,1022825174185535.0,0.11606417,0.16907966,0.014324682
-1.5448220670022212,15.315690586363843,2.5314469983179175,1022825208604180.0,0.039095223,0.20450982,0.030207165
-1.5454347845016716,15.672710981248063,2.643521099179681,1022825240556837.0,-0.0036653066,0.18007523,0.07663289
-1.5064975502678755,16.075650230645508,2.7697220482976275,1022825274970274.0,0.009773719,0.24849206,0.047311377
-1.619810169793874,16.609770464798913,2.8585211687632386,1022825306925326.0,-0.12095133,0.29736125,0.059528667
-1.8256977348990786,17.09478464351776,2.9994221042709643,1022825341336160.0,-0.046425834,0.18740562,0.057085212
-1.813972959558485,17.490742498868162,3.075971235744202,1022825373291733.0,0.041538686,0.26926148,0.052198295
-1.7659357322821998,18.11199405284346,3.252309638525984,1022825407703451.0,-0.0061087636,0.34867388,0.11939341
-1.7946359404358148,18.82424553265996,3.4865729891418074,1022825442116941.0,0.015882365,0.3034699,0.10351093
-1.6850862523717882,19.270603341142124,3.6594595319847723,1022825474071472.0,0.07696884,0.194736,0.08274153
-1.6121115466797453,19.717905056052324,3.7909979762282693,1022825508483660.0,-0.0061087636,0.2326096,0.044867918
-1.6415992389826115,20.101087916384152,3.8162721518413196,1022825540432826.0,-0.017104328,0.19717944,-0.013775095
-1.6947119264707036,20.520739655683816,3.7310732829430386,1022825574842930.0,-0.057421397,0.23993999,-0.06264427
-1.9010369712801685,21.03788489502398,3.6394475566983946,1022825606795170.0,-0.16004667,0.30835682,-0.011331636
-2.1398245004949445,21.54766154474972,3.657236099516046,1022825641217930.0,-0.03420854,0.17763177,0.0021073893
-2.0273873329658008,21.775163447640697,3.6694246476986816,1022825675629285.0,0.10140342,0.09088899,0.025320247
-1.8748751860767023,21.994283959322377,3.7635612651519543,1022825707585691.0,0.053755984,0.13242778,0.05586348
-1.8320004529628826,22.178910897338117,3.851174749799777,1022825741997462.0,-0.01466087,0.079893425,0.020433329
-1.9134631009632737,22.415968892929623,3.8552739426379348,1022825773951055.0,-0.06719524,0.18129697,-0.0015578009
-2.055125719330254,22.829933140892823,3.9090249551218568,1022825808364493.0,-0.046425834,0.17152312,0.06441559
-2.054338436086459,22.932328751331823,4.075524007617507,1022825840318243.0,0.040316954,-0.058162004,0.09618056
-2.0217011958723785,22.873793398613557,4.212924944275148,1022825874731733.0,-0.036652,0.061567485,0.03753754
-2.1404388145842628,23.070688933930075,4.25386160567778,1022825906681785.0,-0.07452562,0.10310628,0.011881223
-2.290676435623603,23.292940844884267,4.294662628991077,1022825941098243.0,-0.073303886,0.10921493,0.04364619
-2.4025890577129934,23.452823907453208,4.390636744438689,1022825973049493.0,-0.042760644,0.0664544,0.050976563
-2.50916420122099,23.652938333915095,4.436600263733591,1022826007465535.0,-0.072082154,0.14953199,-0.016218554
-2.6804017915830927,23.97257765303642,4.418251336404603,1022826041879337.0,-0.073303886,0.1446451,0.015546411
-2.72310197257464,24.211735646448286,4.489812971684757,1022826073834389.0,0.029321387,0.104328014,0.041202728
-2.6377897782824395,24.39181259261237,4.547501480943081,1022826108246733.0,0.025656201,0.1079932,0.0057725757
-2.6328024997510546,24.659933063701292,4.543900679910658,1022826140196212.0,-0.0024435753,0.1666362,-0.008888178
-2.609615251519091,24.996547371190086,4.513389264506288,1022826174612983.0,-0.001221844,0.1666362,-0.019883744
-2.7098903832313557,25.34385526699677,4.455888510702773,1022826206567826.0,-0.09407329,0.1996229,-0.032101035
-2.8868154766755594,25.756857012470494,4.429839591022977,1022826240981420.0,-0.06719524,0.22527924,0.028985437
-2.9555906338130105,26.11676490980976,4.541038693228611,1022826272931003.0,-0.0085522225,0.14831027,0.08274153
-2.957953365894432,26.409891750012207,4.66986464075002,1022826307348972.0,-0.021991245,0.15930584,0.033872355
-3.0717910016287617,26.758493549245664,4.716178161125981,1022826341761003.0,-0.06475178,0.18740562,0.027763706
-3.1296286675933085,27.063101489634278,4.756064823582622,1022826373715795.0,-0.007330493,0.15197545,0.02409852
-3.223428822027168,27.423165782249505,4.851465799965583,1022826408129858.0,-0.08307772,0.20328811,0.07296769
-3.3229164547770282,27.777036178362017,4.98637737530642,1022826440083347.0,0.0036650738,0.15930584,0.054641757
-3.193504301329815,27.99246309340992,5.024640901710501,1022826474497045.0,0.09285132,0.06278921,-0.014996827
-3.100492098265836,28.089958708524122,5.024190098312458,1022826506451889.0,-0.01343914,0.07744997,0.021655058
-3.1982297453631263,28.248510674111017,5.097541093248637,1022826540863972.0,-0.06353005,0.046906732,0.046089645
-3.3223048773919697,28.339162693676485,5.1935545686049425,1022826575277618.0,-0.048869293,0.04324154,0.03753754
-3.3759425485609076,28.400520839497755,5.2149787477160015,1022826607232305.0,-0.018326059,0.042019814,0.0033291169
-3.396067764954813,28.45722288898895,5.272054755995626,1022826641643451.0,-0.01343914,0.013920035,0.06197213
-3.4353554471624235,28.47273107365902,5.405653834068465,1022826673600743.0,-0.024434704,0.002924472,0.06441559
-3.4957306274498072,28.495920653091527,5.4850423244301965,1022826708013712.0,-0.03176508,0.020028682,0.021655058
-3.553218292318972,28.470041373764495,5.517228993183849,1022826739963087.0,-0.023212973,-0.06793584,0.01798987
-3.572118509792155,28.25120615209295,5.57483000242616,1022826774373191.0,0.0012216112,-0.13635269,0.030207165
-3.557593739568409,27.969039588427517,5.61069166865818,1022826806332305.0,0.008551992,-0.17422631,0.0045508444
-3.5948689405251852,27.55122952384128,5.553930275186546,1022826840749180.0,-0.06475178,-0.23531279,-0.06997465
-3.8536939341381764,27.108938081342426,5.389067103569382,1022826872698608.0,-0.1942551,-0.26585603,-0.09563097
-4.244643833259112,26.498628167735678,5.226430791867364,1022826907117930.0,-0.1698205,-0.35137707,-0.06264427
-4.505918847545919,25.75899338119043,5.161881904916653,1022826941524805.0,-0.12095133,-0.3073948,0.00088565797
-4.7376188705002775,25.27557697764599,5.168693595189515,1022826973484858.0,-0.11850787,-0.2279824,-0.012553364
-4.890306479268359,24.86047941200205,5.13240718661352,1022827007898503.0,-0.03420854,-0.20232609,0.0033291169
-4.9524316421143375,24.483550411070976,5.1802563433082085,1022827039852358.0,-0.05864313,-0.15590036,0.022876788
-5.170481695171741,24.35011512186472,5.105032462656476,1022827074266160.0,-0.1490511,-0.04838817,-0.09929617
-5.490994136798897,24.12141101142602,4.890381828931111,1022827106221212.0,-0.2064724,-0.16567418,-0.09929617
-5.99945644640951,23.86416332693499,4.766420488468972,1022827140633503.0,-0.28832826,-0.0789314,-0.032101035
-6.493043746064073,23.705109162981223,4.775419677350985,1022827172584910.0,-0.19669856,-0.1204702,0.058306944
-6.647568847872604,23.204349178009153,4.9885080496882,1022827207001785.0,0.0012216112,-0.37703338,0.13527589
-6.750556495501042,22.57890178964237,5.208333911663294,1022827241415639.0,-0.13439035,-0.15834382,0.0815198
-7.048143954661835,22.42921011487587,5.32189550900862,1022827273368139.0,-0.14782937,-0.08626177,0.048533108
-7.268469003680868,22.142299947537634,5.450108957341821,1022827307783868.0,-0.08918636,-0.14979172,0.074189425
-7.491594031411318,21.912458335393893,5.623870498840918,1022827339734180.0,-0.16493359,-0.11436156,0.112063035
-7.977131357839371,21.628260668573596,5.893133814394703,1022827374151368.0,-0.3103194,-0.16933939,0.14260627
-8.625856031110178,21.269619164092568,6.12482030695073,1022827406106628.0,-0.37384933,-0.19255224,0.092515364
-9.278430725081847,20.86887159285305,6.1969463020580475,1022827440520587.0,-0.24190255,-0.20599127,-0.012553364
-9.658705630513936,20.390249087073432,6.123209921957879,1022827474933139.0,-0.16615532,-0.24875179,-0.045540057
-9.995405559383233,19.947607648292053,6.014171710309537,1022827506884337.0,-0.21746796,-0.21576512,-0.07363984
-10.556805329014313,19.537322578622952,5.822660417745075,1022827541296993.0,-0.334754,-0.23531279,-0.12373075
-11.199142506208226,19.105006131518298,5.546584831606006,1022827573252201.0,-0.33108878,-0.19743916,-0.15549572
-11.705592308725416,18.80934598478074,5.246223624314612,1022827607666472.0,-0.1527163,-0.14612651,-0.14205669
-11.876304881029204,18.437229487702684,5.052922974385956,1022827639625014.0,-0.048869293,-0.24508661,-0.06630946
-11.934930063861085,17.874869536061198,4.925549139623273,1022827674039597.0,-0.021991245,-0.31106,-0.09074406
-11.952080264656036,17.28706571619298,4.684648528309068,1022827705994493.0,0.017104097,-0.28418195,-0.16893475
-11.890130546070587,16.784205727026393,4.336512362565156,1022827740406993.0,0.029321387,-0.28906888,-0.15549572
-11.909118246979817,15.98228958805106,4.070761771683804,1022827772363087.0,-0.08185599,-0.56151456,-0.13106112
-12.240305696476524,14.916630059698623,3.7637505770122437,1022827806771889.0,-0.23212871,-0.4393416,-0.19825625
-12.763642993124876,14.17760777434694,3.2486645766356665,1022827841189858.0,-0.25289813,-0.3477119,-0.28744248
-13.113030412033492,13.442629071311845,2.756201700208272,1022827873140430.0,-0.11728615,-0.4307895,-0.23246469
-13.280330507010612,12.648394323962007,2.3558280820491064,1022827907558920.0,-0.097738475,-0.36725956,-0.16893475
-13.604167950564122,12.082377992733285,2.0952399834251345,1022827939508347.0,-0.23335044,-0.22431722,-0.11884384
-14.03073032505552,11.644880454445028,1.879141208469619,1022827973922149.0,-0.16371186,-0.24264315,-0.09440924
-14.237667870986925,11.1897265234075,1.7336155221501046,1022828005881785.0,-0.07696908,-0.21820855,-0.07241811
-14.461930418327347,10.896166375278115,1.6184916788148687,1022828040295899.0,-0.15882494,-0.11069637,-0.045540057
-14.786467863398396,10.586349835285949,1.5202159595320999,1022828072250535.0,-0.18692473,-0.20721301,-0.06508773
-15.205855239971385,10.210802232017953,1.3638796446572912,1022828106660274.0,-0.2150245,-0.17911321,-0.09318751
-15.594967642673614,9.885742092590549,1.1412183754119956,1022828141072097.0,-0.15027283,-0.13024405,-0.11884384
-15.750192727892026,9.666925477723405,0.9485302235256305,1022828173028295.0,-0.010995681,-0.14856997,-0.08097021
-15.720092984640162,9.292165387039882,0.800768902800435,1022828207447410.0,0.006108529,-0.18277842,-0.096852705
-15.884593063276862,9.146148703105435,0.5512932951880241,1022828239401628.0,-0.19181164,0.02613733,-0.16038264
-16.27379296522877,9.139500810287082,0.3155070366469695,1022828273816003.0,-0.13805553,-0.0874835,-0.063866004
-16.353505615071782,8.79293429594096,0.2216063134380214,1022828305771472.0,0.024434473,-0.24508661,-0.06142254
-16.351843348870904,8.38816173056812,0.08530748774185237,1022828340184076.0,-0.05253448,-0.1119181,-0.07119638
-16.512755934664725,8.273995023900985,-0.05934319548110907,1022828372141368.0,-0.08307772,-0.07648794,-0.08097021
-16.62816856885385,7.876222456514799,-0.20657951325975302,1022828406553191.0,-0.050091024,-0.29762098,-0.055313893
-16.831781133700236,7.297150036457016,-0.3175033651082115,1022828440967618.0,-0.18325953,-0.22065201,-0.060200818
-17.235068507956825,6.986195991178821,-0.4143790865125241,1022828472918399.0,-0.20891584,-0.19133052,-0.057757355
-17.59163093982399,6.42016105601049,-0.5826153939539316,1022828507335899.0,-0.17837262,-0.33549458,-0.09318751
-18.005418307837658,5.912769668976727,-0.7180785854147073,1022828539292097.0,-0.2651154,-0.1949957,-0.057757355
-18.55894309629582,5.57913454650077,-0.8322399282658196,1022828573704962.0,-0.28466308,-0.18522185,-0.07363984
-19.08114287619899,5.191880563919726,-0.9955281052240351,1022828605656055.0,-0.26755887,-0.22920412,-0.06264427
-19.52459273551099,4.670383087750136,-0.9936645504842727,1022828640074962.0,-0.1698205,-0.2988427,0.05586348
-19.793917724313463,4.165791701056951,-0.9196529163743207,1022828672029649.0,-0.13805553,-0.2194303,-0.016218554
-20.11233018323202,3.7562941346617698,-1.0311017624317245,1022828706439389.0,-0.18814644,-0.20843473,-0.040653147
-20.58430501924576,3.2733841327025868,-0.9905632395030838,1022828740856941.0,-0.29077172,-0.24753007,0.053420026
-21.225942190266856,2.9095801352479778,-0.9619640668295243,1022828772808243.0,-0.36285377,-0.2108782,-0.058979087
-21.962429315708206,2.3765326700279177,-1.235287790894713,1022828807227305.0,-0.39095354,-0.28784713,-0.17870858
-22.716503893468325,1.8453413073147618,-1.5509133394097219,1022828839181837.0,-0.39828393,-0.28906888,-0.16649128
-23.385703564484775,1.246668885589148,-1.889249511839793,1022828873596628.0,-0.27611098,-0.28296024,-0.13594805
-23.88629086284218,0.6939525276883668,-1.991200234108487,1022828905551837.0,-0.2651154,-0.35504228,0.0106594935
-24.36902818176768,-0.11804469483031274,-1.960811702545233,1022828939964805.0,-0.20769411,-0.3904724,0.006994307
-24.69295312063179,-0.7659609568810641,-2.0198874558778392,1022828971921316.0,-0.13927726,-0.31594694,-0.07119638
-24.919665670454613,-1.4274583218801071,-2.261623707515116,1022829006334076.0,-0.1111775,-0.35382053,-0.16282609
-25.283490595335937,-2.1509056154536306,-2.628572352315622,1022829040748816.0,-0.25045466,-0.3477119,-0.19459106
-25.72125294540654,-2.779834385624478,-3.0276728360518925,1022829072703035.0,-0.16371186,-0.33793804,-0.24346025
-25.88907803394803,-3.5335566681089032,-3.5047838827489466,1022829107118243.0,-0.051312752,-0.40513316,-0.20314316
-26.039140628198215,-4.245172879537665,-3.844646914650923,1022829139073868.0,-0.123394795,-0.33060768,-0.17748685
-26.285278147886334,-4.845332791372685,-4.1505206116281474,1022829173482566.0,-0.0781908,-0.31106,-0.116400376
-26.314415838649772,-5.516086540937299,-4.289396303190663,1022829205442514.0,0.040316954,-0.4063549,-0.040653147
-25.950766387249836,-6.601083526655701,-4.207207816857159,1022829239857253.0,0.36774045,-0.6641398,0.143828
-25.11487982339206,-7.643468060502904,-3.8733695540570503,1022829274270691.0,0.33964068,-0.31228173,0.110841304
-24.878280236793632,-8.058634511430155,-3.831645393368294,1022829306226785.0,-0.046425834,-0.19866088,-0.050426982
-25.05398032441297,-8.433132097202657,-3.9458067365775054,1022829340637566.0,-0.073303886,-0.16323075,-0.034544498
-25.11916798639422,-8.729473648178782,-3.9540450338478177,1022829372591055.0,-0.0036653066,-0.13513097,0.0106594935
-25.018718304278558,-9.118496229719863,-3.9569064739968867,1022829407011108.0,0.108733796,-0.28296024,-0.019883744
-24.761993736986735,-9.646625093627195,-4.01143223132391,1022829438965170.0,0.12339456,-0.23164758,-0.04920525
-24.68569403449632,-9.94491024263568,-4.187806032297711,1022829473380430.0,-0.047647562,-0.09481389,-0.115178645
-24.741431701308382,-10.122426894663356,-4.362644196802384,1022829505335639.0,0.05131252,-0.13513097,-0.07486157
-24.42459470429586,-10.560974433974573,-4.459043055582323,1022829539745535.0,0.21135908,-0.25852564,-0.0064447187
-24.093932698493493,-10.9839283825814,-4.360181446686559,1022829571701316.0,0.14416397,-0.19988263,0.10473266
-23.71707074365121,-11.447588403505994,-4.1421930817031285,1022829606118555.0,0.31887126,-0.28784713,0.11817168
-23.076834021139877,-11.867498452949425,-4.049242102946757,1022829640533295.0,0.35185796,-0.13635269,-0.03576622
-22.40815979682578,-12.017802627620332,-4.204217785294903,1022829672485691.0,0.36896217,-0.058162004,-0.09196578
-21.64769816917966,-12.136012931859058,-4.373591591361702,1022829706903087.0,0.3897316,-0.077709675,-0.08463541
-20.91278649790942,-12.36427953809955,-4.456817329046451,1022829738859024.0,0.43004864,-0.122913666,0.049754836
-19.85421256314104,-12.44066487708511,-4.161304029672909,1022829773272097.0,0.53267395,-0.003184177,0.13405417
-18.891888519221645,-12.741818933418262,-4.1038298831470446,1022829805228139.0,0.500909,-0.22553894,-0.04187487
-18.06702694533525,-12.956891650497903,-4.254566201637886,1022829839638243.0,0.33108857,-0.0068493634,-0.12373075
-17.512890141981458,-12.86842712427824,-4.563327396343256,1022829874056472.0,0.22235465,0.054237105,-0.20803009
-17.247328082790972,-12.736894038550906,-5.086852747050534,1022829906012878.0,0.042760417,0.14831027,-0.3497507
-17.297640772244645,-12.187829911306729,-5.697838668492859,1022829940426055.0,-0.026878163,0.33156967,-0.20192143
-17.10514114799547,-11.923996936268447,-5.841526858823387,1022829972381889.0,0.32497993,-0.1290223,0.006994307
-16.198904645230925,-12.242144574667051,-5.906600747286104,1022830006792774.0,0.41416615,-0.06671411,-0.1005179
-15.741630239649258,-12.18358642441648,-6.252938772366064,1022830038751941.0,0.09895996,0.09577591,-0.23857333
-15.591043100174176,-12.087334407263821,-6.6502498910032095,1022830073167201.0,0.1172859,-0.020288385,-0.15427399
-15.22695612602652,-12.133776170098757,-6.927900473663342,1022830105122722.0,0.26511517,0.00048100948,-0.16404782
-14.640706846653691,-12.090636610085097,-7.246024161136954,1022830139536003.0,0.2871063,0.029802516,-0.12495248
-14.099432539000556,-12.035072058789584,-7.375672999166476,1022830173951576.0,0.27244556,0.017585224,-0.017440282
-13.5150207388577,-11.992438896929166,-7.359061316819509,1022830205906160.0,0.3836229,0.04324154,0.03753754
-12.58052175355948,-11.924536857821309,-7.301635309303749,1022830240321055.0,0.4984655,0.015141765,-0.008888178
-11.843860102308946,-11.78670377884775,-7.364648557448379,1022830272277097.0,0.26511517,0.14831027,-0.04676179
-11.416248199484766,-11.441251983399379,-7.419047453267897,1022830306695378.0,0.25656307,0.15930584,0.0045508444
-10.7073240109191,-11.247156450142311,-7.402610770859854,1022830338643712.0,0.48624822,0.054237105,0.0033291169
-9.724525060927302,-11.082479493604406,-7.469872156003005,1022830373056264.0,0.43493557,0.11410185,-0.063866004
-8.964238441807305,-10.828115126111731,-7.549471028610422,1022830407476733.0,0.3530797,0.13120607,-0.0076664463
-8.24218927196729,-10.603569625068198,-7.531546847617491,1022830439431472.0,0.42394,0.087223805,0.01676814
-7.434652679149915,-10.496642616862296,-7.483395829820151,1022830473845535.0,0.3567449,0.059124023,0.033872355
-6.825390907318079,-10.349184544649892,-7.467134146835368,1022830505801889.0,0.34330586,0.10921493,-0.045540057
-5.965616855639678,-10.06349519653392,-7.625920465553354,1022830540215222.0,0.5241218,0.16052756,-0.07363984
-4.738080568402248,-9.860668270771633,-7.629919405476595,1022830574630274.0,0.7037161,0.022472143,0.08762844
-3.3057944541097437,-9.936247507783369,-7.362882943320564,1022830606586316.0,0.7831285,-0.06060546,0.16948432
-2.003270740516828,-9.907107935684362,-7.042694666889947,1022830640999701.0,0.47280917,0.08844553,0.13894108
-1.4210464509801384,-9.620874983833493,-6.907083086951922,1022830672953868.0,0.18203758,0.1996229,0.015546411
-0.9862595495213501,-9.195010752685882,-6.919132019910259,1022830707370274.0,0.34697104,0.194736,0.0106594935
-0.006785576030900617,-8.948852766730464,-6.847920381020071,1022830739326524.0,0.6695076,0.0664544,0.053420026
1.3191006384789092,-8.853563249403027,-6.743506910658095,1022830773741628.0,0.572991,0.073784776,0.074189425
2.1905997042064476,-8.673117703589748,-6.552507881968188,1022830805692358.0,0.40927926,0.08355861,0.1230586
3.012398772125044,-8.508440745261355,-6.331544518288053,1022830840111733.0,0.42149654,0.10677148,0.09984574
4.007535240940523,-8.28391383505102,-6.086868676889053,1022830874525118.0,0.58154315,0.08355861,0.14627145
5.133309133748908,-8.260618156769379,-5.822982215653315,1022830906481420.0,0.59620386,-0.04350125,0.14260627
6.251733014383175,-8.335078494970036,-5.58058137651848,1022830940896524.0,0.5204567,0.015141765,0.11817168
7.121219581611655,-8.18910792332352,-5.343032391978029,1022830972848660.0,0.37995774,0.18862733,0.110841304
7.677106381418271,-7.720631226696964,-5.229956430451291,1022831007267983.0,0.2125808,0.20695329,-0.00400126
8.016605863721065,-7.248392041564306,-5.247605356786997,1022831041676003.0,0.12705974,0.32668278,0.013102952
8.273942923612076,-6.6194218909491,-5.1623062322350615,1022831073636785.0,0.19914179,0.26803976,0.0693025
8.871829689136469,-6.367507506716095,-4.976255339328206,1022831108052618.0,0.3665187,-0.003184177,0.1230586
9.55459139005241,-6.351824322014,-4.719718866632076,1022831140002045.0,0.36285353,0.056680568,0.12916724
10.30586551984867,-6.0782099605951885,-4.562717946641256,1022831174422514.0,0.37751427,0.18862733,0.058306944
11.053289673348296,-5.910889405151961,-4.456593842385081,1022831206378608.0,0.3995054,-0.033727415,0.03631581
11.581176498397046,-5.859787350426134,-4.305017916697874,1022831240792305.0,0.11972936,0.1287626,0.1145065
11.770701111516335,-5.5566669194842495,-4.135018869291223,1022831272744910.0,0.15149434,0.13853642,0.06808078
12.396500347535527,-5.497777372923017,-3.9861554392518084,1022831307163139.0,0.47403088,-0.09359216,0.09129363
13.345261870244123,-5.762356452757004,-3.7728439326552246,1022831339119180.0,0.47280917,-0.14246133,0.13894108
14.014461068570395,-5.944879200405327,-3.4746181390662847,1022831373534233.0,0.20891562,-0.016623199,0.12428033
14.280898106721587,-5.8411896915242885,-3.3086047264572227,1022831407949128.0,0.07574711,0.11532358,0.03753754
14.394997794658662,-5.619619183089783,-3.267843063697198,1022831439905118.0,0.06352982,0.10310628,0.028985437
14.612784873839088,-5.502104684612983,-3.1149546433203037,1022831474314024.0,0.18203758,-0.0068493634,0.12061514
15.10173424343504,-5.653633859765923,-2.873118162027333,1022831506274910.0,0.32375818,-0.1290223,0.12916724
15.732958478771229,-5.976243982243736,-2.6291423200688993,1022831540690274.0,0.27488902,-0.17544803,0.12428033
16.173695397247226,-6.277923031138582,-2.3492433672255952,1022831572642462.0,0.23457193,-0.15590036,0.16093221
16.666407249619706,-6.502970746520181,-2.1085925216787946,1022831607057670.0,0.2211329,-0.06671411,0.05586348
16.91613181906812,-6.571199988790044,-2.043943379907367,1022831639017410.0,0.028099664,-0.020288385,0.05586348
16.786281691654604,-6.733160250042754,-1.8508924953163979,1022831673431524.0,-0.10629059,-0.162009,0.10717611
16.677169049236333,-6.9550579624987074,-1.7375540375790022,1022831707846680.0,0.024434473,0.04446327,-0.03576622
16.85628117708717,-6.747137439932357,-1.8982172141284037,1022831739801889.0,0.14049877,0.059124023,-0.08097021
16.996805824496676,-6.803572793970828,-1.8827036687362895,1022831774217618.0,-0.050091024,-0.038614333,0.10595438
16.74690582138745,-6.756914635785518,-1.69826713498074,1022831806173608.0,-0.1820378,0.092110716,0.048533108
16.351668418924987,-6.404550341170464,-1.7254535559501825,1022831840587201.0,-0.185703,0.23138788,-0.045540057
16.101593414738087,-6.020054970607466,-1.7740293185122455,1022831872541264.0,-0.08307772,0.16785794,0.0106594935
15.846618388970604,-5.650540688839104,-1.7349782936284772,1022831906958868.0,-0.25167638,0.253379,-0.0015578009
14.944406440594278,-4.8451892811354496,-1.8294521560811277,1022831941373660.0,-0.63163424,0.5307116,-0.06997465
13.57923242412868,-3.690869574582714,-1.9469778594781313,1022831973330483.0,-0.7880156,0.6748757,-0.04798352
12.133733478375495,-2.5545934405902933,-1.9550892945605507,1022832007744233.0,-0.61452997,0.4439688,0.033872355
11.071046724354353,-1.8411858637235046,-1.8750401664574403,1022832039701003.0,-0.57909983,0.38410404,0.026541974
9.745597681655608,-0.887784589666702,-1.8479766316710808,1022832074114701.0,-0.7403681,0.5270464,0.022876788
8.248736280997386,0.058985267288270395,-1.773439997980704,1022832106071212.0,-0.87353665,0.47084683,0.046089645
6.395050147677194,0.9577865905672414,-1.722926482895078,1022832140482097.0,-0.96516633,0.4574078,0.015546411
4.557726512273861,1.8412065194936427,-1.6502273476287583,1022832172436368.0,-1.0091487,0.49161625,0.07174596
2.591777926309779,2.8772077255319153,-1.5167639044223662,1022832206857930.0,-0.9309579,0.50505525,0.041202728
0.9308541906091533,3.734465189726907,-1.4958647243732037,1022832238814128.0,-0.84054995,0.41342556,-0.005222991
-0.5376572454544458,4.499391638976803,-1.4888386722251707,1022832273228035.0,-0.5900954,0.35111734,0.006994307
-1.4878191500664635,5.122568195066253,-1.5345750777021236,1022832307639337.0,-0.41294467,0.26926148,-0.060200818
-2.2873936900309912,5.5498510152836165,-1.7014507471021496,1022832339599076.0,-0.45448348,0.20206636,-0.10662654
-3.284543062713168,6.0777401507846776,-1.942312000656253,1022832374014910.0,-0.53267413,0.34134352,-0.16404782
-4.364642316390334,6.7396102685174855,-2.3798249364690545,1022832405971055.0,-0.64751667,0.34867388,-0.28988594
-5.738391303729138,7.337061843948589,-2.944260901129779,1022832440384858.0,-0.63285595,0.22772267,-0.22757776
-6.537878316512291,7.623207294830895,-3.2351239714759172,1022832472342566.0,-0.21624623,0.073784776,-0.11884384
-6.759690865381013,7.516721982797288,-3.5200851906451334,1022832506751628.0,-0.09285156,-0.17300457,-0.18603896
-7.0864158045856955,7.277692881326436,-3.986385609503089,1022832538712670.0,-0.27611098,-0.011736281,-0.30332497
-7.757890479728429,7.447969837399574,-4.628696494379978,1022832573128243.0,-0.36407548,0.12143222,-0.31920746
-8.469002584267907,7.5774029262519305,-5.240596766938678,1022832605084233.0,-0.39706218,-0.009292826,-0.36074626
-9.349689565388303,7.404855168339844,-6.120119940429262,1022832639499389.0,-0.4886919,-0.09603562,-0.492693
-10.369413920673322,7.310707345765826,-7.112693034743977,1022832673913920.0,-0.47891805,-0.031283952,-0.48536265
-11.069501037390006,7.065815741495968,-7.918843149195029,1022832705870066.0,-0.2773327,-0.28662542,-0.3802939
-11.658463288395316,6.199918572223686,-8.635791467009659,1022832740285535.0,-0.3689624,-0.59083605,-0.37296355
-12.577125190966356,5.269202522862887,-9.433716576789761,1022832772241628.0,-0.59986925,-0.22553894,-0.45115423
-13.714886922158867,5.254067131434699,-10.182339873658819,1022832806652462.0,-0.45204002,-0.030062221,-0.2678948
-14.333161620194758,4.838375674194769,-10.543552880046937,1022832838613503.0,-0.26633713,-0.34649014,-0.16893475
-14.965961325458382,4.468253082132639,-11.028626411463774,1022832873023660.0,-0.40317082,0.04812846,-0.29843804
-15.823898315449808,4.640123632292291,-11.559851759884744,1022832904985118.0,-0.49480054,0.05057192,-0.25689924
-16.80599772981038,4.697700681568337,-12.023925328138121,1022832939399024.0,-0.48747015,0.11043666,-0.21536045
-17.873847015479743,5.223139818024741,-12.495086375722892,1022832973815118.0,-0.56810427,0.33279142,-0.28011212
-18.899783824654257,5.689272608052973,-13.111799146405028,1022833005771472.0,-0.5131265,0.17518833,-0.35219413
-19.83620825968992,6.081624360862662,-13.747985030805486,1022833040185326.0,-0.44226617,0.2863657,-0.2507906
-20.625282802316374,6.789431943494076,-14.123723036543177,1022833072138243.0,-0.393397,0.42930803,-0.18848242
-21.320207439667232,7.569670861706182,-14.562684121750777,1022833106556993.0,-0.2858848,0.35600427,-0.2507906
-21.739769801848038,8.266890951330826,-15.031084520452541,1022833138513608.0,-0.19914201,0.39754307,-0.23124294
-22.245257107605326,9.136204801148157,-15.390333173985125,1022833172925066.0,-0.31520632,0.4439688,-0.13594805
-22.759231891431913,9.82388741311294,-15.65783376704888,1022833204885170.0,-0.18814644,0.28880915,-0.16282609
-22.82940706617905,10.535701398113426,-16.004044938556795,1022833239300899.0,0.1295032,0.43052977,-0.19336933
-22.387007658378078,11.258996471124727,-16.34653296943519,1022833271257670.0,0.29077148,0.3279045,-0.14572188
-21.887208310917856,11.870360535401273,-16.536206761355384,1022833305667410.0,0.20525043,0.3205741,-0.045540057
-21.50492134816421,12.451468221152302,-16.60805749989466,1022833337624597.0,0.2040287,0.2875874,-0.045540057
-21.147134381586728,12.898769929616726,-16.742868829823458,1022833372043608.0,0.14416397,0.17641005,-0.0760833
-20.911322321037282,13.20283426755961,-16.82203020659786,1022833406459285.0,0.09895996,0.09333245,0.0106594935
-20.71917272054397,13.329292358345517,-16.765606058145657,1022833438416108.0,0.10629033,0.099441096,0.025320247
-20.524923134763743,13.618219206344993,-16.787717481542362,1022833472825691.0,0.07941229,0.15686238,-0.034544498
-20.371360986851677,13.841627209336087,-16.843293235380305,1022833504787930.0,0.09773823,0.06278921,-0.014996827
-20.207823866750214,13.910754248897325,-16.859804664394098,1022833539202097.0,0.040316954,0.03957635,-0.018662013
-20.18909909885175,14.052349827621287,-16.95668038522545,1022833571158920.0,-0.010995681,0.12998432,-0.06753119
-20.197149325168045,14.310126698438589,-16.950791833020617,1022833605575014.0,0.013438909,0.072563045,0.092515364
-20.175712058799967,14.295797409365237,-16.717617843766167,1022833637530587.0,-0.01466087,-0.049609892,0.10717611
-20.28648719737573,14.378749436516886,-16.6063793804343,1022833671946576.0,-0.06841697,0.12998432,0.049754836
-20.3678623601639,14.597326343031277,-16.343066051745822,1022833706360639.0,-0.009773952,0.05057192,0.21713176
-20.334525105239926,14.606709533341235,-15.95090469854104,1022833738317618.0,0.023212746,0.015141765,0.17681469
-20.248250413758115,14.708736546107742,-15.700803857252096,1022833772728816.0,0.09162959,0.08233688,0.0815198
-20.07675078773742,14.894257086361112,-15.511904826669028,1022833804689910.0,0.07941229,0.07744997,0.13038898
-19.92520116145758,14.979746612236825,-15.213679023053329,1022833839105378.0,0.059864625,0.033467706,0.14993665
-19.913213885288286,15.138142177104667,-14.971055042067434,1022833871062149.0,-0.036652,0.092110716,0.10595438
-19.975689063825754,15.265981667559002,-14.773804155389966,1022833905476472.0,-0.026878163,0.05057192,0.11328477
-20.000101759081566,15.393402258256076,-14.51910518641775,1022833937434805.0,0.008551992,0.08966726,0.15238011
-19.93858954304707,15.511879255512442,-14.2186918929656,1022833971848503.0,0.04398215,0.017585224,0.143828
-19.945939751487877,15.601937377107774,-13.9351179444201,1022834003805274.0,-0.061086584,0.06278921,0.1731495
-20.179827286624047,15.781926823735711,-13.547642223591353,1022834038221316.0,-0.1576032,0.11410185,0.19025372
-20.522739728111016,15.897341325334665,-13.150016513882424,1022834072631316.0,-0.17837262,-0.030062221,0.21224484
-20.93670210035363,15.793412113959375,-12.704130200964245,1022834104593191.0,-0.27977616,-0.039836057,0.28432688
-21.5790392868581,15.725426770512328,-12.008042221511792,1022834139003191.0,-0.34208435,-0.06671411,0.41016504
-22.18698899178487,15.510372647159327,-11.134106230204084,1022834170964545.0,-0.2981021,-0.1375744,0.5237859
-22.616438864720617,15.336949895819354,-10.083381038722589,1022834205380430.0,-0.085521184,-0.033727415,0.4749167
-22.55536413548074,15.27729564347354,-9.299919987784765,1022834237336628.0,0.13194667,-0.041057788,0.36862624
-22.206764663888332,15.25096026426215,-8.615119501782319,1022834271754701.0,0.16126817,0.04446327,0.34174818
-22.01566504192939,15.454155788599326,-7.963608351407296,1022834303709597.0,0.06352982,0.15197545,0.35763067
-21.794990464304625,15.70939516291278,-7.202945415756048,1022834338123972.0,0.17837238,0.08355861,0.41260847
-21.29842861558199,15.784297198431648,-6.364407541267506,1022834372536368.0,0.28466284,0.028580789,0.42360404
-20.786029270886363,15.937792764422353,-5.5134840459997925,1022834404496003.0,0.25778478,0.12631914,0.5042382
-20.335317386380254,16.215432129285052,-4.37307140739556,1022834438912253.0,0.23212847,0.08966726,0.63985014
-19.716780610286904,16.255440293544147,-3.10617327916366,1022834470869441.0,0.4483746,-0.031283952,0.6960497
-18.631519200248867,16.12681750131541,-1.8504357557160664,1022834505283555.0,0.57909966,-0.032505684,0.5408901
-17.634720229216864,16.213463127364022,-0.8888248458649705,1022834537235639.0,0.48869166,0.087223805,0.53233796
-16.757358689409834,16.356527604941643,0.223937804237172,1022834571651316.0,0.40927926,-0.0129580125,0.51645553
-16.003547044130503,16.19738593754844,0.9700363797707188,1022834603612878.0,0.38117948,-0.06793584,0.2892138
-15.288847871424462,16.334675415723524,1.3694120938106418,1022834638029024.0,0.39339676,0.14220163,0.12794551
-14.245411430037235,16.3083400373286,1.5314005101377857,1022834672439910.0,0.61452985,-0.21454337,0.03631581
-13.266287438505378,15.80654865025979,1.4564872642212354,1022834704401316.0,0.3579666,-0.19133052,-0.11395691
-12.841300536090008,15.836300718882752,1.2275260087484494,1022834738815951.0,0.16371164,0.15441892,-0.11273518
-12.331876185937142,15.980871292006237,1.0370253571550159,1022834770773035.0,0.4080575,-0.06304892,-0.09563097
-11.342252212107352,15.668323653429347,0.7736766225395871,1022834805189024.0,0.5229001,-0.14979172,-0.19581279
-10.477053153949985,15.553894447509155,0.35567616192943596,1022834837145483.0,0.3982837,-0.010514554,-0.23979504
-9.823953944332368,15.41634666413208,-0.14444736290267746,1022834871561524.0,0.24923268,-0.15590036,-0.25201234
-9.510179445982425,15.079386546533646,-0.6437834009334156,1022834905976160.0,0.058642894,-0.0997008,-0.24834715
-9.425829734555899,14.881394911370746,-1.1344962694488303,1022834937933660.0,0.095294766,-0.1864436,-0.28866422
-9.024467806742248,14.302759985412795,-1.7578196717563819,1022834972349493.0,0.2871063,-0.33793804,-0.3179857
-8.471993494145822,13.646706223670355,-2.325619975835179,1022835004306003.0,0.23823711,-0.34526843,-0.29355112
-8.270743899850855,12.992033856726199,-2.8498934633186583,1022835038722097.0,-0.018326059,-0.30983827,-0.22024737
-8.38571903771994,12.418123924628613,-3.184292134419312,1022835073138347.0,-0.07941253,-0.24875179,-0.10784827
-8.516269145379937,12.016519951224128,-3.293855347223713,1022835105089753.0,-0.03543027,-0.20721301,-0.025992386
-8.346432024440555,11.367972575445847,-3.3471167435440794,1022835139506055.0,0.25656307,-0.48698902,-0.04676179
-7.615282855284163,10.27975668203792,-3.455192457787946,1022835171466576.0,0.43493557,-0.59083605,-0.05409217
-7.107521019236693,9.40519700683289,-3.4988288646051546,1022835205882878.0,0.040316954,-0.3073948,-0.00400126
-7.210946150221999,8.778718222098952,-3.5649921117076993,1022835237840118.0,-0.08918636,-0.38802895,-0.07119638
-7.299408809473012,7.930671024380406,-3.7263159272160133,1022835272254753.0,0.017104097,-0.46011102,-0.0883006
-7.186621637425064,6.973598933632325,-3.9230772185927516,1022835306666628.0,0.0378735,-0.42956775,-0.11151345
-7.250584302562565,6.29672018788846,-4.142102855339049,1022835338622514.0,-0.09529502,-0.35137707,-0.11884384
-7.4379218847845925,5.423648002792838,-4.3242516546339305,1022835373039649.0,-0.06475178,-0.5334148,-0.055313893
-7.503547045836077,4.257294675663355,-4.33607744746724,1022835405001212.0,-0.001221844,-0.7215611,0.032650623
-7.398109873013403,2.792547999883521,-4.25380145889751,1022835439415847.0,0.122172825,-0.6054968,0.0057725757
-7.126160316743353,2.0740192832720177,-4.3844521596331685,1022835471373972.0,0.13683358,-0.2731864,-0.11884384
-6.913710736054606,1.32414700215113,-4.530288489322341,1022835505788816.0,0.09285132,-0.47965866,0.011881223
-6.6870861495772775,0.4432184484165616,-4.44262686769698,1022835537746420.0,0.16615508,-0.42101565,0.052198295
-6.396411628898559,-0.14582896918401164,-4.415913332774144,1022835572162566.0,0.09285132,-0.22431722,-0.027214117
-6.291324449694165,-0.7613888649872652,-4.580212144042753,1022835606577305.0,0.013438909,-0.36359438,-0.11762211
-6.305937154185799,-1.3934676453889727,-4.776225300075682,1022835638535483.0,-0.009773952,-0.29517752,-0.08463541
-6.258599926364403,-1.9459401008859443,-4.917074122994969,1022835672946108.0,0.07941229,-0.29639924,-0.06997465
-6.002050362155614,-2.6492438169884394,-5.13461225702679,1022835704908139.0,0.16982028,-0.42101565,-0.16893475
-5.811300759913181,-3.3087286698806766,-5.393235990977974,1022835739324128.0,-0.025656436,-0.17422631,-0.032101035
-6.058750782025916,-3.5045514075443385,-5.206747597597138,1022835773739337.0,-0.15027283,-0.15101343,0.14993665
-6.230250855669886,-3.966092833226361,-5.046898541147641,1022835805697201.0,-0.01343914,-0.2768516,-0.00400126
-6.252563570208132,-4.409365372843724,-5.183022376365853,1022835840112149.0,-0.09285156,-0.15834382,-0.077305034
-6.59775098932208,-4.661081959841849,-5.293198088215221,1022835872070378.0,-0.24556772,-0.11802674,-0.033322766
-7.020113349694869,-4.9268171367261155,-5.328959500813263,1022835906481524.0,-0.12705998,-0.19377398,-0.02965758
-7.106738494335768,-5.375758568753719,-5.424172724369857,1022835938442618.0,0.0073302602,-0.26585603,-0.060200818
-7.104376229224304,-5.887806053621579,-5.55180905938828,1022835972854858.0,-0.02809989,-0.2279824,-0.058979087
-7.191001370341511,-6.341997485034415,-5.60169732001905,1022836004816576.0,-0.054977942,-0.31228173,0.008216035
-7.295126515234567,-7.11435724163029,-5.697221183258316,1022836039231576.0,-0.03298681,-0.40513316,-0.14083497
-7.39715164733874,-7.668036091277589,-6.079084183026663,1022836071189753.0,-0.09407329,-0.18033496,-0.22757776
-7.597701717533256,-7.9612462481378135,-6.376995393493609,1022836105604701.0,-0.05986486,-0.17544803,-0.055313893
-7.54826449203474,-8.682593561151329,-6.476544250923501,1022836140016160.0,0.07330365,-0.4894325,-0.07486157
-7.499177248838591,-9.338122326679473,-6.614894942762351,1022836171979128.0,-0.03543027,-0.19621742,-0.04798352
-7.591839902999805,-9.732044899864094,-6.6404188617817,1022836206394337.0,-0.012217411,-0.2780733,-0.008888178
-7.523240177138231,-10.276711252309488,-6.684532126821533,1022836238351993.0,0.06352982,-0.29151234,-0.032101035
-7.413078001273534,-10.872671160768855,-6.676193576955728,1022836272764076.0,0.05742117,-0.31350347,0.044867918
-7.3217282962291605,-11.460037480091469,-6.620644426770046,1022836304725222.0,0.013438909,-0.2780733,-0.02354893
-7.410715953828738,-11.87268504096117,-6.821868207382611,1022836339141160.0,-0.097738475,-0.11558329,-0.15793918
-7.778566103387269,-12.338249351002677,-7.344142542702673,1022836405514493.0,-0.03176508,-0.23042586,-0.1212873
-7.820653801118833,-12.695421949260387,-7.55140382439875,1022836439929545.0,-0.0158826,-0.13879615,-0.08585714
-7.791779043767222,-13.009000994947396,-7.713029502291713,1022836471887253.0,0.047647335,-0.2365345,-0.07363984
-7.651954394867228,-13.534348466750943,-7.884853306973452,1022836506303764.0,0.07696884,-0.21332166,-0.13228285
-7.541354704419464,-13.816427531166694,-8.201616360774484,1022836538260535.0,0.0378735,-0.09603562,-0.16771302
-7.515979957751713,-14.114275181205217,-8.369415172253955,1022836572672670.0,0.0012216112,-0.19743916,-0.013775095
-7.466455215327765,-14.520166650073064,-8.395940953075597,1022836604634858.0,0.040316954,-0.24019969,-0.021105472
-7.4264679806081535,-15.02775163166764,-8.323552459702137,1022836639049910.0,-0.0024435753,-0.23042586,0.116949946
-7.484918147501267,-15.373880646041112,-8.073140988485116,1022836671008399.0,-0.05864313,-0.14001787,0.10351093
-7.537418335932262,-15.679953292872412,-8.027002469307153,1022836705423503.0,0.0073302602,-0.1705611,-0.07363984
-7.5177310689820676,-15.980669842858765,-8.23929060610233,1022836737381368.0,0.010995447,-0.14734825,-0.09440924
-7.458931350600718,-16.214555047345854,-8.323789477493778,1022836771798243.0,0.047647335,-0.09847907,-0.011331636
-7.287694236294922,-16.503127697992998,-8.308013433746709,1022836806212930.0,0.11239899,-0.17300457,0.027763706
