-4.992462,-4.862091,26.943512,1764637936109407
-4.879242,-4.866638,27.79126,1764637946109407
-4.890381,-4.758997,27.155975,1764637956109407
-4.981598,-4.6632423,27.475494,1764637966109407
-5.0858765,-4.4588776,27.05371,1764637976109407
-4.9860535,-4.763151,27.262512,1764637986109407
-4.786316,-4.656868,27.474518,1764637996109407
-4.6898193,-4.8573647,27.472168,1764638006109407
-4.9813232,-4.969734,27.578796,1764638016109407
-4.9866333,-4.864992,27.261597,1764638026109407
-5.1763,-4.5677776,27.477417,1764638036109407
-4.788513,-4.349409,27.265167,1764638046109407
-4.8845215,-4.761898,27.47409,1764638056109407
-4.7915955,-4.552126,27.157318,1764638066109407
-4.8795166,-4.5601463,27.687988,1764638076109407
-4.686432,-4.246315,27.477661,1764638086109407
-4.6836853,-4.451929,27.687897,1764638096109407
-4.982422,-4.4585915,27.371307,1764638106109407
-4.9849243,-4.5594673,27.264343,1764638116109407
-5.1763,-4.5677776,27.477417,1764638126109407
-4.785492,-4.861517,27.578705,1764638136109407
-4.982971,-4.5604343,27.370392,1764638146109407
-5.0870056,-4.6625614,27.05188,1764638156109407
-4.885895,-4.659088,27.368958,1764638166109407
-4.982971,-4.5604343,27.370392,1764638176109407
-4.8783875,-4.3564625,27.68982,1764638186109407
-5.080597,-4.5636215,27.37088,1764638196109407
-4.796051,-4.652033,26.944336,1764638206109407
-4.882263,-4.3545303,27.477753,1764638216109407
-4.883087,-4.1498795,27.373535,1764638226109407
-4.8783875,-4.3564625,27.68982,1764638236109407
-4.889801,-4.657154,27.15689,1764638246109407
-4.982666,-4.1520996,27.268005,1764638256109407
-4.8850403,-4.1489124,27.267517,1764638266109407
-5.0742188,-4.464678,27.68991,1764638276109407
-4.8842163,-4.3535633,27.371704,1764638286109407
-4.7832336,-4.4541492,27.582367,1764638296109407
-4.8839417,-4.660055,27.475006,1764638306109407
-5.1821594,-4.5648766,27.159332,1764638316109407
-4.7921753,-4.653967,27.156403,1764638326109407
-4.788849,-4.757744,27.367554,1764638336109407
-4.781616,-4.863451,27.790771,1764638346109407
-4.6889343,-4.347189,27.370728,1764638356109407
-5.0689087,-4.569422,28.00708,1764638366109407
-4.8786926,-4.764797,27.792175,1764638376109407
-4.783783,-4.555992,27.581451,1764638386109407
-4.8872986,-4.55628,27.263855,1764638396109407
-4.8786926,-4.764797,27.792175,1764638406109407
-4.5913086,-4.344002,27.370209,1764638416109407
-5.08255,-4.5626545,27.264862,1764638426109407
-4.9804688,-4.4595585,27.477325,1764638436109407
-4.783783,-4.555992,27.581451,1764638446109407
-4.685364,-4.757456,27.68515,1764638456109407
-4.8819885,-4.6610203,27.581024,1764638466109407
-4.788513,-4.349409,27.265167,1764638476109407
-4.785736,-4.555027,27.475433,1764638486109407
-4.889801,-4.657154,27.15689,1764638496109407
-5.08255,-4.5626545,27.264862,1764638506109407
-4.880554,-4.0490055,27.4805,1764638516109407
-4.792755,-4.75581,27.155487,1764638526109407
-4.8884277,-4.759964,27.262024,1764638536109407
-4.9785156,-4.4605236,27.583374,1764638546109407
-4.782654,-4.3523083,27.583282,1764638556109407
-4.780792,-5.068102,27.894989,1764638566109407
-4.6900635,-4.550873,27.368896,1764638576109407
-4.778778,-4.3542423,27.79535,1764638586109407
-4.782654,-4.3523083,27.583282,1764638596109407
-4.78714,-4.452217,27.3703,1764638606109407
-4.790222,-4.654934,27.262451,1764638616109407
-4.687561,-4.449997,27.47583,1764638626109407
-4.8772583,-4.1527786,27.69165,1764638636109407
-4.794098,-4.653,27.050385,1764638646109407
-4.8867188,-4.4544373,27.26477,1764638656109407
-4.6922913,-4.243414,27.159576,1764638666109407
-4.7860107,-4.248535,27.372131,1764638676109407
-4.7929688,-4.449316,27.052216,1764638686109407
-4.7918396,-4.245634,27.054016,1764638696109407
-4.8758545,-4.2555885,27.796753,1764638706109407
-4.8778076,-4.2546215,27.690735,1764638716109407
-4.790802,-4.756777,27.261536,1764638726109407
-4.8764343,-4.3574295,27.795837,1764638736109407
-4.878937,-4.4583035,27.688904,1764638746109407
-4.779602,-4.1495914,27.691132,1764638756109407
-4.78656,-4.350376,27.371216,1764638766109407
-4.9768066,-4.154999,27.58612,1764638776109407
-4.9750977,-3.849474,27.588867,1764638786109407
-4.6853027,-4.042631,27.479492,1764638796109407
-4.680847,-3.9427204,27.692474,1764638806109407
-5.1643066,-4.165243,28.01123,1764638816109407
-4.7815247,-4.1486244,27.585114,1764638826109407
-4.8808594,-4.4573364,27.582855,1764638836109407
-4.879181,-4.1518116,27.585602,1764638846109407
-4.880554,-4.0490055,27.4805,1764638856109407
-5.0702515,-3.7517853,27.69632,1764638866109407
-4.971527,-4.2597427,27.90329,1764638876109407
-5.0780945,-4.4627457,27.477844,1764638886109407
-5.0808716,-4.2571297,27.267609,1764638896109407
-5.0769653,-4.2590637,27.479675,1764638906109407
-4.969269,-3.852375,27.906952,1764638916109407
-5.066925,-3.8555622,27.90747,1764638926109407
-4.7848816,-4.0448513,27.373962,1764638936109407
-4.7751465,-4.0496845,27.904114,1764638946109407
-4.8844604,-4.0470715,27.268433,1764638956109407
-4.8828125,-4.4563713,27.476837,1764638966109407
-4.7860107,-4.248535,27.372131,1764638976109407
-4.780731,-4.3532753,27.6893,1764638986109407
-4.8869934,-4.1479454,27.161469,1764638996109407
-4.977356,-4.2568417,27.585205,1764639006109407
-4.8850403,-4.1489124,27.267517,1764639016109407
-4.779846,-3.8430996,27.58786,1764639026109407
-4.780182,-4.2514343,27.690216,1764639036109407
-4.8842163,-4.3535633,27.371704,1764639046109407
-4.685852,-4.144472,27.478577,1764639056109407
-4.984375,-4.4576244,27.265259,1764639066109407
-4.887207,-3.8414536,27.058197,1764639076109407
-4.7840576,-4.249502,27.47815,1764639086109407
-4.883087,-4.1498795,27.373535,1764639096109407
-5.0694275,-3.9564362,27.800507,1764639106109407
-4.9768066,-4.154999,27.58612,1764639116109407
-4.971527,-4.2597427,27.90329,1764639126109407
-4.890045,-4.350662,27.05362,1764639136109407
-4.7840576,-4.249502,27.47815,1764639146109407
-4.784607,-4.351343,27.477234,1764639156109407
-5.0828247,-4.2561626,27.16156,1764639166109407
-4.982422,-4.4585915,27.371307,1764639176109407
-4.873352,-4.1547127,27.903717,1764639186109407
-5.0780945,-4.4627457,27.477844,1764639196109407
-4.777405,-4.4570503,27.900452,1764639206109407
-4.870819,-4.0538387,28.01065,1764639216109407
-4.878601,-4.0499706,27.586517,1764639226109407
-4.6881104,-4.55184,27.474915,1764639236109407
-5.072815,-4.5674877,27.795013,1764639246109407
-4.688385,-4.245348,27.371643,1764639256109407
-4.8652954,-4.4650726,28.431122,1764639266109407
-4.8828125,-4.4563713,27.476837,1764639276109407
-4.794342,-4.346508,26.947083,1764639286109407
-4.686981,-4.348156,27.476746,1764639296109407
-4.982086,-4.0502586,27.26892,1764639306109407
-5.167389,-4.36796,27.903381,1764639316109407
-5.0691833,-4.26293,27.903809,1764639326109407
-4.983795,-4.3557835,27.266174,1764639336109407
-5.071686,-4.363804,27.796844,1764639346109407
-4.6897583,-4.142538,27.26651,1764639356109407
-4.882263,-4.3545303,27.477753,1764639366109407
-4.979828,-3.642891,27.272583,1764639376109407
-4.87973,-4.2536545,27.584686,1764639386109407
-4.879181,-4.1518116,27.585602,1764639396109407
-4.880005,-3.9471626,27.481415,1764639406109407
-4.887787,-3.9432945,27.057281,1764639416109407
-5.0761414,-4.463711,27.583862,1764639426109407
-4.874481,-4.3583965,27.901886,1764639436109407
-4.8778076,-4.2546215,27.690735,1764639446109407
-4.8861694,-4.3525963,27.265686,1764639456109407
-4.78656,-4.350376,27.371216,1764639466109407
-4.8788757,-3.7434788,27.483246,1764639476109407
-5.0719604,-4.057312,27.693573,1764639486109407
-4.970978,-4.1579,27.904205,1764639496109407
-5.162384,-4.16621,28.11728,1764639506109407
-4.881134,-4.1508465,27.479584,1764639516109407
-4.8747253,-4.0519047,27.798584,1764639526109407
-4.9795837,-3.9493828,27.375885,1764639536109407
-4.777649,-4.1505585,27.79718,1764639546109407
-4.984619,-4.1511326,27.161987,1764639556109407
-4.875305,-4.1537457,27.797668,1764639566109407
-4.8766785,-4.0509377,27.692566,1764639576109407
-4.7782288,-4.2524014,27.796265,1764639586109407
-4.981262,-4.2549095,27.373138,1764639596109407
-4.87973,-4.2536545,27.584686,1764639606109407
-4.7812195,-3.7402916,27.482727,1764639616109407
-5.073883,-4.056345,27.587524,1764639626109407
-4.880554,-4.0490055,27.4805,1764639636109407
-5.07251,-4.159153,27.692657,1764639646109407
-5.072754,-3.8526611,27.589355,1764639656109407
-5.072754,-3.8526611,27.589355,1764639666109407
-4.8694763,-4.1566467,28.115784,1764639676109407
-4.7821045,-4.2504673,27.584198,1764639686109407
-4.986328,-4.4566574,27.15924,1764639696109407
-4.5874023,-4.345934,27.582275,1764639706109407
-4.4897766,-4.342745,27.581787,1764639716109407
-5.0820007,-4.4608116,27.265778,1764639726109407
-4.6889343,-4.347189,27.370728,1764639736109407
-4.7817993,-3.8421345,27.481812,1764639746109407
-4.965149,-4.160801,28.22232,1764639756109407
-4.7821045,-4.2504673,27.584198,1764639766109407
-4.982666,-4.1520996,27.268005,1764639776109407
-4.88031,-4.3554955,27.58377,1764639786109407
-4.789337,-4.144758,27.16098,1764639796109407
-4.788513,-4.349409,27.265167,1764639806109407
-4.789093,-4.45125,27.264282,1764639816109407
-4.988495,-4.1491985,26.94992,1764639826109407
-4.684723,-3.9407883,27.480408,1764639836109407
-4.97406,-4.3606167,27.796356,1764639846109407
-4.682556,-4.248247,27.689728,1764639856109407
-4.779358,-4.4560833,27.794434,1764639866109407
-5.0705566,-4.16012,27.798676,1764639876109407
-4.5893555,-4.344969,27.476257,1764639886109407
-4.8833923,-4.558214,27.475922,1764639896109407
-4.5896606,-4.7533016,27.578613,1764639906109407
-4.782654,-4.3523083,27.583282,1764639916109407
-4.982971,-4.5604343,27.370392,1764639926109407
-4.785736,-4.555027,27.475433,1764639936109407
-4.7950134,-5.1631756,27.151825,1764639946109407
-5.073944,-4.7711716,27.793182,1764639956109407
-4.78656,-4.350376,27.371216,1764639966109407
-4.8853455,-4.557247,27.369873,1764639976109407
-4.787689,-4.55406,27.369385,1764639986109407
-4.685608,-4.450962,27.581879,1764639996109407
-4.5896606,-4.7533016,27.578613,1764640006109407
-4.7974243,-4.549225,26.839233,1764640016109407
-4.982727,-4.866926,27.473663,1764640026109407
-5.091461,-4.7624702,26.838898,1764640036109407
-4.8856506,-4.965582,27.47226,1764640046109407
-4.6931458,-4.7535896,27.261017,1764640056109407
-4.977722,-4.6651745,27.687561,1764640066109407
-4.887848,-4.658121,27.26294,1764640076109407
-4.78833,-5.3707256,27.574127,1764640086109407
-4.9861145,-5.4779778,27.46817,1764640096109407
-4.8848267,-5.170229,27.576447,1764640106109407
-4.7953186,-5.5715103,27.254211,1764640116109407
-4.7972717,-5.5705433,27.148163,1764640126109407
-4.593048,-5.3643513,27.57312,1764640136109407
-5.0895996,-5.478264,27.150574,1764640146109407
-4.5928345,-5.670845,27.676422,1764640156109407
-4.798401,-5.774227,27.146332,1764640166109407
-4.994232,-5.8824425,27.146423,1764640176109407
-4.79895,-5.876068,27.145416,1764640186109407
-4.8000793,-6.079752,27.143585,1764640196109407
-4.8957825,-6.083906,27.250122,1764640206109407
-4.8017883,-6.3852787,27.140839,1764640216109407
-4.993164,-6.393587,27.353912,1764640226109407
-4.805908,-6.076851,26.8255,1764640236109407
-4.7945557,-6.490986,27.564056,1764640246109407
-4.705841,-6.6876163,27.137604,1764640256109407
-4.7091675,-6.5838394,26.926453,1764640266109407
-5.0188293,-7.504177,26.283508,1764640276109407
-4.4157715,-7.1872616,27.13153,1764640286109407
-4.908386,-7.303108,26.921051,1764640296109407
-4.428009,-7.283304,26.494415,1764640306109407
-4.7239685,-7.4955826,26.388062,1764640316109407
-4.526764,-7.4901733,26.493073,1764640326109407
-4.3298645,-7.893099,26.7005,1764640336109407
-4.5329285,-7.895607,26.277344,1764640346109407
-4.4322205,-7.689703,26.384735,1764640356109407
-4.9181824,-8.013102,26.596527,1764640366109407
-4.531555,-7.998419,26.382477,1764640376109407
-4.731842,-8.206541,26.169586,1764640386109407
-4.7285156,-8.310316,26.380737,1764640396109407
-4.538269,-8.505693,26.165833,1764640406109407
-4.9212646,-8.2158165,26.488678,1764640416109407
-4.833435,-8.922621,26.163666,1764640426109407
-4.743805,-8.609076,25.635742,1764640436109407
-4.5416565,-9.116743,26.16034,1764640446109407
-4.539154,-9.015869,26.267303,1764640456109407
-4.544403,-8.911123,25.950104,1764640466109407
-4.746643,-9.118284,25.631165,1764640476109407
-4.3522644,-9.822292,26.046906,1764640486109407
-4.8529663,-9.627777,25.30899,1764640496109407
-4.451874,-9.824514,25.941376,1764640506109407
-4.353668,-9.719484,25.941772,1764640516109407
-4.462738,-10.023363,25.409363,1764640526109407
-3.7756348,-9.696495,25.514648,1764640536109407
-4.1698303,-10.0138,25.407867,1764640546109407
-4.6560364,-10.0307045,25.516418,1764640556109407
-4.077545,-10.620697,25.295837,1764640566109407
-3.88031,-10.615288,25.400879,1764640576109407
-3.8825684,-11.0226555,25.397217,1764640586109407
-3.690094,-10.810665,25.185974,1764640596109407
-3.7894287,-11.119381,25.183746,1764640606109407
-3.2133179,-11.095417,24.650574,1764640616109407
-3.6019897,-11.823963,24.964264,1764640626109407
-3.215332,-11.80928,24.750214,1764640636109407
-3.503479,-11.310596,24.862305,1764640646109407
-3.3165894,-12.117023,24.641937,1764640656109407
-3.216217,-12.319454,24.851654,1764640666109407
-3.5169067,-12.325146,24.429016,1764640676109407
-3.7079468,-11.925121,24.539734,1764640686109407
-3.5216064,-12.118565,24.112762,1764640696109407
-3.5275269,-12.83049,24.000336,1764640706109407
-3.3241577,-12.419651,24.321075,1764640716109407
-3.821228,-12.635403,23.897614,1764640726109407
-3.6243286,-13.038326,24.105011,1764640736109407
-3.8287659,-12.93803,23.576782,1764640746109407
-4.120636,-13.458733,23.785767,1764640756109407
-3.9294739,-13.143936,23.469421,1764640766109407
-4.4137573,-13.161804,23.68399,1764640776109407
-4.4223633,-12.953285,23.15564,1764640786109407
-4.2299194,-13.45612,23.150055,1764640796109407
-4.2374573,-13.758743,22.829224,1764640806109407
-4.5328674,-13.869183,22.723785,1764640816109407
-4.041382,-13.95702,22.932434,1764640826109407
-4.6374817,-14.073154,22.404358,1764640836109407
-4.346283,-14.369114,22.400085,1764640846109407
-4.539917,-14.784794,22.609497,1764640856109407
-4.244751,-14.367863,22.611664,1764640866109407
-4.548828,-14.984608,22.183533,1764640876109407
-4.64032,-14.582363,22.39978,1764640886109407
-4.638672,-14.991661,22.608185,1764640896109407
-4.555481,-14.777058,21.76123,1764640906109407
-4.557434,-14.776093,21.655212,1764640916109407
-4.6526184,-15.393227,21.968323,1764640926109407
-4.5680237,-15.281433,21.226501,1764640936109407
-4.4668274,-15.688515,21.540436,1764640946109407
-4.1883545,-15.467533,20.692505,1764640956109407
-4.7725525,-15.895958,20.9039,1764640966109407
-4.568939,-15.791611,21.327942,1764640976109407
-4.4835205,-15.88446,20.690338,1764640986109407
-4.2924805,-16.284489,20.57965,1764640996109407
-4.3875732,-16.186798,20.687103,1764641006109407
-4.4832764,-16.190956,20.79364,1764641016109407
-4.205139,-16.378307,20.048065,1764641026109407
-4.506378,-16.485847,19.624512,1764641036109407
-4.503601,-16.691463,19.834747,1764641046109407
-4.4168396,-16.887123,19.302246,1764641056109407
-4.3139343,-16.988678,19.618958,1764641066109407
-4.7050476,-17.103271,19.620026,1764641076109407
-4.6124268,-17.301834,19.40564,1764641086109407
-4.5212097,-17.397587,19.08612,1764641096109407
-4.4196777,-17.396332,19.297699,1764641106109407
-4.6266174,-17.396908,18.662476,1764641116109407
-4.5906982,-18.11925,18.599243,1764641126109407
-4.887726,-17.82038,18.2854,1764641136109407
-4.7061462,-18.522062,17.747803,1764641146109407
-4.6048584,-18.214323,17.85611,1764641156109407
-4.701355,-18.013823,17.858429,1764641166109407
-4.605774,-18.724497,17.95755,1764641176109407
-4.8177185,-18.92682,17.10846,1764641186109407
-4.817993,-18.620329,17.005157,1764641196109407
-4.732025,-18.611338,16.36847,1764641206109407
-4.9253235,-18.618681,16.475494,1764641216109407
-4.5412292,-18.704874,16.15448,1764641226109407
-4.4500427,-19.515451,16.04065,1764641236109407
-4.555481,-19.514772,15.617004,1764641246109407
-4.5515747,-19.516706,15.829071,1764641256109407
-4.1705017,-19.805616,15.400177,1764641266109407
-4.377716,-19.499697,14.661713,1764641276109407
-4.378845,-19.703379,14.659882,1764641286109407
-4.3877563,-19.903196,14.233917,1764641296109407
-4.7740784,-19.509546,14.345612,1764641306109407
-4.3974915,-19.89836,13.703735,1764641316109407
-4.4906616,-19.801638,13.917236,1764641326109407
-4.4050293,-20.200987,13.382904,1764641336109407
-4.4147644,-20.196154,12.852722,1764641346109407
-4.417511,-19.990538,12.642487,1764641356109407
-4.2381287,-20.384764,11.895599,1764641366109407
-4.4372864,-20.389204,11.68454,1764641376109407
-4.2473145,-20.278086,11.366364,1764641386109407
-4.248108,-20.073435,11.262146,1764641396109407
-4.06369,-20.265905,10.7291565,1764641406109407
-3.7785645,-20.252478,10.303528,1764641416109407
-3.7824707,-20.250547,10.091461,1764641426109407
-3.97052,-20.36263,10.515686,1764641436109407
-3.802246,-20.649214,9.133484,1764641446109407
-3.6141968,-20.53713,8.70929,1764641456109407
-3.61615,-20.536161,8.603241,1764641466109407
-3.712677,-20.335665,8.605591,1764641476109407
-3.7229614,-20.432673,8.074493,1764641486109407
-3.5393372,-20.4205,7.4372864,1764641496109407
-3.2581482,-20.405134,6.799591,1764641506109407
-3.1643982,-20.400015,6.587036,1764641516109407
-2.882019,-20.180964,5.951172,1764641526109407
-3.7738647,-23.579226,4.668518,1764641536109407
-3.774109,-23.272734,4.565216,1764641546109407
-3.68927,-23.467428,3.9266968,1764641556109407
-3.1154175,-23.136011,3.184204,1764641566109407
-3.5181885,-23.244802,2.5490723,1764641576109407
-3.3239746,-22.72729,2.3406067,1764641586109407
-3.1367493,-22.410547,1.8121643,1764641596109407
-3.2560425,-22.096613,0.5430298,1764641606109407
-2.861847,-21.779306,0.6498108,1764641616109407
-2.7842407,-21.868288,-0.4119568,1764641626109407
-2.5978394,-21.346907,-1.0445862,1764641636109407
-2.121582,-21.018671,-1.78656,1764641646109407
-2.0333862,-20.60232,-2.4195862,1764641656109407
-1.6544495,-19.86894,-3.2634583,1764641666109407
-1.6713257,-19.043573,-4.422516,1764641676109407
-1.0888062,-18.205847,-4.8423157,1764641686109407
-1.1902466,-17.492273,-5.259552,1764641696109407
-1.2015991,-17.078138,-5.998108,1764641706109407
-0.4404297,-15.715162,-7.474701,1764641716109407
-0.3505249,-14.99328,-8.10498,1764641726109407
-0.90167236,-19.480467,-10.547516,1764641736109407
-0.8187256,-18.959368,-11.497742,1764641746109407
-0.4189148,-17.623642,-11.381805,1764641756109407
0.0625,-15.664009,-12.321228,1764641766109407
0.25338745,-15.042715,-12.740845,1764641776109407
0.8304138,-13.793753,-13.581146,1764641786109407
0.93426514,-12.670307,-13.571594,1764641796109407
1.1307068,-11.745422,-13.776398,1764641806109407
1.5292358,-9.592062,-13.971252,1764641816109407
1.9254456,-8.560894,-13.964111,1764641826109407
2.4248352,-7.2229443,-13.742645,1764641836109407
2.1420593,-6.1141815,-13.519012,1764641846109407
2.841858,-3.853283,-13.290314,1764641856109407
3.346527,-2.620078,-12.751678,1764641866109407
3.6437073,-1.4892893,-12.849152,1764641876109407
3.859375,-0.26758003,-12.096924,1764641886109407
3.9660034,0.65025043,-11.877136,1764641896109407
4.7772827,2.601077,-10.803406,1764641906109407
4.795746,3.817377,-10.1562195,1764641916109407
5.099823,4.434123,-9.728119,1764641926109407
5.512146,5.5593987,-8.871765,1764641936109407
6.0371704,7.2931123,-7.3742676,1764641946109407
6.7338257,8.636467,-7.04776,1764641956109407
7.0546265,9.4491625,-5.7695312,1764641966109407
7.370117,10.3666,-4.808502,1764641976109407
7.029236,12.269508,-2.668457,1764641986109407
7.3469543,12.879487,-1.4981079,1764641996109407
7.66803,14.100516,-0.32226562,1764642006109407
7.596924,15.00327,0.85284424,1764642016109407
7.83313,15.704168,2.8728943,1764642026109407
8.393768,17.52232,6.279907,1764642036109407
8.433899,18.421494,8.196747,1764642046109407
8.877594,19.22481,10.852905,1764642056109407
9.006622,18.906036,12.652222,1764642066109407
9.152405,19.49804,15.095978,1764642076109407
9.441345,19.151514,20.287842,1764642086109407
9.380157,19.028116,22.302063,1764642096109407
9.6206665,18.39927,24.946411,1764642106109407
9.465332,17.14759,27.481232,1764642116109407
8.765228,14.835165,32.554688,1764642126109407
9.374512,13.106544,34.338684,1764642136109407
8.922607,11.540743,36.766235,1764642146109407
8.366699,9.872813,38.875275,1764642156109407
8.798096,6.699463,42.02588,1764642166109407
8.401642,5.9747877,41.915466,1764642176109407
8.227112,4.4262834,43.493225,1764642186109407
8.044739,2.8816462,44.64685,1764642196109407
7.474823,0.09732437,46.321686,1764642206109407
6.9890747,-0.53256416,46.63681,1764642216109407
7.188843,-0.42628193,46.848785,1764642226109407
6.9879456,-0.736248,46.63498,1764642236109407
7.088928,-0.83683586,46.84561,1764642246109407
6.9907227,-0.94186497,46.845215,1764642256109407
7.4947815,-0.5253277,47.588593,1764642266109407
7.000763,-0.53836536,47.27301,1764642276109407
7.1968384,-0.73664093,47.37619,1764642286109407
6.9039307,-0.7462034,47.377686,1764642296109407
7.194916,-0.7356739,47.270172,1764642306109407
7.18631,-0.5271559,46.74182,1764642316109407
7.193268,-0.3263731,47.061768,1764642326109407
6.983246,-0.52966404,46.318695,1764642336109407
6.9968567,-0.5364313,47.060944,1764642346109407
6.7100525,-0.8553858,47.483826,1764642356109407
7.095886,-0.63605213,47.165558,1764642366109407
7.0911865,-0.4294691,46.849274,1764642376109407
7.192383,-0.8365488,47.163208,1764642386109407
6.9949036,-0.53546524,46.954895,1764642396109407
6.9985657,-0.23090553,47.06369,1764642406109407
6.901184,-0.5405855,47.16745,1764642416109407
6.90036,-0.3359356,47.063263,1764642426109407
7.098633,-0.84167004,47.375793,1764642436109407
7.1904297,-0.8355818,47.05719,1764642446109407
7.1818542,-0.62706375,46.52884,1764642456109407
7.187439,-0.32347298,46.743652,1764642466109407
7.0046387,-0.54029846,47.485077,1764642476109407
6.9941406,-0.33081436,46.850708,1764642486109407
6.798767,-1.0520153,47.057343,1764642496109407
6.906189,-0.33883667,47.381348,1764642506109407
6.90506,-0.54251957,47.379517,1764642516109407
7.09198,-0.63411903,46.95349,1764642526109407
7.001007,-0.8448572,47.37628,1764642536109407
7.090637,-0.5313101,46.84836,1764642546109407
6.8068542,-0.6475487,47.37912,1764642556109407
7.002136,-0.6411743,47.378113,1764642566109407
6.996063,-0.3317814,46.956726,1764642576109407
7.2897644,-0.5268688,47.059418,1764642586109407
7.2850647,-0.32028484,46.743164,1764642596109407
6.9974365,-0.4345894,47.06186,1764642606109407
7.094513,-0.5332432,47.060425,1764642616109407
7.0950623,-0.4314022,47.06134,1764642626109407
7.088928,-0.83683586,46.84561,1764642636109407
7.2819824,-0.5230017,46.635284,1764642646109407
6.9042664,-0.33786964,47.27533,1764642656109407
7.1818542,-0.62706375,46.52884,1764642666109407
6.805725,-0.8512325,47.37729,1764642676109407
7.1968384,-0.73664093,47.37619,1764642686109407
7.087555,-0.7340269,46.74051,1764642696109407
7.098419,-0.53517723,47.27249,1764642706109407
6.8875427,-0.53381824,46.425232,1764642716109407
6.9963074,-0.63827324,47.060028,1764642726109407
6.9968567,-0.5364313,47.060944,1764642736109407
7.4908752,-0.5233946,47.376526,1764642746109407
7.383545,-0.5217476,46.846863,1764642756109407
7.195221,-0.32734013,47.167786,1764642766109407
7.289215,-0.62871075,47.058502,1764642776109407
6.893982,-0.4348774,46.744232,1764642786109407
6.9039307,-0.7462034,47.377686,1764642796109407
7.000763,-0.53836536,47.27301,1764642806109407
7.085602,-0.7330599,46.63446,1764642816109407
7.086151,-0.63121796,46.635376,1764642826109407
7.094513,-0.5332432,47.060425,1764642836109407
7.000763,-0.53836536,47.27301,1764642846109407
7.089508,-0.73499393,46.846527,1764642856109407
7.001343,-0.43652344,47.273926,1764642866109407
6.8967285,-0.64049435,46.954468,1764642876109407
6.895355,-0.5376854,46.849365,1764642886109407
7.287018,-0.32125187,46.849182,1764642896109407
7.0981445,-0.22868538,47.16922,1764642906109407
7.1910095,-0.73373985,47.058105,1764642916109407
7.379059,-0.62165546,46.63388,1764642926109407
7.101166,-0.7407942,47.482727,1764642936109407
7.0992126,-0.7398281,47.37671,1764642946109407
7.100586,-0.8426361,47.48181,1764642956109407
6.993561,-0.4326563,46.849792,1764642966109407
6.9904785,-0.6353731,46.741913,1764642976109407
7.4844666,-0.62233543,47.057526,1764642986109407
6.9943542,-0.63730717,46.95398,1764642996109407
6.9957275,-0.74011517,47.059113,1764643006109407
7.188843,-0.42628193,46.848785,1764643016109407
7.2975464,-0.53073597,47.48355,1764643026109407
7.1927185,-0.42821503,47.060852,1764643036109407
7.196045,-0.53199005,47.272003,1764643046109407
7.193268,-0.3263731,47.061768,1764643056109407
7.188263,-0.5281229,46.84787,1764643066109407
6.895935,-0.43584442,46.85028,1764643076109407
7.107025,-0.74369526,47.800842,1764643086109407
7.093689,-0.3285942,46.956238,1764643096109407
7.0836487,-0.73209286,46.528442,1764643106109407
7.4844666,-0.62233543,47.057526,1764643116109407
7.1877136,-0.6299648,46.846954,1764643126109407
6.9924316,-0.63634014,46.84796,1764643136109407
6.9974365,-0.4345894,47.06186,1764643146109407
7.0911865,-0.4294691,46.849274,1764643156109407
6.9937744,-0.7391491,46.953064,1764643166109407
7.2816772,-0.93133545,46.73767,1764643176109407
7.1929626,-0.7347069,47.164124,1764643186109407
7.090637,-0.5313101,46.84836,1764643196109407
7.100891,-0.43430328,47.379456,1764643206109407
7.4811707,-0.5185604,46.846375,1764643216109407
6.9904785,-0.6353731,46.741913,1764643226109407
7.1999207,-0.53392315,47.48407,1764643236109407
7.2853394,-0.62677765,46.846436,1764643246109407
7.189636,-0.63093185,46.952972,1764643256109407
7.192383,-0.8365488,47.163208,1764643266109407
6.891449,-0.53575134,46.6373,1764643276109407
7.095886,-0.63605213,47.165558,1764643286109407
6.9885254,-0.6344061,46.635895,1764643296109407
7.2897644,-0.5268688,47.059418,1764643306109407
7.089508,-0.73499393,46.846527,1764643316109407
7.100891,-0.43430328,47.379456,1764643326109407
6.9976807,-0.7410822,47.16513,1764643336109407
7.6834106,-0.31140232,47.165283,1764643346109407
7.682831,-0.41324425,47.164368,1764643356109407
7.2931213,-0.6306448,47.27057,1764643366109407
7.384094,-0.41990662,46.84778,1764643376109407
7.197174,-0.32830715,47.273834,1764643386109407
7.867798,-0.5038767,46.632294,1764643396109407
6.9937744,-0.7391491,46.953064,1764643406109407
7.6780396,-0.9214859,47.053772,1764643416109407
7.6786194,-0.819644,47.054688,1764643426109407
7.383545,-0.5217476,46.846863,1764643436109407
7.6803284,-0.5141182,47.057434,1764643446109407
7.388794,-0.62648964,47.164062,1764643456109407
6.893402,-0.53671837,46.743317,1764643466109407
7.098419,-0.53517723,47.27249,1764643476109407
7.1935425,-0.63286495,47.16504,1764643486109407
7.1901855,-0.5290899,46.953888,1764643496109407
7.0881042,-0.632185,46.741425,1764643506109407
7.0892334,-0.42850208,46.743256,1764643516109407
7.1000977,-0.2296524,47.275238,1764643526109407
6.99881,-0.53739834,47.16696,1764643536109407
7.094818,-0.124910355,46.95807,1764643546109407
6.992981,-0.5344982,46.848877,1764643556109407
7.491211,-0.115060806,47.27417,1764643566109407
7.289856,0.18795681,46.85376,1764643576109407
7.2893066,0.08611488,46.852844,1764643586109407
7.39032,0.7003536,46.85785,1764643596109407
7.493225,0.59879875,47.17453,1764643606109407
7.2938232,0.90084934,46.86017,1764643616109407
7.3850403,0.8050966,46.54065,1764643626109407
7.1856384,1.1071463,46.22632,1764643636109407
7.089386,1.0011511,46.33191,1764643646109407
7.3786926,1.4209805,46.01599,1764643656109407
7.4793396,0.91205883,46.32901,1764643666109407
7.3758545,0.9117718,46.011414,1764643676109407
7.4749756,1.5269766,45.91037,1764643686109407
7.3851013,1.5199223,46.33499,1764643696109407
7.5690002,1.9404316,45.59543,1764643706109407
7.3842773,1.7245731,46.230804,1764643716109407
7.477234,1.9343443,45.914032,1764643726109407
7.5740356,2.1421824,45.809326,1764643736109407
7.464966,1.8383036,45.276917,1764643746109407
7.468292,1.7345276,45.488068,1764643756109407
7.4703064,2.4483871,45.388428,1764643766109407
7.4639587,3.064272,44.86377,1764643776109407
7.559387,3.374918,44.65393,1764643786109407
7.561432,4.0887775,44.55432,1764643796109407
7.5480957,4.5038795,43.709717,1764643806109407
7.63443,5.6360283,42.764984,1764643816109407
7.724365,6.3579087,42.134674,1764643826109407
7.6120605,6.8726315,41.185455,1764643836109407
7.799011,7.495858,40.55374,1764643846109407
7.9740906,8.431377,39.182556,1764643856109407
8.263458,9.566033,38.66095,1764643866109407
8.049286,9.671168,37.60254,1764643876109407
8.039642,10.390829,36.8667,1764643886109407
7.833893,11.3087635,36.02768,1764643896109407
7.8083496,11.627825,34.54596,1764643906109407
7.9004517,12.042247,34.12497,1764643916109407
7.598694,12.547694,33.494843,1764643926109407
7.965637,12.878537,32.117157,1764643936109407
7.7426147,13.498682,30.427124,1764643946109407
7.7370605,13.909917,30.006653,1764643956109407
7.71933,14.225109,28.949066,1764643966109407
7.512665,14.63287,28.211487,1764643976109407
7.4993896,15.047971,27.366882,1764643986109407
7.47052,15.470808,25.674011,1764643996109407
7.4644165,15.780199,25.252625,1764644006109407
7.444397,15.688026,24.191376,1764644016109407
7.535675,16.307098,23.666199,1764644026109407
7.3852234,16.636505,20.700531,1764644036109407
6.966614,16.841942,19.113861,1764644046109407
6.8478394,16.542896,18.05127,1764644056109407
6.9190674,16.354969,16.670532,1764644066109407
6.889038,16.574121,14.97583,1764644076109407
6.352478,16.275862,12.430786,1764644086109407
6.8033447,15.9018345,10.516022,1764644096109407
6.381897,15.598062,8.924774,1764644106109407
6.159912,14.992237,7.647888,1764644116109407
5.111145,13.872973,4.037689,1764644126109407
5.1728516,13.383387,2.2300415,1764644136109407
5.036743,12.071725,0.52212524,1764644146109407
4.520691,11.252655,-0.75509644,1764644156109407
4.1893005,9.934618,-2.4620056,1764644166109407
3.5437622,7.5963345,-5.024872,1764644176109407
3.6140442,6.183404,-6.0985107,1764644186109407
2.8982544,5.258051,-7.5877075,1764644196109407
2.4805908,3.5226917,-8.5555725,1764644206109407
2.1381226,-0.13867378,-10.17749,1764644216109407
1.6311646,-1.7792473,-10.719818,1764644226109407
1.4129333,-3.816656,-11.373322,1764644236109407
1.7020874,-4.826479,-11.277924,1764644246109407
0.5994873,-7.9109936,-11.936066,1764644256109407
0.20492554,-9.351463,-11.734833,1764644266109407
0.09719849,-10.472977,-11.956451,1764644276109407
-0.10934448,-11.801363,-12.179413,1764644286109407
-0.49554443,-13.143856,-11.553101,1764644296109407
-0.99502563,-15.196629,-11.568909,1764644306109407
-0.99502563,-15.196629,-11.568909,1764644316109407
-1.3641052,-17.670986,-9.680267,1764644326109407
-1.2629395,-18.792889,-9.160675,1764644336109407
-1.8453369,-20.651937,-8.431915,1764644346109407
-2.1280212,-21.279318,-7.6936646,1764644356109407
-2.215973,-22.002165,-6.9573364,1764644366109407
-1.6321411,-22.696898,-6.860718,1764644376109407
-1.5240479,-23.618025,-6.021179,1764644386109407
-2.4885254,-24.67702,-5.071045,1764644396109407
-2.8684998,-24.899248,-4.434662,1764644406109407
-2.9539795,-25.521223,-3.5914001,1764644416109407
-2.943756,-26.139044,-2.8546448,1764644426109407
-3.1232605,-27.17447,-1.6964417,1764644436109407
-3.4006042,-27.191767,-0.8466797,1764644446109407
-3.4031067,-27.292643,-0.9536133,1764644456109407
-3.58313,-27.715086,-0.0019836426,1764644466109407
-3.5673218,-28.02931,0.94958496,1764644476109407
-3.4558105,-28.33938,1.7945862,1764644486109407
-3.8449707,-28.454943,1.9017029,1764644496109407
-3.732544,-28.254839,2.6452637,1764644506109407
-3.720642,-28.56713,3.3847656,1764644516109407
-3.7062073,-28.778547,4.231201,1764644526109407
-3.7999268,-28.78367,4.443756,1764644536109407
-4.282837,-28.904352,4.7634583,1764644546109407
-4.0739746,-28.904745,5.5046997,1764644556109407
-4.2450256,-29.12737,6.8822937,1764644566109407
-4.345459,-28.92494,6.6725464,1764644576109407
-4.0470276,-29.326612,7.091522,1764644586109407
-4.138275,-29.23086,7.4110413,1764644596109407
-4.030884,-29.232508,7.9407043,1764644606109407
-4.0047607,-29.449724,9.42334,1764644616109407
-4.4845886,-29.367685,9.850891,1764644626109407
-4.084564,-29.053278,10.275757,1764644636109407
-4.5755005,-28.8636,10.068024,1764644646109407
-4.5560303,-28.873266,11.128357,1764644656109407
-4.447296,-28.97772,11.763153,1764644666109407
-4.8347473,-28.787756,11.873016,1764644676109407
-4.624176,-28.482622,12.616974,1764644686109407
-4.714264,-28.183184,12.938324,1764644696109407
-4.7960205,-27.785776,13.684723,1764644706109407
-5.000763,-28.093805,13.25885,1764644716109407
-4.876953,-27.593008,14.535309,1764644726109407
-5.0602417,-27.196852,15.070129,1764644736109407
-4.8627625,-27.497934,15.278473,1764644746109407
-4.950897,-27.199465,15.705841,1764644756109407
-4.949768,-26.995783,15.707672,1764644766109407
-5.039337,-26.594503,16.029938,1764644776109407
-4.9294434,-26.495275,16.666534,1764644786109407
-4.8237,-26.087618,16.987793,1764644796109407
-5.203369,-25.901518,17.52179,1764644806109407
-5.0045166,-26.305414,17.835236,1764644816109407
-5.0960083,-25.90317,18.051483,1764644826109407
-5.1065674,-25.693682,17.417114,1764644836109407
-5.277588,-25.201483,18.58905,1764644846109407
-5.185211,-25.093554,18.271362,1764644856109407
-4.9877625,-25.394636,18.479675,1764644866109407
-5.180786,-24.993643,18.484344,1764644876109407
-5.061676,-24.286264,19.44455,1764644886109407
-5.159546,-23.982962,19.341766,1764644896109407
-5.1523438,-24.08867,19.764984,1764644906109407
-5.246063,-24.093794,19.97754,1764644916109407
-5.138397,-23.687101,20.404816,1764644926109407
-5.1358643,-23.58623,20.51178,1764644936109407
-5.144226,-23.684202,20.086731,1764644946109407
-5.0312805,-23.382257,20.831207,1764644956109407
-5.2345886,-23.078276,20.30478,1764644966109407
-5.025116,-22.976824,21.046936,1764644976109407
-5.11911,-22.675451,21.15622,1764644986109407
-4.727997,-22.560862,21.15512,1764644996109407
-4.8192444,-22.465109,21.47464,1764645006109407
-5.1071167,-22.27292,21.690033,1764645016109407
-5.001953,-21.967108,22.010376,1764645026109407
-5.2993164,-22.076578,21.79889,1764645036109407
-5.008026,-21.657717,21.58899,1764645046109407
-4.8010864,-21.65714,22.224182,1764645056109407
-4.8959045,-21.151121,22.229279,1764645066109407
-4.795746,-21.047056,22.335724,1764645076109407
-4.7990723,-20.943281,22.124573,1764645086109407
-4.8894653,-21.05218,22.548279,1764645096109407
-4.9842834,-20.546156,22.553375,1764645106109407
-4.7848206,-20.133383,22.662048,1764645116109407
-4.7904053,-20.436972,22.447235,1764645126109407
-4.881653,-20.341219,22.766754,1764645136109407
-4.7764587,-20.035406,23.087097,1764645146109407
-4.679657,-19.82757,22.982391,1764645156109407
-4.866577,-19.735971,23.408447,1764645166109407
-4.570587,-19.523691,23.514801,1764645176109407
-4.7686157,-19.324446,23.305573,1764645186109407
-4.663208,-19.325129,23.729218,1764645196109407
-4.4642944,-19.014194,23.836975,1764645206109407
-4.857605,-18.821327,23.628754,1764645216109407
-4.6648254,-18.915827,23.520813,1764645226109407
-4.7582703,-18.512611,23.630981,1764645236109407
-4.7557373,-18.411737,23.737946,1764645246109407
-4.4639893,-18.60586,23.73462,1764645256109407
-4.1707764,-18.187962,23.630737,1764645266109407
-4.5534973,-18.204582,24.056885,1764645276109407
-4.5479126,-17.900988,24.271698,1764645286109407
-4.5545654,-17.69344,23.849365,1764645296109407
-4.458069,-17.893936,23.847046,1764645306109407
-4.645569,-17.904177,24.272186,1764645316109407
-4.453583,-17.794025,24.060028,1764645326109407
-4.4513245,-17.386658,24.06369,1764645336109407
-4.248535,-17.07766,24.383545,1764645346109407
-4.1489563,-17.075438,24.489075,1764645356109407
-4.644348,-16.985668,24.06836,1764645366109407
-4.4463196,-17.184908,24.277588,1764645376109407
-4.43573,-16.679565,24.706299,1764645386109407
-4.1567383,-17.071571,24.064941,1764645396109407
-4.1497803,-16.870787,24.384857,1764645406109407
-4.348694,-17.181723,24.2771,1764645416109407
-4.442108,-16.778507,24.387268,1764645426109407
-4.440155,-16.779474,24.493317,1764645436109407
-4.535858,-16.78363,24.599854,1764645446109407
-3.9464111,-16.459948,24.705627,1764645456109407
-3.8454285,-16.560534,24.91629,1764645466109407
-4.1414185,-16.772814,24.809906,1764645476109407
-4.1430664,-16.363512,24.601501,1764645486109407
-4.43515,-16.577724,24.707214,1764645496109407
-4.434601,-16.475883,24.70813,1764645506109407
-4.534729,-16.579947,24.601685,1764645516109407
-4.43515,-16.577724,24.707214,1764645526109407
-4.1459045,-16.87272,24.596924,1764645536109407
-4.137207,-16.366413,24.919617,1764645546109407
-4.147766,-16.156927,24.285248,1764645556109407
-4.337433,-15.859711,24.501038,1764645566109407
-4.131653,-16.06282,25.13443,1764645576109407
-4.23761,-16.163982,24.70987,1764645586109407
-4.138336,-16.570097,24.917786,1764645596109407
-4.433441,-16.2722,24.70996,1764645606109407
-4.4309387,-16.171324,24.816895,1764645616109407
-4.14386,-16.158861,24.497314,1764645626105114
-4.3427734,-16.469795,24.389526,1764645636105270
-4.3346863,-16.065329,24.711273,1764645646105270
-4.2423096,-15.957397,24.393616,1764645656105270
-4.245392,-16.160114,24.285736,1764645666105270
-4.331909,-16.270947,24.921509,1764645676105270
-4.1428223,-16.670004,24.704803,1764645686105270
-4.3441772,-16.366985,24.284424,1764645696105270
-4.236786,-16.368633,24.814087,1764645706105270
-4.3358154,-16.269012,24.709442,1764645716105270
-4.3361206,-16.677345,24.811829,1764645726105270
-4.3377686,-16.268045,24.603424,1764645736105270
-4.236786,-16.368633,24.814087,1764645746105270
-4.434845,-16.16939,24.604828,1764645756105270
-4.4301147,-16.375975,24.921112,1764645766105270
-4.339691,-16.267078,24.497375,1764645776105270
-4.431488,-16.273167,24.815979,1764645786105270
-4.3286133,-16.37472,25.13266,1764645796105270
-4.33136,-16.169104,24.922424,1764645806105270
-4.14386,-16.158861,24.497314,1764645816105270
-4.5380554,-16.476171,24.390533,1764645826105270
-4.138031,-16.161762,24.8154,1764645836105270
-4.12912,-15.961945,25.241364,1764645846105270
-4.2431946,-16.467575,24.495056,1764645856105270
-4.2342834,-16.26776,24.92102,1764645866105270
-4.431183,-15.864832,24.713623,1764645876105270
-4.432068,-16.375008,24.815063,1764645886105270
-4.2390137,-16.061174,24.604767,1764645896105270
-4.33078,-16.067263,24.92334,1764645906105270
-4.33136,-16.169104,24.922424,1764645916105270
-4.433441,-16.2722,24.70996,1764645926105270
-4.333557,-15.861645,24.713104,1764645936105270
-4.4364624,-15.760088,24.396423,1764645946105270
-4.23761,-16.163982,24.70987,1764645956105270
-4.4361877,-16.066582,24.499725,1764645966105270
-4.3355103,-15.860678,24.607086,1764645976105270
-4.3291016,-15.761736,24.926086,1764645986105270
-4.329651,-15.863579,24.92517,1764645996105270
-4.2348022,-15.654774,24.714447,1764646006105270
-3.6534119,-15.735556,24.498474,1764646016105270
-4.137146,-15.651587,24.713959,1764646026105270
-4.5282593,-15.766178,24.715027,1764646036105270
-4.2373047,-15.755648,24.607513,1764646046105270
-4.2278137,-15.453989,25.034363,1764646056105270
-4.4203186,-15.665981,25.245605,1764646066105270
-4.4267273,-15.764923,24.926605,1764646076105270
-4.432007,-15.660181,24.609406,1764646086105270
-4.519348,-15.566362,25.140991,1764646096105270
-4.6138916,-15.366833,25.24936,1764646106105270
-4.525482,-15.971796,24.925262,1764646116105270
-4.523224,-15.56443,24.928925,1764646126105270
-4.330475,-15.658928,24.820984,1764646136105270
-4.426422,-15.35659,24.824219,1764646146105270
-4.4261475,-15.663082,24.92752,1764646156105270
-3.9329834,-15.4453945,25.138916,1764646166105270
-4.320984,-15.357269,25.247864,1764646176105270
-4.229767,-15.453024,24.928345,1764646186105270
-3.9290771,-15.447329,25.350983,1764646196105270
-3.5449219,-15.53352,25.029968,1764646206105270
-4.038391,-15.4447155,24.715271,1764646216105270
-3.4472961,-15.530333,25.02945,1764646226105270
-4.128479,-15.145277,25.036621,1764646236105270
-4.4203186,-15.665981,25.245605,1764646246105270
-4.234497,-15.246439,24.61206,1764646256105270
-4.4241943,-15.664047,25.033539,1764646266105270
-4.23172,-15.452057,24.822296,1764646276105270
-4.2364197,-15.245472,24.506042,1764646286105270
-4.333008,-15.759802,24.71402,1764646296105270
-4.5204773,-15.770044,25.13916,1764646306105270
-4.617218,-15.263056,25.038208,1764646316105270
-4.4286804,-15.763956,24.820557,1764646326105270
-3.9399414,-15.646179,24.81897,1764646336105270
-4.222809,-15.252239,25.24826,1764646346105270
-4.3268127,-15.35437,24.929749,1764646356105270
-4.334961,-15.758835,24.608002,1764646366105270
-4.324066,-15.559986,25.139984,1764646376105270
-3.6419983,-15.434864,25.031372,1764646386105270
-4.2322693,-15.5539,24.82138,1764646396105270
-4.4269714,-15.458431,24.823303,1764646406105270
-4.230896,-15.656708,24.926514,1764646416105270
-4.1290283,-15.247118,25.035706,1764646426105270
-4.726288,-15.5669365,24.505798,1764646436105270
-4.328827,-16.068228,25.029388,1764646446105270
-4.4286804,-15.763956,24.820557,1764646456105270
-4.333252,-15.45331,24.610748,1764646466105270
-4.332672,-15.351469,24.611664,1764646476105270
-4.3232727,-15.764635,25.244202,1764646486105270
-4.139679,-15.7524605,24.606995,1764646496105270
-4.6219788,-15.771299,24.927612,1764646506105270
-4.5204773,-15.770044,25.13916,1764646516105270
-4.5212708,-15.565395,25.034973,1764646526105270
-4.425598,-15.561241,24.928436,1764646536105270
-4.3351746,-15.452343,24.5047,1764646546105270
-4.0386963,-15.85305,24.817657,1764646556105270
-4.523529,-15.972761,25.031311,1764646566105270
-4.228943,-15.657673,25.032532,1764646576105270
-4.3310547,-15.760769,24.820068,1764646586105270
-4.4261475,-15.663082,24.92752,1764646596105270
-4.4295044,-15.559307,24.71637,1764646606105270
-4.334381,-15.656994,24.608917,1764646616105270
-4.4275513,-15.560274,24.822388,1764646626105270
-4.332428,-15.657961,24.714935,1764646636105270
-4.423401,-15.868698,25.137756,1764646646105270
-4.225891,-15.454956,25.140411,1764646656105270
-4.318207,-15.562887,25.4581,1764646666105270
-4.3276978,-15.864544,25.03122,1764646676105270
-4.331848,-15.55612,24.71585,1764646686105270
-4.339386,-15.858744,24.39502,1764646696105270
-3.846527,-16.04939,24.708801,1764646706105270
-4.1341248,-16.163694,25.027466,1764646716105270
-3.7363281,-15.541828,25.243042,1764646726105270
-4.036743,-15.854017,24.923676,1764646736105270
-4.325226,-15.763668,25.138153,1764646746105270
-4.2261963,-15.863291,25.242798,1764646756105270
-4.230316,-15.554867,24.92743,1764646766105270
-4.1346436,-15.550713,24.820892,1764646776105270
-4.327942,-15.558054,24.927917,1764646786105270
-4.327942,-15.558054,24.927917,1764646796105270
-4.4211426,-15.46133,25.141418,1764646806105270
-4.1332397,-15.653521,24.926025,1764646816105270
-4.028656,-15.449549,25.245453,1764646826105270
-4.238098,-15.550999,24.503296,1764646836105270
-4.028961,-15.857883,25.347809,1764646846105270
-4.4241943,-15.664047,25.033539,1764646856105270
