-3.8851929,-8.065701,26.018768,1765868090248826
-3.7975464,-7.7511864,25.384796,1765868100248826
-4.187256,-7.96859,25.491028,1765868110248826
-3.988922,-7.759495,25.59787,1765868120248826
-3.9855957,-7.86327,25.809021,1765868130248826
-3.888214,-7.5535927,25.70523,1765868140248826
-4.080139,-7.663742,25.917389,1765868150248826
-4.1858826,-8.071396,25.59613,1765868160248826
-4.090454,-7.760746,25.386322,1765868170248826
-3.9881287,-7.9641457,25.702087,1765868180248826
-3.79422,-7.8549614,25.595947,1765868190248826
-3.9959106,-7.9602776,25.277954,1765868200248826
-3.893219,-7.7553406,25.491333,1765868210248826
-3.989746,-7.554844,25.493683,1765868220248826
-3.9864197,-7.6586227,25.704834,1765868230248826
-3.9916992,-7.553875,25.387634,1765868240248826
-3.9867249,-8.066952,25.80719,1765868250248826
-3.9825134,-7.660557,25.9169,1765868260248826
-4.0754395,-7.870323,26.233673,1765868270248826
-4.189209,-7.967621,25.38498,1765868280248826
-4.0915833,-7.964432,25.384491,1765868290248826
-4.0915833,-7.964432,25.384491,1765868300248826
-3.8918457,-7.8581467,25.596466,1765868310248826
-4.0857544,-7.9673347,25.702576,1765868320248826
-4.082428,-8.07111,25.913727,1765868330248826
-3.7850647,-7.9616394,26.125214,1765868340248826
-4.0898743,-7.658905,25.387238,1765868350248826
-4.1719666,-7.6698303,26.235992,1765868360248826
-4.181427,-7.971489,25.809113,1765868370248826
-3.8860168,-7.8610497,25.91455,1765868380248826
-4.0812683,-7.867424,25.915558,1765868390248826
-4.0812683,-7.867424,25.915558,1765868400248826
-4.0849304,-8.171982,25.806793,1765868410248826
-4.0762634,-7.665676,26.129456,1765868420248826
-3.9872131,-7.453968,25.600616,1765868430248826
-4.0846252,-7.763649,25.704407,1765868440248826
-3.9875488,-7.8623047,25.703003,1765868450248826
-3.889923,-7.8591156,25.702484,1765868460248826
-3.4946594,-8.052948,26.016754,1765868470248826
-3.9869995,-7.7604637,25.703918,1765868480248826
-3.9902954,-7.6566887,25.492767,1765868490248826
-4.088501,-7.761715,25.49234,1765868500248826
-4.1847534,-7.86771,25.597961,1765868510248826
-3.795044,-7.6503143,25.49176,1765868520248826
-3.9925537,-8.064053,25.489105,1765868530248826
-4.086334,-8.069176,25.70166,1765868540248826
-4.083496,-7.559967,25.706238,1765868550248826
-3.8860168,-7.8610497,25.91455,1765868560248826
-3.7928467,-7.9577713,25.70108,1765868570248826
-4.0846252,-7.763649,25.704407,1765868580248826
-3.9859009,-8.271606,25.911407,1765868590248826
-4.08963,-7.9654007,25.490509,1765868600248826
-3.9894714,-7.8613358,25.596954,1765868610248826
-4.1847534,-7.86771,25.597961,1765868620248826
-3.9953308,-7.8584366,25.27887,1765868630248826
-3.9839172,-7.557743,25.811768,1765868640248826
-4.086548,-7.76268,25.598389,1765868650248826
-4.0929565,-7.861622,25.279358,1765868660248826
-4.0910034,-7.862587,25.385406,1765868670248826
-4.0821533,-8.377602,26.017029,1765868680248826
-4.0779724,-7.971203,26.126709,1765868690248826
-3.7958984,-8.160488,25.593231,1765868700248826
-3.7889404,-7.9597054,25.913147,1765868710248826
-3.9967346,-7.7556305,25.173737,1765868720248826
-3.889923,-7.8591156,25.702484,1765868730248826
-4.1861267,-7.764904,25.492828,1765868740248826
-3.8912659,-7.7563057,25.597382,1765868750248826
-4.097992,-8.063374,25.06546,1765868760248826
-4.089386,-8.271889,25.593811,1765868770248826
-3.8902283,-8.267448,25.80487,1765868780248826
-3.8020325,-7.851097,25.171814,1765868790248826
-3.6954346,-7.6480904,25.59729,1765868800248826
-4.0760193,-7.972168,26.232758,1765868810248826
-3.7836914,-8.0644455,26.230316,1765868820248826
-3.9922485,-7.6557198,25.386719,1765868830248826
-4.0812683,-7.867424,25.915558,1765868840248826
-4.1853027,-7.969555,25.597046,1765868850248826
-4.2862854,-7.868965,25.386383,1765868860248826
-4.0927124,-8.168114,25.38266,1765868870248826
-4.0918274,-7.65794,25.281189,1765868880248826
-4.181427,-7.971489,25.809113,1765868890248826
-4.1875305,-7.662094,25.387726,1765868900248826
-4.18396,-8.072365,25.702179,1765868910248826
-3.9914246,-7.8603706,25.490936,1765868920248826
-3.6982117,-7.4424744,25.387054,1765868930248826
-4.2815857,-8.07555,25.702667,1765868940248826
-3.9869995,-7.7604637,25.703918,1765868950248826
-4.0915833,-7.964432,25.384491,1765868960248826
-4.1886597,-7.865776,25.385895,1765868970248826
-3.8935242,-8.163673,25.59372,1765868980248826
-3.8873901,-7.7582397,25.809448,1765868990248826
-4.2901917,-7.867035,25.174316,1765869000248826
-4.0851746,-7.86549,25.703491,1765869010248826
-3.7967224,-7.9558372,25.489014,1765869020248826
-4.097412,-7.9615326,25.066376,1765869030248826
-4.2888184,-7.969841,25.27945,1765869040248826
-4.276001,-7.771961,25.91748,1765869050248826
-4.0820923,-7.662773,25.81137,1765869060248826
-4.1864014,-7.458412,25.389557,1765869070248826
-4.0829163,-7.458126,25.707153,1765869080248826
-4.07959,-7.561901,25.918304,1765869090248826
-4.1791687,-7.5641212,25.812775,1765869100248826
-4.0854187,-7.558998,25.60022,1765869110248826
-4.276001,-7.771961,25.91748,1765869120248826
-4.0915833,-7.964432,25.384491,1765869130248826
-4.0846252,-7.763649,25.704407,1765869140248826
-4.189209,-7.967621,25.38498,1765869150248826
-3.8009033,-7.647415,25.173645,1765869160248826
-4.0960693,-8.0643425,25.171509,1765869170248826
-3.8904724,-7.9609604,25.701569,1765869180248826
-4.1853027,-7.969555,25.597046,1765869190248826
-3.9928284,-7.7575607,25.385803,1765869200248826
-4.2804565,-7.871868,25.704498,1765869210248826
-4.190613,-7.864811,25.279877,1765869220248826
-4.380005,-7.8740845,25.598969,1765869230248826
-4.088501,-7.761715,25.49234,1765869240248826
-4.0907593,-8.169083,25.488678,1765869250248826
-4.2765503,-7.873802,25.916565,1765869260248826
-3.9928284,-7.7575607,25.385803,1765869270248826
-3.9939575,-7.9612427,25.383972,1765869280248826
-4.080139,-7.663742,25.917389,1765869290248826
-3.6923828,-7.4453773,25.70517,1765869300248826
-4.1855774,-7.663063,25.493744,1765869310248826
-4.182251,-7.766838,25.704895,1765869320248826
-4.1841736,-7.765869,25.598877,1765869330248826
-3.9786377,-7.662491,26.128967,1765869340248826
-3.9858704,-7.556778,25.70575,1765869350248826
-4.081543,-7.560932,25.812286,1765869360248826
-4.1849976,-7.561222,25.49466,1765869370248826
-4.074005,-7.2583084,26.133118,1765869380248826
-3.8843079,-7.5555267,25.917297,1765869390248826
-4.0762634,-7.665676,26.129456,1765869400248826
-4.182495,-7.460346,25.601624,1765869410248826
-4.1722107,-7.3633385,26.13269,1765869420248826
-3.7977905,-7.4446945,25.281525,1765869430248826
-4.5738525,-7.268444,25.49942,1765869440248826
-4.7591553,-7.5861473,26.13388,1765869450248826
-4.764679,-7.1749115,25.71341,1765869460248826
-4.9591064,-7.3859367,25.818604,1765869470248826
-5.3540955,-7.498596,25.607635,1765869480248826
-5.058136,-7.286316,25.71399,1765869490248826
-5.5496216,-7.1984787,25.50534,1765869500248826
-5.5476685,-7.199444,25.611359,1765869510248826
-6.1332703,-7.5250626,25.717651,1765869520248826
-5.7390747,-7.207752,25.824432,1765869530248826
-6.136261,-7.012953,25.404144,1765869540248826
-6.5215454,-7.1304474,25.723328,1765869550248826
-6.5267944,-7.0257053,25.406128,1765869560248826
-6.8191223,-6.933424,25.408539,1765869570248826
-6.9067383,-6.5331078,25.836853,1765869580248826
-6.9059143,-6.7377605,25.94104,1765869590248826
-7.206024,-6.641617,25.519318,1765869600248826
-7.4046326,-6.5442123,25.309174,1765869610248826
-7.5022583,-6.5474014,25.309662,1765869620248826
-7.3103943,-7.1520767,25.303192,1765869630248826
-7.6922607,-6.6585217,25.627869,1765869640248826
-7.793213,-6.557932,25.417206,1765869650248826
-8.188232,-6.6705875,25.206238,1765869660248826
-8.185974,-6.26322,25.20987,1765869670248826
-8.181244,-6.4698067,25.526154,1765869680248826
-8.577881,-6.1731644,25.106781,1765869690248826
-8.962006,-6.086973,25.427795,1765869700248826
-8.868835,-6.183695,25.214294,1765869710248826
-9.157288,-6.0933475,25.428772,1765869720248826
-9.546997,-6.310749,25.534973,1765869730248826
-9.950623,-6.2148895,24.795654,1765869740248826
-9.943054,-5.912262,25.116516,1765869750248826
-10.137756,-5.8167953,25.118439,1765869760248826
-9.849884,-6.0089836,24.903015,1765869770248826
-10.530823,-5.930422,25.013489,1765869780248826
-10.539734,-6.1302376,24.587524,1765869790248826
-10.432129,-6.4383755,25.220459,1765869800248826
-10.539734,-6.1302376,24.587524,1765869810248826
-10.8289795,-5.8352413,24.697784,1765869820248826
-10.735809,-5.931963,24.484314,1765869830248826
-11.1241455,-6.2521725,24.695648,1765869840248826
-11.418152,-5.7505894,24.489655,1765869850248826
-11.412048,-6.0599823,24.911041,1765869860248826
-11.517151,-5.6509705,24.38501,1765869870248826
-11.717438,-5.8590965,24.17212,1765869880248826
-12.107971,-5.8718452,24.174133,1765869890248826
-12.30246,-6.0828724,24.279327,1765869900248826
-12.682129,-5.8967705,24.813324,1765869910248826
-12.986389,-5.492197,24.076263,1765869920248826
-13.1796875,-5.4995384,24.183289,1765869930248826
-13.372772,-5.8133736,24.393616,1765869940248826
-13.473175,-5.6109467,24.183868,1765869950248826
-14.065063,-5.320677,23.765472,1765869960248826
-14.065063,-5.320677,23.765472,1765869970248826
-14.168243,-4.91263,23.34552,1765869980248826
-14.75766,-5.236313,23.239746,1765869990248826
-14.460327,-5.1268425,23.451202,1765870000248826
-15.239441,-5.153311,23.561249,1765870010248826
-14.761017,-5.1325397,23.028595,1765870020248826
-15.039154,-4.9451847,23.77414,1765870030248826
-15.039978,-4.7405357,23.669952,1765870040248826
-15.439423,-4.953102,23.245972,1765870050248826
-15.642731,-4.6491165,22.719543,1765870060248826
-15.642731,-4.6491165,22.719543,1765870070248826
-16.313599,-4.167053,23.257812,1765870080248826
-16.61267,-4.582052,23.04358,1765870090248826
-17.302765,-4.3968105,22.624756,1765870100248826
-17.595642,-3.6915474,22.420624,1765870110248826
-17.797607,-4.2051983,22.204956,1765870120248826
-18.29242,-4.013584,21.785156,1765870130248826
-18.293,-4.115427,21.78424,1765870140248826
-18.881561,-3.928934,21.577026,1765870150248826
-18.691559,-3.8178177,21.25882,1765870160248826
-18.987823,-3.7236042,21.049164,1765870170248826
-19.179169,-3.7319145,21.262238,1765870180248826
-19.674255,-3.2338085,20.739166,1765870190248826
-20.067383,-4.062258,20.839874,1765870200248826
-20.367188,-3.5577793,20.315765,1765870210248826
-20.372223,-3.759529,20.101868,1765870220248826
-21.052826,-3.2726326,20.109955,1765870230248826
-21.067566,-3.4695492,19.365906,1765870240248826
-21.16214,-3.2700195,19.474243,1765870250248826
-21.650879,-3.3877983,19.47583,1765870260248826
-21.959595,-3.0831337,18.525787,1765870270248826
-22.453064,-2.9943275,18.21109,1765870280248826
-22.740112,-3.006792,18.5307,1765870290248826
-22.748444,-3.1047668,18.105652,1765870300248826
-23.23941,-2.9150887,17.897919,1765870310248826
-23.15036,-2.7033825,17.36908,1765870320248826
-23.74591,-2.7176743,16.841919,1765870330248826
-24.045197,-2.8261776,16.524414,1765870340248826
-24.043243,-2.8271446,16.630432,1765870350248826
-24.53534,-2.8411484,16.420868,1765870360248826
-25.13144,-2.957281,15.892792,1765870370248826
-25.141754,-3.054287,15.361694,1765870380248826
-25.245483,-2.748083,14.940826,1765870390248826
-25.25299,-3.0507069,14.619965,1765870400248826
-25.557007,-2.952629,13.986176,1765870410248826
-25.753082,-2.7543526,13.882996,1765870420248826
-25.948364,-2.760727,13.883972,1765870430248826
-25.954437,-2.451336,13.462585,1765870440248826
-26.255707,-2.5588722,13.0390625,1765870450248826
-26.358612,-2.4573174,12.722351,1765870460248826
-26.755554,-2.5690098,12.405365,1765870470248826
-26.4599,-2.7650642,12.614075,1765870480248826
-26.663208,-2.4610786,12.087677,1765870490248826
-27.15918,-2.4731503,11.666046,1765870500248826
-27.167786,-2.2646313,11.137695,1765870510248826
-27.26654,-2.4715023,11.136353,1765870520248826
-27.757202,-2.588314,11.031921,1765870530248826
-27.674255,-2.0672169,10.081696,1765870540248826
-27.573303,-2.1678066,10.292358,1765870550248826
-27.969666,-2.177658,9.976257,1765870560248826
-27.877869,-2.171568,9.657654,1765870570248826
-28.374084,-1.8771439,9.132721,1765870580248826
-28.475616,-1.8783989,8.921173,1765870590248826
-28.582489,-2.4897385,8.5980835,1765870600248826
-28.685883,-1.7751999,8.074799,1765870610248826
-28.694244,-1.8731728,7.6497498,1765870620248826
-28.794952,-2.0790768,7.542389,1765870630248826
-28.799103,-1.7706528,7.227051,1765870640248826
-28.989655,-1.9836102,7.5443115,1765870650248826
-28.793823,-1.8753929,7.54422,1765870660248826
-28.991272,-1.5743103,7.335907,1765870670248826
-29.297241,-1.4752636,6.5961,1765870680248826
-29.114227,-1.564928,5.9579773,1765870690248826
-29.207153,-1.7747021,6.2747498,1765870700248826
-29.412964,-1.5715904,5.641388,1765870710248826
-29.50534,-1.6795197,5.9590454,1765870720248826
-29.414917,-1.5706253,5.5353394,1765870730248826
-29.32254,-1.4626961,5.2176514,1765870740248826
-29.314209,-1.3647194,5.6427,1765870750248826
-29.424652,-1.5657902,5.005188,1765870760248826
-29.517822,-1.4690704,5.2186584,1765870770248826
-29.515625,-1.7765293,5.4279785,1765870780248826
-29.32312,-1.564537,5.216736,1765870790248826
-29.620483,-1.6740055,5.005249,1765870800248826
-29.711456,-1.8847446,5.42807,1765870810248826
-29.423828,-1.770441,5.109375,1765870820248826
-29.628265,-1.6701393,4.5811157,1765870830248826
-29.532562,-1.6659851,4.4746094,1765870840248826
-29.529816,-1.871603,4.684845,1765870850248826
-29.73288,-1.8741093,4.261688,1765870860248826
-29.638,-1.6653042,4.0509644,1765870870248826
-29.43631,-1.5599899,4.368988,1765870880248826
-29.632141,-1.6682053,4.369049,1765870890248826
-29.634094,-1.6672382,4.263031,1765870900248826
-29.642761,-2.1735477,3.9403687,1765870910248826
-29.832153,-1.4679985,4.0538025,1765870920248826
-29.54013,-1.9686108,4.1537476,1765870930248826
-29.439392,-1.7627068,4.2611084,1765870940248826
-29.737,-1.5656834,3.94635,1765870950248826
-29.443878,-1.8626137,4.048126,1765870960248826
-29.542084,-1.9676437,4.0477295,1765870970248826
-29.435486,-1.7646408,4.473175,1765870980248826
-29.440521,-1.9663906,4.2592773,1765870990248826
-29.537872,-1.561243,4.1574097,1765871000248826
-29.24414,-1.7563324,4.2601013,1765871010248826
-29.438843,-1.6608639,4.262024,1765871020248826
-29.33786,-1.7614536,4.472687,1765871030248826
-29.341766,-1.7595196,4.26062,1765871040248826
-29.63327,-1.8718891,4.367218,1765871050248826
-29.3443,-1.8603935,4.153656,1765871060248826
-28.844696,-1.543766,4.684082,1765871070248826
-29.433868,-2.1739426,4.6815796,1765871080248826
-29.535645,-1.8687019,4.3667297,1765871090248826
-29.428833,-1.9721909,4.8954773,1765871100248826
-29.227173,-1.8668747,5.213501,1765871110248826
-29.227173,-1.8668747,5.213501,1765871120248826
-29.328735,-1.8681278,5.0019226,1765871130248826
-29.319,-1.872963,5.5321045,1765871140248826
-29.221924,-1.9716187,5.53067,1765871150248826
-29.317596,-1.975771,5.637207,1765871160248826
-29.311432,-1.5703373,5.852936,1765871170248826
-29.128174,-1.9664955,5.318115,1765871180248826
-29.414093,-1.7752743,5.639557,1765871190248826
-29.212433,-1.6699581,5.95755,1765871200248826
-29.303406,-1.8806973,6.380371,1765871210248826
-28.997711,-1.6732502,7.0169067,1765871220248826
-28.815216,-1.8647594,6.3778687,1765871230248826
-28.899231,-1.8747139,7.1206055,1765871240248826
-28.898102,-1.67103,7.1224365,1765871250248826
-28.704529,-1.9701824,7.118683,1765871260248826
-28.796356,-1.9762688,7.4372864,1765871270248826
-28.702576,-1.9711494,7.224701,1765871280248826
-28.687836,-1.7742329,7.9687805,1765871290248826
-29.085907,-2.0896053,7.649933,1765871300248826
-28.69284,-1.9759827,7.754883,1765871310248826
-28.678406,-2.1874008,8.601318,1765871320248826
-28.382996,-2.0769615,8.706757,1765871330248826
-28.277344,-2.3841324,9.233673,1765871340248826
-28.268982,-2.2861595,9.658722,1765871350248826
-27.983887,-2.2727299,9.233093,1765871360248826
-28.364136,-2.1884727,9.766174,1765871370248826
-27.871216,-2.379116,10.079956,1765871380248826
-27.761932,-2.381731,10.715637,1765871390248826
-27.655945,-2.280569,11.140198,1765871400248826
-27.75357,-2.2837563,11.140686,1765871410248826
-27.849823,-2.3897514,11.246307,1765871420248826
-27.349976,-2.3796158,11.880005,1765871430248826
-27.06128,-2.776453,11.768829,1765871440248826
-26.761627,-2.2596169,11.983948,1765871450248826
-27.141663,-2.4818516,12.620331,1765871460248826
-26.657928,-2.5658207,12.404846,1765871470248826
-26.536285,-1.7575684,13.472015,1765871480248826
-26.245422,-2.4618645,13.570129,1765871490248826
-26.543884,-2.7750187,13.356812,1765871500248826
-25.664062,-2.5426483,13.3541565,1765871510248826
-25.266296,-2.6356068,13.77536,1765871520248826
-25.834015,-2.5615902,14.733582,1765871530248826
-25.14862,-2.540245,14.836121,1765871540248826
-24.857117,-2.4278736,14.729492,1765871550248826
-25.043549,-2.9492588,15.362122,1765871560248826
-24.733368,-2.6419048,16.21164,1765871570248826
-24.630463,-2.7434597,16.52832,1765871580248826
-24.034912,-2.729168,17.055481,1765871590248826
-23.840454,-2.5181446,16.950287,1765871600248826
-23.33899,-2.9173088,17.792389,1765871610248826
-23.137634,-3.2203255,18.212769,1765871620248826
-22.548737,-2.9984818,18.317627,1765871630248826
-22.051392,-3.089222,18.84439,1765871640248826
-22.143188,-3.0953102,19.162994,1765871650248826
-21.651428,-3.4896412,19.474915,1765871660248826
-21.06311,-3.3696404,19.578857,1765871670248826
-21.05783,-3.4743824,19.896057,1765871680248826
-20.563843,-3.4613457,20.21167,1765871690248826
-19.866516,-3.7522926,21.05368,1765871700248826
-20.060669,-3.5549831,21.056519,1765871710248826
-19.575531,-3.7417622,20.946136,1765871720248826
-19.175873,-3.8356876,21.473389,1765871730248826
-18.588104,-3.8175297,21.576416,1765871740248826
-18.384216,-4.0196724,22.10376,1765871750248826
-18.090515,-4.2147617,22.206482,1765871760248826
-17.687134,-4.0041275,22.842499,1765871770248826
-17.400665,-4.093508,22.521973,1765871780248826
-16.895294,-4.494604,23.576141,1765871790248826
-16.125,-3.9531288,22.834503,1765871800248826
-16.10611,-4.06464,23.89392,1765871810248826
-15.723114,-4.354513,23.571075,1765871820248826
-15.62207,-3.7402744,23.57605,1765871830248826
-15.123901,-4.0356636,24.207,1765871840248826
-14.640198,-4.1196346,23.991547,1765871850248826
-14.343964,-4.213848,24.201172,1765871860248826
-14.0329895,-4.111143,25.154907,1765871870248826
-13.445251,-4.092985,25.257935,1765871880248826
-12.965973,-4.276865,24.829468,1765871890248826
-12.861053,-3.6645584,25.046509,1765871900248826
-12.361176,-3.6544228,25.680237,1765871910248826
-11.483948,-4.237755,25.776276,1765871920248826
-11.095337,-4.224037,25.668243,1765871930248826
-10.70871,-4.2093525,25.454163,1765871940248826
-10.310944,-4.302311,25.875397,1765871950248826
-10.801361,-4.7256165,25.874237,1765871960248826
-9.721558,-4.693453,26.186829,1765871970248826
-9.332367,-4.577896,26.079712,1765871980248826
-9.531311,-4.88883,25.971924,1765871990248826
-9.141022,-4.5695877,25.866638,1765872000248826
-8.737396,-4.6654453,26.605957,1765872010248826
-8.454559,-5.0593853,26.176666,1765872020248826
-8.447571,-4.8586006,26.496582,1765872030248826
-8.060699,-5.150408,26.385803,1765872040248826
-7.6698914,-5.444153,26.487091,1765872050248826
-7.478546,-5.4358444,26.274048,1765872060248826
-7.4715576,-5.2350597,26.593964,1765872070248826
-7.283844,-5.531311,26.272125,1765872080248826
-7.085205,-5.6287117,26.48227,1765872090248826
-6.792328,-5.6191483,26.480774,1765872100248826
-6.788452,-5.6210804,26.69284,1765872110248826
-6.4980164,-5.7123966,26.584381,1765872120248826
-6.6913757,-5.719736,26.691437,1765872130248826
-6.4023438,-5.7082405,26.477844,1765872140248826
-6.4087524,-5.8071804,26.158844,1765872150248826
-6.29776,-5.5042686,26.797302,1765872160248826
-6.2983093,-5.6061096,26.796387,1765872170248826
-6.29718,-5.4024277,26.798218,1765872180248826
-6.007599,-5.289091,26.58554,1765872190248826
-5.9121704,-4.978445,26.375732,1765872200248826
-5.6151123,-5.2773037,26.689575,1765872210248826
-5.905243,-5.492487,26.901306,1765872220248826
-5.418457,-5.373741,26.793701,1765872230248826
-5.419861,-5.2709293,26.688599,1765872240248826
-5.322235,-5.267744,26.68808,1765872250248826
-5.614319,-5.4819565,26.793793,1765872260248826
-5.327484,-5.163004,26.37091,1765872270248826
-5.0293274,-5.2581806,26.686584,1765872280248826
-5.419281,-5.1690884,26.689514,1765872290248826
-5.1288757,-5.260401,26.581055,1765872300248826
-5.0285034,-5.4628296,26.790802,1765872310248826
-4.9269104,-4.74675,26.796692,1765872320248826
-5.115509,-4.960678,27.220001,1765872330248826
-5.0298767,-5.3600216,26.685669,1765872340248826
-5.1294556,-5.3622456,26.58014,1765872350248826
-5.125824,-5.057684,26.688904,1765872360248826
-4.91803,-5.2617607,27.428314,1765872370248826
-5.225708,-5.468237,26.68576,1765872380248826
-5.2187195,-5.267456,27.005676,1765872390248826
-5.2209473,-4.9599953,26.796356,1765872400248826
-5.0201416,-5.3648567,27.21582,1765872410248826
-5.0273743,-5.2591476,26.792603,1765872420248826
-5.2128906,-5.270357,27.323792,1765872430248826
-5.2232056,-5.367363,26.792694,1765872440248826
-5.125824,-5.057684,26.688904,1765872450248826
-5.0401917,-5.4570293,26.154602,1765872460248826
-5.1219177,-5.059618,26.90097,1765872470248826
-5.123871,-5.058651,26.794952,1765872480248826
-5.1216736,-5.3661118,27.004272,1765872490248826
-5.0240173,-5.3629227,27.003784,1765872500248826
-5.224579,-5.264555,26.687592,1765872510248826
-5.119171,-5.265234,27.111206,1765872520248826
-4.9283447,-5.3587704,26.897247,1765872530248826
-4.923889,-5.2588596,27.11023,1765872540248826
-4.5378113,-5.346018,26.895233,1765872550248826
-4.537506,-4.937683,26.792877,1765872560248826
-4.242157,-5.542074,27.103973,1765872570248826
-4.3358765,-5.5471935,27.316528,1765872580248826
-4.1489563,-5.638796,26.890503,1765872590248826
-3.8563232,-5.3227386,26.785706,1765872600248826
-3.9447632,-5.432604,27.31546,1765872610248826
-3.6635742,-5.417238,26.677765,1765872620248826
-3.3640137,-5.6152287,27.098572,1765872630248826
-3.2688599,-5.7129135,26.99112,1765872640248826
-3.267517,-5.8157253,27.096222,1765872650248826
-2.8774414,-5.189989,26.887665,1765872660248826
-2.7798157,-5.1868,26.887146,1765872670248826
-2.293579,-5.169895,26.778625,1765872680248826
-1.9987488,-5.1613026,26.883148,1765872690248826
-1.7091675,-5.047964,26.670502,1765872700248826
-1.4140625,-5.3458614,26.878326,1765872710248826
-1.304718,-5.3484726,27.514008,1765872720248826
-1.3114014,-5.1409245,27.091705,1765872730248826
-0.82766724,-5.2248936,26.87622,1765872740248826
-0.5295105,-5.320072,27.191925,1765872750248826
-0.3434143,-5.2070217,26.661682,1765872760248826
0.24798584,-4.884306,26.873474,1765872770248826
0.3461914,-4.779276,26.873901,1765872780248826
0.15618896,-4.8903923,27.192078,1765872790248826
0.84298706,-4.971859,27.39972,1765872800248826
1.8126831,-4.7324295,26.972443,1765872810248826
1.818512,-4.7353306,27.290527,1765872820248826
2.102478,-4.925585,26.863068,1765872830248826
2.299469,-4.6136837,26.864807,1765872840248826
2.7929077,-4.7024918,27.179504,1765872850248826
3.4652405,-4.5725346,26.54071,1765872860248826
3.85495,-4.355137,26.43451,1765872870248826
4.1484375,-4.2437305,26.43393,1765872880248826
4.444916,-4.644436,26.746857,1765872890248826
5.2187805,-4.5132236,26.319641,1765872900248826
5.8991394,-4.69363,26.208282,1765872910248826
6.088562,-4.684355,25.88919,1765872920248826
6.1848145,-4.5783577,25.78357,1765872930248826
6.2835693,-4.3714867,25.784882,1765872940248826
7.054352,-4.442993,25.249817,1765872950248826
7.057129,-4.648613,25.460052,1765872960248826
7.6345825,-4.727463,25.032013,1765872970248826
7.8329163,-4.5183697,25.138855,1765872980248826
8.409241,-4.8009033,24.708984,1765872990248826
8.797852,-4.7871876,24.600952,1765873000248826
8.696838,-5.4014263,24.595978,1765873010248826
9.373932,-4.7632256,24.06778,1765873020248826
9.771118,-4.9580307,24.488098,1765873030248826
10.057037,-5.149248,24.166656,1765873040248826
9.85733,-5.2555294,23.954681,1765873050248826
10.437317,-5.233507,23.633575,1765873060248826
10.5399475,-5.02857,23.846985,1765873070248826
11.116852,-5.209261,23.418,1765873080248826
11.024475,-5.317192,23.735687,1765873090248826
11.406403,-5.0959225,23.205353,1765873100248826
11.690399,-5.2861786,22.777893,1765873110248826
11.989166,-5.2795143,23.094513,1765873120248826
12.277344,-5.0633698,22.776733,1765873130248826
12.185059,-4.4564724,22.888763,1765873140248826
12.570801,-4.9519653,22.776154,1765873150248826
12.758301,-4.941719,22.351013,1765873160248826
13.347748,-4.6180363,22.456787,1765873170248826
13.428131,-4.9126396,21.605286,1765873180248826
13.632324,-4.7064514,22.030243,1765873190248826
13.72937,-4.805107,22.02884,1765873200248826
14.116852,-4.9950733,21.918976,1765873210248826
14.203918,-4.7824,21.284088,1765873220248826
14.306854,-4.883953,21.600769,1765873230248826
14.488251,-4.5643177,20.754272,1765873240248826
14.686829,-4.661722,20.964417,1765873250248826
15.460114,-4.632353,20.536285,1765873260248826
15.269562,-4.84531,20.853546,1765873270248826
15.551941,-4.6262646,20.217682,1765873280248826
15.638397,-5.230261,19.787567,1765873290248826
16.128815,-4.8069553,19.788727,1765873300248826
16.513275,-4.4848137,19.365326,1765873310248826
16.798615,-4.777876,19.042969,1765873320248826
17.477936,-4.447136,18.724121,1765873330248826
17.170258,-4.653618,17.981567,1765873340248826
17.373566,-4.9576015,18.507996,1765873350248826
18.043396,-4.92852,17.762268,1765873360248826
17.462036,-4.8477364,17.978241,1765873370248826
18.436127,-5.2232285,17.969574,1765873380248826
18.13269,-5.0233097,17.3367,1765873390248826
18.138245,-4.719717,17.551514,1765873400248826
18.416412,-4.9070663,16.80597,1765873410248826
18.716248,-5.4115505,17.330048,1765873420248826
18.796082,-5.09317,16.271973,1765873430248826
18.986328,-5.2885437,16.057068,1765873440248826
18.986328,-5.2885437,16.057068,1765873450248826
18.885956,-5.086115,15.847321,1765873460248826
19.084778,-5.4900074,16.160767,1765873470248826
19.75296,-5.051626,15.2066345,1765873480248826
20.04419,-5.3475895,15.202393,1765873490248826
20.047272,-5.1448746,15.310242,1765873500248826
19.932373,-5.4458523,14.459747,1765873510248826
20.226105,-5.640938,14.562439,1765873520248826
20.319,-5.4311657,14.2456665,1765873530248826
20.3143,-5.2245846,13.929413,1765873540248826
20.515656,-5.5275993,14.3497925,1765873550248826
20.707062,-5.519291,14.136719,1765873560248826
20.691467,-5.5115566,13.288452,1765873570248826
20.681732,-5.5067234,12.758301,1765873580248826
20.97519,-5.395319,12.75769,1765873590248826
21.463074,-5.787716,12.857574,1765873600248826
21.441101,-5.8789215,11.690308,1765873610248826
21.441315,-6.1854153,11.793579,1765873620248826
21.633026,-5.768772,11.478149,1765873630248826
21.429352,-6.5879498,11.259766,1765873640248826
21.421051,-5.971098,10.629059,1765873650248826
21.902832,-6.054102,10.307526,1765873660248826
21.897247,-6.357691,10.092712,1765873670248826
22.384277,-6.545439,10.088379,1765873680248826
21.982056,-6.552387,9.454193,1765873690248826
21.982635,-6.4505463,9.455109,1765873700248826
22.662445,-6.732794,9.342834,1765873710248826
22.46637,-6.5345154,9.239624,1765873720248826
22.452728,-6.527748,8.497406,1765873730248826
22.156769,-6.7400303,8.391022,1765873740248826
23.027649,-6.707472,7.9624023,1765873750248826
22.44574,-6.728533,8.17746,1765873760248826
23.319763,-6.4932613,7.8566895,1765873770248826
22.92279,-6.604954,7.539673,1765873780248826
22.515564,-6.81365,6.6915894,1765873790248826
23.012177,-5.984915,6.908478,1765873800248826
23.303131,-5.9743843,6.800934,1765873810248826
23.105072,-5.7751427,6.5917053,1765873820248826
23.002502,-5.265251,6.172638,1765873830248826
23.963593,-4.8173122,5.2170105,1765873840248826
23.770844,-4.7228107,5.324951,1765873850248826
23.859863,-4.5111065,4.796112,1765873860248826
23.864075,-4.104704,4.9058228,1765873870248826
24.245453,-3.985281,4.3745728,1765873880248826
24.236847,-3.776762,3.846222,1765873890248826
24.038818,-3.5775185,3.6369934,1765873900248826
24.626343,-3.2528687,3.6367188,1765873910248826
24.819092,-3.3473682,3.528778,1765873920248826
24.419678,-2.845108,2.89917,1765873930248826
24.617737,-3.0443516,3.1083984,1765873940248826
24.617981,-3.3508434,3.21167,1765873950248826
24.518707,-2.9447289,3.0037842,1765873960248826
24.711456,-3.0392303,2.8958435,1765873970248826
24.513916,-3.4529724,2.893158,1765873980248826
24.600464,-3.342142,2.2573853,1765873990248826
24.511963,-3.4520054,2.78714,1765874000248826
24.408264,-3.1457996,2.3662415,1765874010248826
24.508362,-3.7565632,2.6783447,1765874020248826
24.216003,-3.6642838,2.6807861,1765874030248826
24.217377,-3.7670937,2.7858887,1765874040248826
24.408752,-3.7587852,2.572815,1765874050248826
24.30835,-3.5563545,2.3630981,1765874060248826
24.506653,-4.062088,2.6755981,1765874070248826
24.122253,-3.669405,2.893341,1765874080248826
24.3078,-3.6581955,2.3621826,1765874090248826
24.502502,-3.753664,2.36026,1765874100248826
24.598999,-3.9541607,2.3579407,1765874110248826
24.31195,-3.9666214,2.6775208,1765874120248826
24.695007,-3.5416718,2.1490173,1765874130248826
24.209595,-3.7632275,2.3617554,1765874140248826
24.404297,-3.8586922,2.3598328,1765874150248826
24.402374,-3.8577251,2.2538147,1765874160248826
24.209595,-3.7632275,2.3617554,1765874170248826
24.599335,-3.545826,2.2555542,1765874180248826
24.493835,-4.2599716,2.0375977,1765874190248826
24.490509,-4.1561966,1.8264465,1765874200248826
24.115295,-3.8701897,2.5734253,1765874210248826
24.207886,-4.0687523,2.3590088,1765874220248826
24.313324,-4.0694294,2.7826538,1765874230248826
24.319733,-3.9704895,3.101654,1765874240248826
24.219025,-4.1763954,2.9942932,1765874250248826
24.422058,-4.173889,3.4174194,1765874260248826
24.228485,-3.8747368,3.421173,1765874270248826
24.141418,-4.087408,4.0560303,1765874280248826
23.943054,-4.296501,3.9491882,1765874290248826
24.243744,-4.290806,4.371826,1765874300248826
23.958374,-3.9977417,4.694153,1765874310248826
24.15445,-4.1960163,4.7973633,1765874320248826
23.772827,-4.008951,5.2253113,1765874330248826
24.08496,-3.7025623,6.1808777,1765874340248826
23.886536,-4.626482,6.279663,1765874350248826
23.885742,-4.421829,6.175476,1765874360248826
23.594788,-4.4323597,6.2829895,1765874370248826
23.314392,-4.6523743,7.0249023,1765874380248826
23.517181,-4.3433723,7.344757,1765874390248826
23.6109,-4.338253,7.1321716,1765874400248826
23.615082,-4.646677,7.4475403,1765874410248826
22.9458,-4.5739155,8.194183,1765874420248826
23.24649,-4.568224,8.616821,1765874430248826
23.062897,-4.5803986,9.253998,1765874440248826
23.055115,-4.5765305,8.8298645,1765874450248826
22.766663,-4.486183,9.044373,1765874460248826
22.77835,-4.4919853,9.6805725,1765874470248826
22.786133,-4.4958515,10.104706,1765874480248826
22.397797,-4.816061,10.3160095,1765874490248826
22.406952,-4.922735,10.845276,1765874500248826
22.126862,-4.734417,11.484802,1765874510248826
22.229187,-4.9378147,11.800568,1765874520248826
21.832825,-4.9476624,11.484467,1765874530248826
22.328217,-5.0374374,11.905182,1765874540248826
21.362732,-4.8704605,12.442169,1765874550248826
20.786926,-5.2009125,13.078644,1765874560248826
20.892334,-5.2015896,13.502258,1765874570248826
20.695923,-5.4116497,13.501434,1765874580248826
20.5065,-5.420925,13.820526,1765874590248826
20.41745,-5.6326294,14.349365,1765874600248826
20.120667,-5.640259,14.138794,1765874610248826
19.938446,-5.7552433,14.881134,1765874620248826
19.45523,-6.284256,15.303192,1765874630248826
19.270264,-6.1936245,15.835266,1765874640248826
19.17038,-6.6041813,15.832092,1765874650248826
18.687195,-6.4183655,16.048492,1765874660248826
18.490814,-6.6284256,16.047668,1765874670248826
17.625732,-6.6638794,16.794403,1765874680248826
17.726105,-6.86631,17.00415,1765874690248826
17.444336,-6.9835167,17.64093,1765874700248826
17.344727,-6.985735,17.5354,1765874710248826
17.152557,-6.7893944,17.644257,1765874720248826
17.548615,-7.1878815,18.062714,1765874730248826
16.768097,-7.111538,18.067627,1765874740248826
16.672363,-7.830517,18.379822,1765874750248826
16.57779,-7.630989,18.48819,1765874760248826
16.293793,-7.440735,18.91565,1765874770248826
15.995941,-6.9372234,18.49759,1765874780248826
16.298004,-7.034334,19.02536,1765874790248826
16.102173,-7.1425476,19.025421,1765874800248826
15.998138,-7.2446785,18.70691,1765874810248826
16.013458,-6.945923,19.451904,1765874820248826
15.631256,-6.860695,19.878937,1765874830248826
15.32782,-6.660776,19.246063,1765874840248826
15.34729,-6.6704445,20.306396,1765874850248826
15.349579,-6.263077,20.310059,1765874860248826
14.572632,-6.597,20.629425,1765874870248826
14.66748,-6.388195,20.418701,1765874880248826
14.476379,-6.702997,20.735046,1765874890248826
13.69165,-7.033058,20.630249,1765874900248826
13.2196045,-6.9548855,21.481934,1765874910248826
12.834595,-7.378868,21.904419,1765874920248826
12.444031,-7.3916206,21.906403,1765874930248826
12.148407,-7.1955643,21.697693,1765874940248826
11.680237,-7.1193314,22.761414,1765874950248826
11.194824,-7.340885,22.974152,1765874960248826
10.802338,-7.352665,22.870117,1765874970248826
10.418518,-6.858139,23.088776,1765874980248826
10.027985,-6.8708916,23.09076,1765874990248826
9.454102,-7.2023087,23.833252,1765875000248826
9.048248,-7.513817,23.090271,1765875010248826
8.977295,-7.6323814,24.57434,1765875020248826
8.375671,-7.3372803,23.625793,1765875030248826
7.7959595,-7.665798,24.05017,1765875040248826
7.4137573,-7.580574,24.477203,1765875050248826
7.1197205,-7.7938194,24.476898,1765875060248826
6.7322693,-7.6038513,24.586761,1765875070248826
6.146759,-7.2146454,24.487366,1765875080248826
5.6685486,-7.5419083,25.123322,1765875090248826
5.37735,-7.245945,25.127563,1765875100248826
5.2802124,-7.862114,25.334656,1765875110248826
4.6963806,-7.88221,25.443695,1765875120248826
3.7122498,-7.9102173,25.024536,1765875130248826
3.6148376,-8.219898,25.128326,1765875140248826
3.5247498,-7.9204597,25.449677,1765875150248826
2.8410034,-8.351101,25.555542,1765875160248826
1.9681091,-8.382694,25.878143,1765875170248826
1.8543396,-8.479988,25.02948,1765875180248826
1.369751,-8.906193,25.346405,1765875190248826
0.8804321,-9.125813,25.347076,1765875200248826
0.5805664,-9.336159,25.028656,1765875210248826
-0.2088623,-9.459633,24.607605,1765875220248826
-0.20755005,-10.277271,24.918396,1765875230248826
-0.21224976,-10.070683,24.602112,1765875240248826
-0.69488525,-10.497856,25.025085,1765875250248826
-0.98532104,-10.406548,25.133545,1765875260248826
-1.3783264,-10.520168,25.028595,1765875270248826
-1.2815247,-10.312332,24.92389,1765875280248826
-1.6748352,-10.119465,24.715637,1765875290248826
-1.7752075,-9.917034,24.50592,1765875300248826
-1.7674255,-9.920902,24.930054,1765875310248826
-2.066742,-10.029404,24.612518,1765875320248826
-1.8706665,-10.227684,24.715729,1765875330248826
-2.059204,-9.726784,24.93338,1765875340248826
-2.3515625,-9.634502,24.935791,1765875350248826
-2.3440247,-9.331875,25.256622,1765875360248826
-2.3440247,-9.331875,25.256622,1765875370248826
-2.5401306,-9.133602,25.153442,1765875380248826
-2.5381775,-9.134567,25.25946,1765875390248826
-2.9320068,-9.043541,25.050323,1765875400248826
-2.925354,-9.251095,25.472626,1765875410248826
-2.828247,-8.634922,25.265533,1765875420248826
-2.8291016,-9.145096,25.367004,1765875430248826
-2.7309265,-9.040066,25.367401,1765875440248826
-2.82547,-8.840538,25.475769,1765875450248826
-2.8307495,-8.735798,25.1586,1765875460248826
-2.7286682,-8.632698,25.371063,1765875470248826
-2.6268005,-8.223114,25.480255,1765875480248826
-2.6279297,-8.426796,25.478424,1765875490248826
-2.3311462,-8.419167,25.688995,1765875500248826
-2.530548,-8.117115,25.374664,1765875510248826
-2.6282043,-8.120304,25.375153,1765875520248826
-2.9122314,-8.644875,26.00827,1765875530248826
-2.6226807,-8.531536,25.795624,1765875540248826
-2.72583,-8.123489,25.37564,1765875550248826
-2.4282837,-9.035343,25.896088,1765875560248826
-2.631012,-8.629513,25.370575,1765875570248826
-2.8226318,-8.331329,25.480347,1765875580248826
-2.732788,-8.324276,25.055725,1765875590248826
-2.9244995,-8.740913,25.371155,1765875600248826
-2.6296387,-8.732323,25.475708,1765875610248826
-2.3398132,-8.925472,25.366333,1765875620248826
-2.5300293,-8.730099,25.581238,1765875630248826
-2.630188,-8.834164,25.474792,1765875640248826
-2.7314148,-8.427086,25.160828,1765875650248826
-2.7328796,-9.039101,25.261383,1765875660248826
-2.4413452,-8.926731,25.154755,1765875670248826
-2.5345154,-8.830009,25.368256,1765875680248826
-2.7328796,-9.039101,25.261383,1765875690248826
-2.3415222,-9.230999,25.363586,1765875700248826
-2.9225464,-8.741882,25.477203,1765875710248826
-2.5384216,-8.828079,25.156189,1765875720248826
-2.6218567,-8.736191,25.89981,1765875730248826
-2.531189,-8.9337845,25.579407,1765875740248826
-2.5325623,-8.830978,25.474274,1765875750248826
-2.531433,-8.627293,25.476105,1765875760248826
-2.7225647,-8.942093,25.79245,1765875770248826
-2.6304626,-8.527668,25.37149,1765875780248826
-2.5342102,-8.421677,25.26587,1765875790248826
-2.7216797,-8.431919,25.69101,1765875800248826
-2.6351624,-8.321087,25.055206,1765875810248826
-2.63266,-8.220215,25.16217,1765875820248826
-2.7255554,-8.429985,25.478943,1765875830248826
-2.6235046,-8.326889,25.691406,1765875840248826
-3.0176392,-8.644196,25.584656,1765875850248826
-2.7174683,-8.0255165,25.80069,1765875860248826
-2.6273804,-8.324955,25.47934,1765875870248826
-2.4268494,-8.423321,25.795532,1765875880248826
-2.7194214,-8.024551,25.694672,1765875890248826
-2.7191772,-8.331043,25.797943,1765875900248826
-2.6190186,-8.226982,25.904388,1765875910248826
-2.6307068,-8.22118,25.268188,1765875920248826
-2.5275574,-8.629227,25.688171,1765875930248826
-2.7322083,-8.222431,25.05664,1765875940248826
-2.5242004,-8.733002,25.899323,1765875950248826
-2.2234802,-8.012482,26.116302,1765875960248826
-2.429596,-8.217705,25.585297,1765875970248826
-2.42984,-7.911213,25.482025,1765875980248826
-2.7224731,-8.227264,25.586792,1765875990248826
-2.5258484,-8.323704,25.690918,1765876000248826
-2.52359,-7.916336,25.69458,1765876010248826
-2.6161804,-7.7177734,25.908966,1765876020248826
-2.7116394,-8.0284195,26.118805,1765876030248826
-2.4181824,-7.917015,26.118225,1765876040248826
-2.427887,-7.912178,25.588043,1765876050248826
-2.4248352,-7.709465,25.695923,1765876060248826
-2.3277588,-7.808117,25.694489,1765876070248826
-2.530243,-7.708782,25.272278,1765876080248826
-2.427887,-7.912178,25.588043,1765876090248826
-2.4195251,-7.814205,26.013092,1765876100248826
-2.32135,-7.709175,26.01352,1765876110248826
-2.027069,-7.8024216,26.117126,1765876120248826
-2.2295532,-7.703087,25.694916,1765876130248826
-2.5199585,-7.6117744,25.803345,1765876140248826
-2.4142761,-7.9189453,26.330292,1765876150248826
-2.4226074,-8.016922,25.905243,1765876160248826
-2.2254028,-8.011513,26.010254,1765876170248826
-2.235138,-8.00668,25.480103,1765876180248826
-2.234558,-7.9048386,25.481018,1765876190248826
-2.6248474,-8.224079,25.586304,1765876200248826
-2.4248352,-7.709465,25.695923,1765876210248826
-2.2340088,-7.802994,25.481934,1765876220248826
-2.7210388,-7.6152496,25.486267,1765876230248826
-2.3246765,-7.6054,25.802368,1765876240248826
-2.222351,-7.808796,26.118134,1765876250248826
-2.6181335,-7.7168045,25.802948,1765876260248826
-2.529419,-7.913433,25.376465,1765876270248826
-2.523346,-8.222824,25.797882,1765876280248826
-2.5222168,-8.019142,25.799683,1765876290248826
-2.5238953,-8.324669,25.796967,1765876300248826
-2.336975,-8.416264,25.37091,1765876310248826
-2.4340515,-8.317612,25.372314,1765876320248826
-2.337555,-8.518105,25.369995,1765876330248826
-2.3344727,-8.315392,25.477844,1765876340248826
-2.430725,-8.421387,25.583466,1765876350248826
-2.4346313,-8.419453,25.371399,1765876360248826
-2.2396545,-8.821415,25.472778,1765876370248826
-2.331726,-8.521008,25.68808,1765876380248826
-2.328064,-8.21645,25.796875,1765876390248826
-2.2315674,-8.416946,25.794525,1765876400248826
-2.1258545,-8.009293,26.115784,1765876410248826
-2.3327637,-8.009865,25.48059,1765876420248826
-2.3294678,-8.113644,25.691742,1765876430248826
-2.5297241,-8.32177,25.478851,1765876440248826
-2.227356,-8.010548,25.904236,1765876450248826
-2.4398804,-8.314713,25.05423,1765876460248826
-2.4351807,-8.521294,25.370483,1765876470248826
-2.3416748,-8.209682,25.054626,1765876480248826
-2.5202637,-8.020111,25.905731,1765876490248826
-2.3336487,-8.520039,25.582062,1765876500248826
-2.5247192,-8.120018,25.692749,1765876510248826
-2.6229248,-8.225048,25.692322,1765876520248826
-2.5258484,-8.323704,25.690918,1765876530248826
-2.6221008,-8.429695,25.79654,1765876540248826
-2.423767,-8.220608,25.903412,1765876550248826
-2.520813,-8.121952,25.904816,1765876560248826
-2.4243164,-8.322449,25.902496,1765876570248826
-2.5297241,-8.32177,25.478851,1765876580248826
-2.4262695,-8.32148,25.796448,1765876590248826
-2.5272217,-8.22089,25.585815,1765876600248826
-2.4248962,-8.42429,25.90158,1765876610248826
-2.4262695,-8.32148,25.796448,1765876620248826
-2.3325195,-8.316357,25.583893,1765876630248826
-2.336975,-8.416264,25.37091,1765876640248826
-2.330017,-8.215485,25.690826,1765876650248826
-2.3286438,-8.318291,25.79596,1765876660248826
-2.9179993,-7.9271507,25.484528,1765876670248826
-2.2331848,-8.007645,25.58612,1765876680248826
-2.048767,-8.200119,25.053131,1765876690248826
-2.4340515,-8.317612,25.372314,1765876700248826
-2.6140137,-8.02523,26.118286,1765876710248826
-2.6170654,-8.227947,26.010437,1765876720248826
-2.427887,-7.912178,25.588043,1765876730248826
-2.616516,-8.126106,26.011353,1765876740248826
-2.42984,-7.911213,25.482025,1765876750248826
-2.5183105,-8.021076,26.01175,1765876760248826
-2.427887,-7.912178,25.588043,1765876770248826
-2.3283386,-7.909958,25.693573,1765876780248826
-2.3283386,-7.909958,25.693573,1765876790248826
-2.4206543,-8.017887,26.011261,1765876800248826
-2.5249634,-7.8135223,25.589447,1765876810248826
