8.25E-4,-8.25E-4,-8.25E-4,418601910608573
8.25E-4,-8.25E-4,-8.25E-4,418601915600892
8.25E-4,-8.25E-4,-8.25E-4,418601920593241
8.25E-4,-8.25E-4,-8.25E-4,418601925585858
8.25E-4,-8.25E-4,-8.25E-4,418601930578473
8.25E-4,-8.25E-4,-8.25E-4,418601935570351
8.25E-4,-8.25E-4,-8.25E-4,418601940562236
8.25E-4,-8.25E-4,-8.25E-4,418601945553275
8.25E-4,-8.25E-4,-8.25E-4,418601950544314
8.25E-4,-8.25E-4,-8.25E-4,418601955535727
8.25E-4,-8.25E-4,-8.25E-4,418601960527150
8.25E-4,-8.25E-4,-8.25E-4,418601965521190
8.25E-4,-8.25E-4,-8.25E-4,418601970515227
8.25E-4,-8.25E-4,-8.25E-4,418601975508418
8.25E-4,-8.25E-4,-8.25E-4,418601980501611
-8.25E-4,-8.25E-4,-8.25E-4,418601985492872
-8.25E-4,-8.25E-4,-8.25E-4,418601990484141
-8.25E-4,-8.25E-4,-8.25E-4,418601995476565
-8.25E-4,-8.25E-4,-8.25E-4,418602000468988
8.25E-4,-8.25E-4,-8.25E-4,418602005461136
8.25E-4,-8.25E-4,-8.25E-4,418602010453291
8.25E-4,-8.25E-4,-8.25E-4,418602015444059
8.25E-4,-8.25E-4,-8.25E-4,418602020434828
8.25E-4,-8.25E-4,-8.25E-4,418602025426112
8.25E-4,-8.25E-4,-8.25E-4,418602030417381
8.25E-4,-8.25E-4,-8.25E-4,418602035408650
8.25E-4,-8.25E-4,-8.25E-4,418602040399919
8.25E-4,-8.25E-4,-8.25E-4,418602045392097
8.25E-4,-8.25E-4,-8.25E-4,418602050384252
8.25E-4,-8.25E-4,-8.25E-4,418602055375828
8.25E-4,-8.25E-4,-8.25E-4,418602060367405
8.25E-4,-8.25E-4,-8.25E-4,418602065359579
8.25E-4,-8.25E-4,-8.25E-4,418602070351732
8.25E-4,-8.25E-4,-8.25E-4,418602075344006
8.25E-4,-8.25E-4,-8.25E-4,418602080336277
8.25E-4,-8.25E-4,-8.25E-4,418602085327891
8.25E-4,-8.25E-4,-8.25E-4,418602090319508
0.0,0.0,0.0,418602095312642
0.0,0.0,0.0,418602100305757
6.875E-4,8.25E-4,-4.125E-4,418602105296288
6.875E-4,8.25E-4,-4.125E-4,418602110286829
-8.25E-4,8.25E-4,8.25E-4,418602115277906
-8.25E-4,8.25E-4,8.25E-4,418602120268983
-8.25E-4,8.25E-4,8.25E-4,418602125260511
-8.25E-4,8.25E-4,8.25E-4,418602130252012
-0.028324999,0.07535,0.026675,418602135243641
-0.028324999,0.07535,0.026675,418602140235256
-0.0295625,0.0999625,0.047849998,418602145226602
-0.0295625,0.0999625,0.047849998,418602150217949
-0.030524999,0.1192125,0.0627,418602155211118
-0.030524999,0.1192125,0.0627,418602160204271
-0.013062499,0.1458875,0.061049998,418602165196679
-0.013062499,0.1458875,0.061049998,418602170189064
-0.013062499,0.1458875,0.061049998,418602175181065
-0.013062499,0.1458875,0.061049998,418602180173064
-0.0077,0.138325,0.05555,418602185163645
-0.0077,0.138325,0.05555,418602190154222
-0.0066,0.1186625,0.0625625,418602195145989
-0.0066,0.1186625,0.0625625,418602200137758
-8.25E-4,8.25E-4,8.25E-4,418602205128991
-8.25E-4,8.25E-4,8.25E-4,418602210120222
-8.25E-4,8.25E-4,8.25E-4,418602215112993
-8.25E-4,8.25E-4,8.25E-4,418602220105762
-8.25E-4,8.25E-4,8.25E-4,418602225097164
-8.25E-4,8.25E-4,8.25E-4,418602230088589
8.25E-4,8.25E-4,8.25E-4,418602235078660
8.25E-4,8.25E-4,8.25E-4,418602240068737
8.25E-4,8.25E-4,8.25E-4,418602245059969
8.25E-4,8.25E-4,8.25E-4,418602250051198
8.25E-4,8.25E-4,8.25E-4,418602255041790
8.25E-4,8.25E-4,8.25E-4,418602260032367
8.25E-4,8.25E-4,8.25E-4,418602265024138
8.25E-4,8.25E-4,8.25E-4,418602270015907
8.25E-4,8.25E-4,8.25E-4,418602275006631
8.25E-4,8.25E-4,8.25E-4,418602279997362
-8.25E-4,8.25E-4,8.25E-4,418602284989006
-8.25E-4,8.25E-4,8.25E-4,418602289980659
-8.25E-4,8.25E-4,8.25E-4,418602294973112
-8.25E-4,8.25E-4,8.25E-4,418602299965573
-8.25E-4,8.25E-4,8.25E-4,418602304956688
-8.25E-4,8.25E-4,8.25E-4,418602309947805
-4.125E-4,8.25E-4,8.25E-4,418602314939141
-4.125E-4,8.25E-4,8.25E-4,418602319930486
-4.125E-4,8.25E-4,8.25E-4,418602324920971
-4.125E-4,8.25E-4,8.25E-4,418602329911434
-4.125E-4,8.25E-4,8.25E-4,418602334902641
-4.125E-4,8.25E-4,8.25E-4,418602339893832
-4.125E-4,8.25E-4,8.25E-4,418602344885216
-4.125E-4,8.25E-4,8.25E-4,418602349876601
-8.25E-4,8.25E-4,8.25E-4,418602354866557
-8.25E-4,8.25E-4,8.25E-4,418602359856520
-8.25E-4,8.25E-4,8.25E-4,418602364847396
-8.25E-4,8.25E-4,8.25E-4,418602369838281
8.25E-4,8.25E-4,8.25E-4,418602374829164
8.25E-4,8.25E-4,8.25E-4,418602379820049
8.25E-4,8.25E-4,8.25E-4,418602384811511
8.25E-4,8.25E-4,8.25E-4,418602389802972
8.25E-4,8.25E-4,8.25E-4,418602394794851
8.25E-4,8.25E-4,8.25E-4,418602399786736
8.25E-4,8.25E-4,8.25E-4,418602404778620
8.25E-4,8.25E-4,8.25E-4,418602409770505
8.25E-4,8.25E-4,8.25E-4,418602414762477
8.25E-4,8.25E-4,8.25E-4,418602419754476
0.0,0.0,0.0,418602424746976
0.0,0.0,0.0,418602429739477
8.25E-4,8.25E-4,-8.25E-4,418602434731928
8.25E-4,8.25E-4,-8.25E-4,418602439724353
8.25E-4,8.25E-4,-8.25E-4,418602444716737
8.25E-4,8.25E-4,-8.25E-4,418602449709122
8.25E-4,8.25E-4,-8.25E-4,418602454701810
8.25E-4,8.25E-4,-8.25E-4,418602459694501
8.25E-4,8.25E-4,-8.25E-4,418602464686880
8.25E-4,8.25E-4,-8.25E-4,418602469679265
8.25E-4,8.25E-4,-8.25E-4,418602474670953
8.25E-4,8.25E-4,-8.25E-4,418602479662644
0.0743875,-0.0083875,-0.216425,418602484654761
0.0743875,-0.0083875,-0.216425,418602489646876
0.0325875,-0.03575,-0.207625,418602494640385
0.0325875,-0.03575,-0.207625,418602499633886
-5.5E-4,-0.064625,-0.1566125,418602504627246
-5.5E-4,-0.064625,-0.1566125,418602509620593
-0.0166375,-0.0572,-0.094875,418602514612213
-0.0166375,-0.0572,-0.094875,418602519603828
-0.0163625,-0.0314875,-0.0336875,418602524596637
-0.0163625,-0.0314875,-0.0336875,418602529589444
0.0,0.0,0.0,418602534581800
0.0,0.0,0.0,418602539574147
-0.0240625,0.0229625,0.009625,418602544565520
-0.0240625,0.0229625,0.009625,418602549556905
-0.122925,0.0254375,0.053075,418602554548743
-0.122925,0.0254375,0.053075,418602559540588
-0.2448875,-0.0169125,0.116325,418602564532818
-0.2448875,-0.0169125,0.116325,418602569525049
-0.22687499,-0.0605,0.1865875,418602574515895
-0.22687499,-0.0605,0.1865875,418602579506742
-0.0950125,-0.071225,0.2080375,418602584497854
-0.0950125,-0.071225,0.2080375,418602589488969
-0.0583,-0.1439625,0.304425,418602594481948
-0.0583,-0.1439625,0.304425,418602599474949
0.017324999,-0.19373749,0.3507625,418602604466294
0.017324999,-0.19373749,0.3507625,418602609457641
0.102575,-0.1676125,0.2831125,418602614449608
0.102575,-0.1676125,0.2831125,418602619441569
0.098037496,-0.1175625,0.175175,418602624433357
0.098037496,-0.1175625,0.175175,418602629425126
0.0968,-0.1131625,0.159225,418602634416618
0.0968,-0.1131625,0.159225,418602639408117
0.1695375,-0.1144,0.1736625,418602644399945
0.1695375,-0.1144,0.1736625,418602649391790
0.3559875,-0.0858,0.1420375,418602654384069
0.3559875,-0.0858,0.1420375,418602659376338
0.4497625,-0.1122,0.12815,418602664367920
0.4497625,-0.1122,0.12815,418602669359497
0.4609,-0.1533125,0.12705,418602674351229
0.4609,-0.1533125,0.12705,418602679342960
0.4343625,-0.1794375,0.1397,418602684333304
0.4343625,-0.1794375,0.1397,418602689323651
0.2707375,-0.1959375,0.14245,418602694314498
0.2707375,-0.1959375,0.14245,418602699305343
0.091575,-0.1964875,0.1271875,418602704295650
0.091575,-0.1964875,0.1271875,418602709285959
-0.02805,-0.1755875,0.09075,418602714276878
-0.02805,-0.1755875,0.09075,418602719267801
-0.0627,-0.098175,-0.016775,418602724258530
-0.0627,-0.098175,-0.016775,418602729249261
-0.0422125,-0.01265,-0.0875875,418602734240411
-0.0422125,-0.01265,-0.0875875,418602739231564
-0.1813625,0.0559625,-0.119075,418602744222193
-0.1813625,0.0559625,-0.119075,418602749212810
-0.4153875,0.1065625,-0.1073875,418602754204271
-0.4153875,0.1065625,-0.1073875,418602759195732
-0.6485875,0.138325,-0.0708125,418602764187155
-0.6485875,0.138325,-0.0708125,418602769178578
-0.8974625,0.2396625,-0.2380125,418602774170488
-0.8974625,0.2396625,-0.2380125,418602779162411
-0.88275,0.3801875,-0.5341875,418602784154039
-0.88275,0.3801875,-0.5341875,418602789145656
-0.8129,0.46873748,-0.754875,418602794138738
-0.8129,0.46873748,-0.754875,418602799131815
-0.74305,0.4690125,-0.78429997,418602804123890
-0.74305,0.4690125,-0.78429997,418602809115969
-0.6182,0.44275,-0.7057875,418602814107079
-0.6182,0.44275,-0.7057875,418602819098194
-0.554125,0.4296875,-0.6249375,418602824089772
-0.554125,0.4296875,-0.6249375,418602829081349
-0.4992625,0.4043875,-0.5262125,418602834073684
-0.4992625,0.4043875,-0.5262125,418602839066069
-0.515625,0.338525,-0.3964125,418602844057530
-0.515625,0.338525,-0.3964125,418602849048993
-0.5599,0.2633125,-0.2723875,418602854042157
-0.5599,0.2633125,-0.2723875,418602859035310
-0.5597625,0.2068,-0.190025,418602864027805
-0.5597625,0.2068,-0.190025,418602869020306
-0.5225,0.16555,-0.1359875,418602874012454
-0.5225,0.16555,-0.1359875,418602879004607
-0.40865,0.251075,-0.3111625,418602883995646
-0.40865,0.251075,-0.3111625,418602888986685
-0.49101248,0.293975,-0.470525,418602893980109
-0.49101248,0.293975,-0.470525,418602898973532
-0.5533,0.2715625,-0.4970625,418602903965361
-0.5533,0.2715625,-0.4970625,418602908957208
-0.49568748,0.25355,-0.4789125,418602913948170
-0.49568748,0.25355,-0.4789125,418602918939131
-0.4241875,0.2146375,-0.4389,418602923929863
-0.4241875,0.2146375,-0.4389,418602928920594
-0.6664625,0.11385,-0.4200625,418602933912214
-0.6664625,0.11385,-0.4200625,418602938903829
-0.5066875,0.0485375,-0.385825,418602943895598
-0.5066875,0.0485375,-0.385825,418602948887367
-0.2539625,0.0490875,-0.439175,418602953878371
-0.2539625,0.0490875,-0.439175,418602958869372
-0.2765125,0.0199375,-0.4800125,418602963862095
-0.2765125,0.0199375,-0.4800125,418602968854862
-0.351175,-0.007425,-0.517825,418602973847684
-0.351175,-0.007425,-0.517825,418602978840531
-0.1700875,-0.004125,-0.5038,418602983831452
-0.1700875,-0.004125,-0.5038,418602988822377
-0.08085,0.0048125,-0.5072375,418602993815200
-0.08085,0.0048125,-0.5072375,418602998808007
-0.1934625,-0.1909875,-0.197175,418603003799933
-0.1934625,-0.1909875,-0.197175,418603008791858
-0.1681625,-0.2569875,-0.0473,418603013783526
-0.1681625,-0.2569875,-0.0473,418603018775179
-0.0807125,-0.221375,-0.0435875,418603023767911
-0.0807125,-0.221375,-0.0435875,418603028760642
-0.059675,-0.1584,-0.087725,418603033752563
-0.059675,-0.1584,-0.087725,418603038744488
-0.06655,-0.0946,-0.1331,418603043736118
-0.06655,-0.0946,-0.1331,418603048727733
-0.0785125,-0.018424999,-0.190025,418603053720498
-0.0785125,-0.018424999,-0.190025,418603058713227
-0.0803,0.064899996,-0.2501125,418603063704418
-0.0803,0.064899996,-0.2501125,418603068695613
-0.1478125,0.1054625,-0.2660625,418603073687334
-0.1478125,0.1054625,-0.2660625,418603078679063
-0.208725,0.166925,-0.335775,418603083670722
-0.208725,0.166925,-0.335775,418603088662377
-0.2490125,0.2303125,-0.4136,418603093653988
-0.2490125,0.2303125,-0.4136,418603098645603
-0.470525,0.237875,-0.4742375,418603103635790
-0.470525,0.237875,-0.4742375,418603108625983
-0.7145875,0.179025,-0.4445375,418603113616022
-0.7145875,0.179025,-0.4445375,418603118606061
-0.678975,0.169125,-0.3961375,418603123596291
-0.678975,0.169125,-0.3961375,418603128586522
-0.7423625,0.1684375,-0.4037,418603133575836
-0.7423625,0.1684375,-0.4037,418603138565221
-1.0421125,0.1106875,-0.4162125,418603143554145
-1.0421125,0.1106875,-0.4162125,418603148543068
-1.07085,0.0902,-0.3914625,418603153534589
-1.07085,0.0902,-0.3914625,418603158526126
-0.9871125,0.1062875,-0.3892625,418603163517740
-0.9871125,0.1062875,-0.3892625,418603168509357
-1.0170875,0.0919875,-0.389675,418603173502429
-1.0170875,0.0919875,-0.389675,418603178495468
-1.1166375,0.0627,-0.40094998,418603183488063
-1.1166375,0.0627,-0.40094998,418603188480640
-1.0822625,0.0697125,-0.41415,418603193473448
-1.0822625,0.0697125,-0.41415,418603198466255
-0.9612625,0.083325,-0.4063125,418603203459024
-0.9612625,0.083325,-0.4063125,418603208451795
-0.8672125,0.0715,-0.38334998,418603213443410
-0.8672125,0.0715,-0.38334998,418603218435025
-0.8067125,0.0372625,-0.3573625,418603223426294
-0.8067125,0.0372625,-0.3573625,418603228417563
-0.6956125,0.007975,-0.3202375,418603233408795
-0.6956125,0.007975,-0.3202375,418603238400026
-0.563475,-0.00825,-0.280775,418603243390905
-0.563475,-0.00825,-0.280775,418603248381790
-0.4635125,-0.021724999,-0.2443375,418603253371482
-0.4635125,-0.021724999,-0.2443375,418603258361175
-0.4026,-0.0336875,-0.2061125,418603263351583
-0.4026,-0.0336875,-0.2061125,418603268341968
-0.2682625,0.0056375,-0.1782,418603273332140
-0.2682625,0.0056375,-0.1782,418603278322295
-0.16733749,0.0372625,-0.1285625,418603283313405
-0.16733749,0.0372625,-0.1285625,418603288304520
-0.09955,0.0518375,-0.08085,418603293294298
-0.09955,0.0518375,-0.08085,418603298284069
-0.0419375,0.0400125,-0.0287375,418603303273376
-0.0419375,0.0400125,-0.0287375,418603308262683
-0.042625,0.0155375,0.0182875,418603313251289
-0.042625,0.0155375,0.0182875,418603318239904
0.0334125,0.04235,0.043449998,418603323229419
0.0334125,0.04235,0.043449998,418603328218918
0.1749,0.100925,0.0408375,418603333209302
0.1749,0.100925,0.0408375,418603338199687
0.370425,0.16499999,0.0548625,418603343189987
0.370425,0.16499999,0.0548625,418603348180218
0.4852375,0.163625,0.1060125,418603353170661
0.4852375,0.163625,0.1060125,418603358161084
0.488675,0.096525,0.1711875,418603363151044
0.488675,0.096525,0.1711875,418603368141007
0.502975,0.0235125,0.234575,418603373131368
0.502975,0.0235125,0.234575,418603378121753
0.5336375,-0.0204875,0.2820125,418603383112439
0.5336375,-0.0204875,0.2820125,418603388103132
0.49981248,-0.0595375,0.30855,418603393094097
0.49981248,-0.0595375,0.30855,418603398085060
0.4048,-0.117975,0.33261248,418603403075944
0.4048,-0.117975,0.33261248,418603408066829
0.3672625,-0.1252625,0.3306875,418603413057368
0.3672625,-0.1252625,0.3306875,418603418047905
0.3262875,-0.11055,0.3128125,418603423038454
0.3262875,-0.11055,0.3128125,418603428029031
0.2734875,-0.102025,0.26455,418603433019029
0.2734875,-0.102025,0.26455,418603438009030
0.220825,-0.1296625,0.2212375,418603442999878
0.220825,-0.1296625,0.2212375,418603447990723
0.1342,-0.183975,0.20927499,418603452980756
0.1342,-0.183975,0.20927499,418603457970795
0.0088,-0.2448875,0.22165,418603462962483
0.0088,-0.2448875,0.22165,418603467954174
-0.1123375,-0.2728,0.21367499,418603472944827
-0.1123375,-0.2728,0.21367499,418603477935482
-0.2094125,-0.262075,0.18259999,418603482928446
-0.2094125,-0.262075,0.18259999,418603487921405
-0.2189,-0.2129875,0.1403875,418603492912899
-0.2189,-0.2129875,0.1403875,418603497904400
-0.3119875,-0.184525,0.0933625,418603502895858
-0.3119875,-0.184525,0.0933625,418603507887319
-0.59785,-0.224675,0.0473,418603512879271
-0.59785,-0.224675,0.0473,418603517871232
-0.93885,-0.2981,-0.0072875,418603522862039
-0.93885,-0.2981,-0.0072875,418603527852848
-1.217425,-0.3818375,-0.0576125,418603532843844
-1.217425,-0.3818375,-0.0576125,418603537834843
-1.34255,-0.4332625,-0.086899996,418603542824718
-1.34255,-0.4332625,-0.086899996,418603547814603
-1.3655125,-0.417725,-0.086625,418603552804709
-1.3655125,-0.417725,-0.086625,418603557794824
-1.3046,-0.35035,-0.0699875,418603562783784
-1.3046,-0.35035,-0.0699875,418603567772747
-1.213025,-0.2800875,-0.0493625,418603572762465
-1.213025,-0.2800875,-0.0493625,418603577752194
-1.1028875,-0.2160125,-0.03025,418603582744223
-1.1028875,-0.2160125,-0.03025,418603587736222
-0.9450375,-0.152625,-0.0122375,418603592726847
-0.9450375,-0.152625,-0.0122375,418603597717464
-0.80575,-0.109725,0.0033,418603602709657
-0.80575,-0.109725,0.0033,418603607701848
-0.72875,-0.0859375,0.0158125,418603612694368
-0.72875,-0.0859375,0.0158125,418603617686907
-0.5971625,-0.0462,0.025024999,418603622678939
-0.5971625,-0.0462,0.025024999,418603627670978
-0.45265,-0.001375,0.027224999,418603632661920
-0.45265,-0.001375,0.027224999,418603637652843
-0.3680875,0.022824999,0.0301125,418603642645152
-0.3680875,0.022824999,0.0301125,418603647637459
-0.3328875,0.0276375,0.0339625,418603652631112
-0.3328875,0.0276375,0.0339625,418603657624767
-0.2699125,0.038225,0.0358875,418603662617584
-0.2699125,0.038225,0.0358875,418603667610393
-0.2272875,0.043175,0.038225,418603672602704
-0.2272875,0.043175,0.038225,418603677595011
-0.2404875,0.0111375,0.0567875,418603682587940
-0.2404875,0.0111375,0.0567875,418603687580863
-0.2545125,-0.0479875,0.09075,418603692572809
-0.2545125,-0.0479875,0.09075,418603697564772
-0.275,-0.143825,0.1395625,418603702557465
-0.275,-0.143825,0.1395625,418603707550156
-0.28393748,-0.2968625,0.2143625,418603712542122
-0.28393748,-0.2968625,0.2143625,418603717534085
-0.290125,-0.4756125,0.2861375,418603722526363
-0.290125,-0.4756125,0.2861375,418603727518632
-0.287375,-0.630575,0.321475,418603732511525
-0.287375,-0.630575,0.321475,418603737504410
-0.270875,-0.7447,0.3188625,418603742497525
-0.270875,-0.7447,0.3188625,418603747490640
-0.2728,-0.8141375,0.292325,418603752483366
-0.2728,-0.8141375,0.292325,418603757476099
-0.276375,-0.8399875,0.2657875,418603762467521
-0.276375,-0.8399875,0.2657875,418603767458944
-0.290125,-0.79915,0.2121625,418603772450112
-0.290125,-0.79915,0.2121625,418603777441265
-0.3928375,-0.7662875,0.16733749,418603782434960
-0.3928375,-0.7662875,0.16733749,418603787428651
-0.5451875,-0.6738875,0.0752125,418603792419972
-0.5451875,-0.6738875,0.0752125,418603797411319
-0.7008375,-0.6128375,0.0155375,418603802402661
-0.7008375,-0.6128375,0.0155375,418603807394006
-0.86294997,-0.57035,-0.0026125,418603812386445
-0.86294997,-0.57035,-0.0026125,418603817378868
-0.9777625,-0.5303375,0.009075,418603822370405
-0.9777625,-0.5303375,0.009075,418603827361944
-1.0624624,-0.493625,0.0328625,418603832352598
-1.0624624,-0.493625,0.0328625,418603837343253
-1.0734625,-0.458425,0.0664125,418603842335339
-1.0734625,-0.458425,0.0664125,418603847327414
-1.017225,-0.4175875,0.1051875,418603852318952
-1.017225,-0.4175875,0.1051875,418603857310491
-0.972125,-0.3826625,0.139425,418603862301030
-0.972125,-0.3826625,0.139425,418603867291569
-1.002925,-0.385825,0.17435,418603872283085
-1.002925,-0.385825,0.17435,418603877274622
-0.996875,-0.389675,0.19745,418603882268266
-0.996875,-0.389675,0.19745,418603887261919
-1.0132375,-0.406175,0.2168375,418603892253761
-1.0132375,-0.406175,0.2168375,418603897245608
-1.0076,-0.4252875,0.2332,418603902237186
-1.0076,-0.4252875,0.2332,418603907228763
-0.9730875,-0.48455,0.280225,418603912220546
-0.9730875,-0.48455,0.280225,418603917212315
-0.9301875,-0.54505,0.32999998,418603922204627
-0.9301875,-0.54505,0.32999998,418603927196936
-0.8316,-0.581075,0.36245,418603932187973
-0.8316,-0.581075,0.36245,418603937179012
-0.779625,-0.5710375,0.3493875,418603942170513
-0.779625,-0.5710375,0.3493875,418603947162012
-0.73562497,-0.5143875,0.300025,418603952153828
-0.73562497,-0.5143875,0.300025,418603957145637
-0.6975375,-0.429,0.22687499,418603962135943
-0.6975375,-0.429,0.22687499,418603967126252
-0.68076247,-0.3735875,0.15455,418603972117329
-0.68076247,-0.3735875,0.15455,418603977108406
-0.67815,-0.3606625,0.0895125,418603982101483
-0.67815,-0.3606625,0.0895125,418603987094560
-0.6282375,-0.3647875,0.0369875,418603992086688
-0.6282375,-0.3647875,0.0369875,418603997078805
-0.6021125,-0.3994375,0.020624999,418604002070573
-0.6021125,-0.3994375,0.020624999,418604007062342
-0.6043125,-0.4554,0.0301125,418604012054848
-0.6043125,-0.4554,0.0301125,418604017047347
-0.5556375,-0.4940375,0.038775,418604022040169
-0.5556375,-0.4940375,0.038775,418604027032978
-0.45787498,-0.4742375,0.030524999,418604032024985
-0.45787498,-0.4742375,0.030524999,418604037016986
-0.3317875,-0.425975,0.023924999,418604042008063
-0.3317875,-0.425975,0.023924999,418604046999140
-0.307725,-0.374825,0.02365,418604051989867
-0.307725,-0.374825,0.02365,418604056980598
-0.3265625,-0.3157,0.0243375,418604061971785
-0.3265625,-0.3157,0.0243375,418604066962978
-0.3232625,-0.280225,0.0336875,418604071955766
-0.3232625,-0.280225,0.0336875,418604076948535
-0.350075,-0.2578125,0.041249998,418604081942419
-0.350075,-0.2578125,0.041249998,418604086936304
-0.3773,-0.2365,0.0455125,418604091929356
-0.3773,-0.2365,0.0455125,418604096922395
-0.3608,-0.2539625,0.07095,418604101914510
-0.3608,-0.2539625,0.07095,418604106906625
-0.3597,-0.292325,0.10285,418604111897741
-0.3597,-0.292325,0.10285,418604116888856
-0.4367,-0.3111625,0.1227875,418604121881204
-0.4367,-0.3111625,0.1227875,418604126873549
-0.4585625,-0.2904,0.126225,418604131864962
-0.4585625,-0.2904,0.126225,418604136856387
-0.42267498,-0.2387,0.1142625,418604141848844
-0.42267498,-0.2387,0.1142625,418604146841305
-0.45815,-0.2066625,0.108899996,418604151833159
-0.45815,-0.2066625,0.108899996,418604156825006
-0.53075,-0.1771,0.104225,418604161817390
-0.53075,-0.1771,0.104225,418604166809775
-0.566775,-0.1538625,0.0977625,418604171801539
-0.566775,-0.1538625,0.0977625,418604176793310
-0.5333625,-0.1588125,0.1122,418604181785887
-0.5333625,-0.1588125,0.1122,418604186778464
-0.5669125,-0.1970375,0.1577125,418604191771347
-0.5669125,-0.1970375,0.1577125,418604196764232
-0.56993747,-0.2580875,0.225775,418604201755885
-0.56993747,-0.2580875,0.225775,418604206747540
-0.6318125,-0.320375,0.292325,418604211739198
-0.6318125,-0.320375,0.292325,418604216730851
-0.75405,-0.352,0.3422375,418604221722006
-0.75405,-0.352,0.3422375,418604226713159
-0.8245875,-0.333575,0.3639625,418604231703944
-0.8245875,-0.333575,0.3639625,418604236694751
-0.80396247,-0.298375,0.356125,418604241686521
-0.80396247,-0.298375,0.356125,418604246678290
-0.759825,-0.2652375,0.321475,418604251669510
-0.759825,-0.2652375,0.321475,418604256660743
-0.705375,-0.27885,0.2943875,418604261653104
-0.705375,-0.27885,0.2943875,418604266645487
-0.608575,-0.320925,0.28545,418604271637833
-0.608575,-0.320925,0.28545,418604276630180
-0.4838625,-0.392975,0.286825,418604281623527
-0.4838625,-0.392975,0.286825,418604286616872
-0.3608,-0.47079998,0.290125,418604291608413
-0.3608,-0.47079998,0.290125,418604296599952
-0.29975,-0.5251125,0.2858625,418604301591342
-0.29975,-0.5251125,0.2858625,418604306582727
-0.240625,-0.5372125,0.262625,418604311573574
-0.240625,-0.5372125,0.262625,418604316564419
-0.0831875,-0.57145,0.242275,418604321555915
-0.0831875,-0.57145,0.242275,418604326547414
0.1617,-0.596475,0.21615,418604331538679
0.1617,-0.596475,0.21615,418604336529950
0.4027375,-0.58905,0.1749,418604341521689
0.4027375,-0.58905,0.1749,418604346513420
0.5196125,-0.58245,0.1376375,418604351505083
0.5196125,-0.58245,0.1376375,418604356496738
0.3931125,-0.5465625,0.117699996,418604361489430
0.3931125,-0.5465625,0.117699996,418604366482121
0.1555125,-0.51755,0.1216875,418604371475044
0.1555125,-0.51755,0.1216875,418604376467969
-0.0405625,-0.5456,0.1428625,418604381461703
-0.0405625,-0.5456,0.1428625,418604386455434
-0.226325,-0.59125,0.166925,418604391447355
-0.226325,-0.59125,0.166925,418604396439280
-0.41799998,-0.571175,0.1766875,418604401430478
-0.41799998,-0.571175,0.1766875,418604406421671
-0.5102625,-0.5080625,0.169125,418604411413132
-0.5102625,-0.5080625,0.169125,418604416404593
-0.5108125,-0.4547125,0.15895,418604421395626
-0.5108125,-0.4547125,0.15895,418604426386665
-0.69519997,-0.323675,0.1518,418604431378479
-0.69519997,-0.323675,0.1518,418604436370286
-0.8619875,-0.1871375,0.1447875,418604441361092
-0.8619875,-0.1871375,0.1447875,418604446351901
-0.94682497,-0.1340625,0.15565,418604451343897
-0.94682497,-0.1340625,0.15565,418604456335896
-0.895125,-0.1478125,0.1758625,418604461326376
-0.895125,-0.1478125,0.1758625,418604466316877
-0.8349,-0.15895,0.204325,418604471308133
-0.8349,-0.15895,0.204325,418604476299364
-0.6934125,-0.1962125,0.2352625,418604481291594
-0.6934125,-0.1962125,0.2352625,418604486283825
-0.5924875,-0.23333749,0.2688125,418604491275217
-0.5924875,-0.23333749,0.2688125,418604496266602
-0.5432625,-0.18645,0.28393748,418604501258757
-0.5432625,-0.18645,0.28393748,418604506250910
-0.4995375,-0.0881375,0.28215,418604511243055
-0.4995375,-0.0881375,0.28215,418604516235210
-0.5124625,-0.0279125,0.28655,418604521226636
-0.5124625,-0.0279125,0.28655,418604526218061
-0.535975,0.0044,0.28765,418604531209522
-0.535975,0.0044,0.28765,418604536200983
-0.52854997,0.054449998,0.263175,418604541191347
-0.52854997,0.054449998,0.263175,418604546181732
-0.5071,0.1034,0.2369125,418604551173162
-0.5071,0.1034,0.2369125,418604556164623
-0.51425,0.164725,0.2134,418604561155843
-0.51425,0.164725,0.2134,418604566147074
-0.4444,0.20047499,0.19139999,418604571138142
-0.4444,0.20047499,0.19139999,418604576129219
-0.366575,0.18645,0.17847499,418604581122297
-0.366575,0.18645,0.17847499,418604586115372
-0.2490125,0.1992375,0.1538625,418604591106453
-0.2490125,0.1992375,0.1538625,418604596097532
-0.157575,0.2344375,0.121,418604601089291
-0.157575,0.2344375,0.121,418604606081060
-0.1434125,0.2795375,0.095699996,418604611072674
-0.1434125,0.2795375,0.095699996,418604616064291
-0.15565,0.29975,0.0902,418604621056175
-0.15565,0.29975,0.0902,418604626048060
-0.206525,0.3122625,0.105325,418604631039670
-0.206525,0.3122625,0.105325,418604636031285
-0.2473625,0.3584625,0.1144,418604641022093
-0.2473625,0.3584625,0.1144,418604646012900
-0.27995,0.397375,0.1208625,418604651003458
-0.27995,0.397375,0.1208625,418604655993997
-0.3939375,0.3873375,0.15015,418604660985420
-0.3939375,0.3873375,0.15015,418604665976843
-0.4932125,0.32505,0.185625,418604670967697
-0.4932125,0.32505,0.185625,418604675958544
-0.5336375,0.2316875,0.2160125,418604680950334
-0.5336375,0.2316875,0.2160125,418604685942141
-0.54285,0.180125,0.225225,418604690934943
-0.54285,0.180125,0.225225,418604695927752
-0.6430875,0.2165625,0.2292125,418604700918783
-0.6430875,0.2165625,0.2292125,418604705909824
-0.8276125,0.3213375,0.2286625,418604710900520
-0.8276125,0.3213375,0.2286625,418604715891213
-1.0264375,0.4258375,0.2303125,418604720881135
-1.0264375,0.4258375,0.2303125,418604725871058
-1.1034375,0.445775,0.2344375,418604730861295
-1.1034375,0.445775,0.2344375,418604735851526
-1.0720875,0.384175,0.233475,418604740843083
-1.0720875,0.384175,0.233475,418604745834622
-0.961125,0.286275,0.2102375,418604750826000
-0.961125,0.286275,0.2102375,418604755817347
-0.827475,0.1860375,0.1742125,418604760809270
-0.827475,0.1860375,0.1742125,418604765801193
-0.6128375,0.081675,0.13145,418604770792972
-0.6128375,0.081675,0.13145,418604775784781
-0.383075,0.012925,0.081675,418604780778170
-0.383075,0.012925,0.081675,418604785771553
-0.25547498,-0.00385,0.0411125,418604790762625
-0.25547498,-0.00385,0.0411125,418604795753704
-0.15345,-0.0182875,0.0064625,418604800745242
-0.15345,-0.0182875,0.0064625,418604805736781
-0.028875,-0.060225,-0.017324999,418604810727986
-0.028875,-0.060225,-0.017324999,418604815719179
0.1057375,-0.113437496,-0.0325875,418604820709752
0.1057375,-0.113437496,-0.0325875,418604825700329
0.1967625,-0.1392875,-0.0407,418604830691724
0.1967625,-0.1392875,-0.0407,418604835683109
0.2149125,-0.15345,-0.0473,418604840673223
0.2149125,-0.15345,-0.0473,418604845663338
0.16885,-0.158675,-0.057475,418604850654031
0.16885,-0.158675,-0.057475,418604855644724
0.15565,-0.129525,-0.0760375,418604860636493
0.15565,-0.129525,-0.0760375,418604865628262
0.1978625,-0.0823625,-0.09625,418604870620867
0.1978625,-0.0823625,-0.09625,418604875613482
0.2212375,-0.03355,-0.1101375,418604880606443
0.2212375,-0.03355,-0.1101375,418604885599406
0.1500125,-0.006875,-0.11,418604890591443
0.1500125,-0.006875,-0.11,418604895583482
0.02365,-0.013612499,-0.093775,418604900575944
0.02365,-0.013612499,-0.093775,418604905568405
-0.049225,0.0127875,-0.0760375,418604910560102
-0.049225,0.0127875,-0.0760375,418604915551795
-0.158125,0.065725,-0.0847,418604920544330
-0.158125,0.065725,-0.0847,418604925536867
-0.12925,0.1304875,-0.121275,418604930528669
-0.12925,0.1304875,-0.121275,418604935520478
-0.254925,0.271425,-0.169675,418604940511786
-0.254925,0.271425,-0.169675,418604945503093
-0.336325,0.3403125,-0.2234375,418604950495368
-0.336325,0.3403125,-0.2234375,418604955487637
-0.4321625,0.4043875,-0.260975,418604960478621
-0.4321625,0.4043875,-0.260975,418604965469622
-0.48345,0.3894,-0.2729375,418604970461810
-0.48345,0.3894,-0.2729375,418604975453963
-0.483175,0.3458125,-0.2728,418604980447772
-0.483175,0.3458125,-0.2728,418604985441579
-0.4783625,0.2952125,-0.2649625,418604990434573
-0.4783625,0.2952125,-0.2649625,418604995427612
-0.4522375,0.2882,-0.257675,418605000420459
-0.4522375,0.2882,-0.257675,418605005413306
-0.4076875,0.3023625,-0.2523125,418605010405911
-0.4076875,0.3023625,-0.2523125,418605015398526
-0.31405,0.3399,-0.2393875,418605020390911
-0.31405,0.3399,-0.2393875,418605025383296
-0.2358125,0.38005,-0.216975,418605030375950
-0.2358125,0.38005,-0.216975,418605035368603
-0.1148125,0.419375,-0.2105125,418605040361487
-0.1148125,0.419375,-0.2105125,418605045354372
-0.19635,0.45595,-0.2145,418605050346093
-0.19635,0.45595,-0.2145,418605055337824
-0.1197625,0.36107498,-0.2228875,418605060329868
-0.1197625,0.36107498,-0.2228875,418605065321905
-0.043725,0.407825,-0.2195875,418605070313020
-0.043725,0.407825,-0.2195875,418605075304137
-0.0075625,0.3685,-0.2278375,418605080296353
-0.0075625,0.3685,-0.2278375,418605085288546
0.0207625,0.38005,-0.24419999,418605090280324
0.0207625,0.38005,-0.24419999,418605095272093
0.05335,0.3982,-0.26221249,418605100264517
0.05335,0.3982,-0.26221249,418605105256940
0.09295,0.4037,-0.2787125,418605110249891
0.09295,0.4037,-0.2787125,418605115242854
0.09735,0.3675375,-0.2976875,418605120235608
0.09735,0.3675375,-0.2976875,418605125228377
0.091299996,0.3125375,-0.3147375,418605130220921
0.091299996,0.3125375,-0.3147375,418605135213460
0.0515625,0.2762375,-0.3271125,418605140205844
0.0515625,0.2762375,-0.3271125,418605145198229
-0.0259875,0.275,-0.3400375,418605150191027
-0.0259875,0.275,-0.3400375,418605155183834
-0.1192125,0.3045625,-0.3444375,418605160176713
-0.1192125,0.3045625,-0.3444375,418605165169598
-0.203225,0.3469125,-0.3411375,418605170162689
-0.203225,0.3469125,-0.3411375,418605175155766
-0.252175,0.4015,-0.3524125,418605180147726
-0.252175,0.4015,-0.3524125,418605185139689
-0.2904,0.4032875,-0.3881625,418605190131896
-0.2904,0.4032875,-0.3881625,418605195124049
-0.27101249,0.368775,-0.4060375,418605200116587
-0.27101249,0.368775,-0.4060375,418605205109126
-0.25547498,0.3454,-0.4027375,418605210101274
-0.25547498,0.3454,-0.4027375,418605215093429
-0.235125,0.3469125,-0.3916,418605220084973
-0.235125,0.3469125,-0.3916,418605225076512
-0.2220625,0.3773,-0.3738625,418605230069435
-0.2220625,0.3773,-0.3738625,418605235062358
-0.224675,0.4236375,-0.36135,418605240054761
-0.224675,0.4236375,-0.36135,418605245047186
-0.2292125,0.5138375,-0.3447125,418605250038575
-0.2292125,0.5138375,-0.3447125,418605255029960
-0.2102375,0.5918,-0.3315125,418605260022383
-0.2102375,0.5918,-0.3315125,418605265014806
-0.1634875,0.6175125,-0.3262875,418605270007045
-0.1634875,0.6175125,-0.3262875,418605274999276
-0.11495,0.6076125,-0.3348125,418605279992397
-0.11495,0.6076125,-0.3348125,418605284985550
-0.0705375,0.5845125,-0.3515875,418605289977462
-0.0705375,0.5845125,-0.3515875,418605294969387
-0.0539,0.5454625,-0.355575,418605299960540
-0.0539,0.5454625,-0.355575,418605304951695
-0.043175,0.5402375,-0.339625,418605309943513
-0.043175,0.5402375,-0.339625,418605314935320
-0.038775,0.544775,-0.320925,418605319927084
-0.038775,0.544775,-0.320925,418605324918853
-0.008525,0.505175,-0.307175,418605329909329
-0.008525,0.505175,-0.307175,418605334899790
0.021175,0.462,-0.289575,418605339892369
0.021175,0.462,-0.289575,418605344884944
0.0473,0.4318875,-0.292325,418605349876554
0.0473,0.4318875,-0.292325,418605354868171
0.1505625,0.3416875,-0.306075,418605359860575
0.1505625,0.3416875,-0.306075,418605364852960
0.163075,0.31185,-0.3353625,418605369846147
0.163075,0.31185,-0.3353625,418605374839340
0.1654125,0.3463625,-0.353925,418605379833724
0.1654125,0.3463625,-0.353925,418605384828109
0.1700875,0.4307875,-0.355025,418605389821146
0.1700875,0.4307875,-0.355025,418605394814185
0.1596375,0.5324,-0.333025,418605399806339
0.1596375,0.5324,-0.333025,418605404798494
0.123475,0.5960625,-0.3018125,418605409789796
0.123475,0.5960625,-0.3018125,418605414781103
0.0785125,0.6150375,-0.275275,418605419771757
0.0785125,0.6150375,-0.275275,418605424762412
0.07095,0.6028,-0.2468125,418605429753484
0.07095,0.6028,-0.2468125,418605434744561
0.069575,0.613525,-0.2209625,418605439736626
0.069575,0.613525,-0.2209625,418605444728703
0.0831875,0.68475,-0.1940125,418605449721838
0.0831875,0.68475,-0.1940125,418605454714953
0.10285,0.734525,-0.1815,418605459707548
0.10285,0.734525,-0.1815,418605464700165
0.1150875,0.7546,-0.175725,418605469692857
0.1150875,0.7546,-0.175725,418605474685550
0.0339625,0.830225,-0.175725,418605479677741
0.0339625,0.830225,-0.175725,418605484669934
0.0064625,0.7247625,-0.1750375,418605489662112
0.0064625,0.7247625,-0.1750375,418605494654265
-0.0309375,0.552475,-0.17105,418605499647204
-0.0309375,0.552475,-0.17105,418605504640127
-0.0724625,0.4098875,-0.1588125,418605509631808
-0.0724625,0.4098875,-0.1588125,418605514623501
-0.0842875,0.3312375,-0.146025,418605519614540
-0.0842875,0.3312375,-0.146025,418605524605579
-0.071225,0.3334375,-0.13585,418605529597867
-0.071225,0.3334375,-0.13585,418605534590136
-0.055825,0.38747498,-0.137775,418605539582125
-0.055825,0.38747498,-0.137775,418605544574126
-0.0268125,0.4662625,-0.147675,418605549566838
-0.0268125,0.4662625,-0.147675,418605554559569
0.00825,0.4695625,-0.1648625,418605559551683
0.00825,0.4695625,-0.1648625,418605564543800
0.028324999,0.381975,-0.1887875,418605569534659
0.028324999,0.381975,-0.1887875,418605574525544
0.0763125,0.2957625,-0.19415,418605579516132
0.0763125,0.2957625,-0.19415,418605584506709
0.1507,0.2255,-0.1835625,418605589498607
0.1507,0.2255,-0.1835625,418605594490492
0.24475,0.1794375,-0.1676125,418605599483030
0.24475,0.1794375,-0.1676125,418605604475569
0.326975,0.158125,-0.15895,418605609467322
0.326975,0.158125,-0.15895,418605614459093
0.376475,0.1799875,-0.169125,418605619452127
0.376475,0.1799875,-0.169125,418605624445164
0.3350875,0.1959375,-0.2046,418605629438058
0.3350875,0.1959375,-0.2046,418605634430943
0.2464,0.1868625,-0.2539625,418605639423891
0.2464,0.1868625,-0.2539625,418605644416814
0.1467125,0.1662375,-0.31295,418605649409949
0.1467125,0.1662375,-0.31295,418605654403064
0.0911625,0.1659625,-0.3443,418605659396333
0.0911625,0.1659625,-0.3443,418605664389602
0.098037496,0.1700875,-0.342925,418605669382636
0.098037496,0.1700875,-0.342925,418605674375675
0.1359875,0.196625,-0.32395,418605679367757
0.1359875,0.196625,-0.32395,418605684359872
0.1860375,0.2365,-0.2910875,418605689352103
0.1860375,0.2365,-0.2910875,418605694344334
0.2437875,0.27981248,-0.2366375,418605699336415
0.2437875,0.27981248,-0.2366375,418605704328492
0.2437875,0.27981248,-0.2366375,418605709321286
0.3128125,0.30525,-0.1750375,418605714314093
0.363,0.3364625,-0.1252625,418605719306670
0.363,0.3364625,-0.1252625,418605724299247
0.363,0.3364625,-0.1252625,418605729291642
0.363,0.3364625,-0.1252625,418605734284027
0.3433375,0.2938375,-0.0792,418605739275296
0.3433375,0.2938375,-0.0792,418605744266565
0.3048375,0.2550625,-0.07205,418605749258907
0.3048375,0.2550625,-0.07205,418605754251252
0.2743125,0.236225,-0.0539,418605759243290
0.2743125,0.236225,-0.0539,418605764235329
0.2176625,0.2355375,-0.0389125,418605769226526
0.2176625,0.2355375,-0.0389125,418605774217719
0.1837,0.2308625,-0.0284625,418605779207949
0.1837,0.2308625,-0.0284625,418605784198218
0.1837,0.2308625,-0.0284625,418605789188565
0.1837,0.2308625,-0.0284625,418605794178910
0.1452,0.273625,-0.0048125,418605799169656
0.1452,0.273625,-0.0048125,418605804160387
0.131175,0.26015,-5.5E-4,418605809151641
0.131175,0.26015,-5.5E-4,418605814142910
0.1057375,0.19965,-0.014575,418605819133910
0.1057375,0.19965,-0.014575,418605824124911
0.0895125,0.14245,-0.03025,418605829117325
0.0895125,0.14245,-0.03025,418605834109748
0.1249875,0.081675,-0.0308,418605839101540
0.1249875,0.081675,-0.0308,418605844093311
0.1249875,0.081675,-0.0308,418605849086474
0.1249875,0.081675,-0.0308,418605854079627
0.2167,0.19813749,-0.0127875,418605859072593
0.2167,0.19813749,-0.0127875,418605864065594
0.259875,0.24007499,0.002475,418605869059902
0.259875,0.24007499,0.002475,418605874054209
0.274725,0.245575,0.0066,418605879046476
0.274725,0.245575,0.0066,418605884038747
0.3282125,0.2435125,0.014025,418605889030925
0.3282125,0.2435125,0.014025,418605894023118
0.3282125,0.2435125,0.014025,418605899014887
0.3282125,0.2435125,0.014025,418605904006656
0.236775,0.091025,-0.0451,418605908998796
0.236775,0.091025,-0.0451,418605913990911
0.2132625,0.037125,-0.06215,418605918983501
0.2132625,0.037125,-0.06215,418605923976078
0.2959,0.0488125,-0.0422125,418605928968424
0.2959,0.0488125,-0.0422125,418605933960771
0.2959,0.0488125,-0.0422125,418605938953118
0.2959,0.0488125,-0.0422125,418605943945463
0.3568125,0.0317625,-0.028324999,418605948937522
0.3568125,0.0317625,-0.028324999,418605953929561
0.3861,-0.0119624995,-0.08085,418605958921363
0.3861,-0.0119624995,-0.08085,418605963913170
0.3861,-0.0119624995,-0.08085,418605968906787
0.3861,-0.0119624995,-0.08085,418605973900402
0.427075,-0.0187,-0.1079375,418605978892631
0.427075,-0.0187,-0.1079375,418605983884864
0.4783625,0.0834625,-0.149325,418605988878321
0.4783625,0.0834625,-0.149325,418605993871782
0.4783625,0.0834625,-0.149325,418605998864688
0.4783625,0.0834625,-0.149325,418606003857613
0.4549875,0.2448875,-0.1904375,418606008850997
0.4549875,0.2448875,-0.1904375,418606013844382
0.5333625,0.35227498,-0.2000625,418606018837088
0.5333625,0.35227498,-0.2000625,418606023829781
0.6114625,0.38885,-0.190575,418606028822835
0.6114625,0.38885,-0.190575,418606033815872
0.6114625,0.38885,-0.190575,418606038809174
0.6114625,0.38885,-0.190575,418606043802483
0.61545,0.24887499,-0.19855,418606048795434
0.61545,0.24887499,-0.19855,418606053788397
0.6259,0.259875,-0.1887875,418606058780781
0.6259,0.259875,-0.1887875,418606063773166
0.6259,0.259875,-0.1887875,418606068766547
0.6259,0.259875,-0.1887875,418606073759930
0.750475,0.28545,-0.135575,418606078752088
0.750475,0.28545,-0.135575,418606083744205
0.90365,0.358325,-0.0757625,418606088735073
0.90365,0.358325,-0.0757625,418606093725958
1.1111375,0.4753375,4.125E-4,418606098718652
1.1111375,0.4753375,4.125E-4,418606103711343
1.1111375,0.4753375,4.125E-4,418606108703125
1.1111375,0.4753375,4.125E-4,418606113694896
1.18525,0.494725,0.0411125,418606118687732
1.18525,0.494725,0.0411125,418606123680577
1.07855,0.2858625,0.070125,418606128672745
1.07855,0.2858625,0.070125,418606133664900
1.07855,0.2858625,0.070125,418606138658017
1.07855,0.2858625,0.070125,418606143651132
0.786225,0.0127875,0.0248875,418606148644593
0.786225,0.0127875,0.0248875,418606153638054
0.6056875,-0.0708125,0.0011,418606158631154
0.6056875,-0.0708125,0.0011,418606163624271
0.6056875,-0.0708125,0.0011,418606168617117
0.6056875,-0.0708125,0.0011,418606173609962
0.450725,-0.1032625,-0.0198,418606178601400
0.450725,-0.1032625,-0.0198,418606183592823
0.3815625,-0.1408,-0.0083875,418606188585281
0.3815625,-0.1408,-0.0083875,418606193577742
0.3257375,-0.237325,0.0132,418606198569144
0.3257375,-0.237325,0.0132,418606203560569
0.2074875,-0.4426125,0.0281875,418606208551607
0.2074875,-0.4426125,0.0281875,418606213542646
0.040425,-0.742775,0.0325875,418606218534103
0.040425,-0.742775,0.0325875,418606223525564
-0.06875,-1.02795,0.0466125,418606228519666
-0.06875,-1.02795,0.0466125,418606233513781
-0.135575,-1.185525,0.046475,418606238507318
-0.135575,-1.185525,0.046475,418606243500857
-0.163625,-1.1842875,0.0284625,418606248493588
-0.163625,-1.1842875,0.0284625,418606253486319
-0.154,-1.106875,0.0207625,418606258480658
-0.154,-1.106875,0.0207625,418606263475003
-0.0765875,-0.91025,0.0165,418606268469579
-0.0765875,-0.91025,0.0165,418606273464156
0.0418,-0.740575,0.020075,418606278456847
0.0418,-0.740575,0.020075,418606283449542
0.211475,-0.5768125,0.0210375,418606288442229
0.211475,-0.5768125,0.0210375,418606293434920
0.4131875,-0.42405,0.0196625,418606298428951
0.4131875,-0.42405,0.0196625,418606303423026
0.5633375,-0.3201,0.010725,418606308417087
0.5633375,-0.3201,0.010725,418606313411164
0.6029375,-0.278575,-0.0122375,418606318404202
0.6029375,-0.278575,-0.0122375,418606323397241
0.609675,-0.27775,-0.0309375,418606328389101
0.609675,-0.27775,-0.0309375,418606333380986
0.6573875,-0.259875,-0.0413875,418606338374878
0.6573875,-0.259875,-0.0413875,418606343368761
0.7748125,-0.1827375,-0.050325,418606348362256
0.7748125,-0.1827375,-0.050325,418606353355757
0.9714375,-0.0655875,-0.0466125,418606358348372
0.9714375,-0.0655875,-0.0466125,418606363340987
1.1798875,0.0504625,-0.0367125,418606368333790
1.1798875,0.0504625,-0.0367125,418606373326597
1.354375,0.1255375,-0.0243375,418606378317356
1.354375,0.1255375,-0.0243375,418606383308127
1.4636875,0.1573,-0.014712499,418606388299491
1.4636875,0.1573,-0.014712499,418606393290876
1.5912875,0.142725,0.01485,418606398282914
1.5912875,0.142725,0.01485,418606403274953
1.5912875,0.142725,0.01485,418606408266495
1.5912875,0.142725,0.01485,418606413258034
1.6762625,0.10835,0.050325,418606418249785
1.6762625,0.10835,0.050325,418606423241554
1.762475,0.0540375,0.0941875,418606428234208
1.762475,0.0540375,0.0941875,418606433226863
1.8737125,-0.0050875,0.15413749,418606438218977
1.8737125,-0.0050875,0.15413749,418606443211092
1.8915875,-0.0746625,0.1945625,418606448203415
1.8915875,-0.0746625,0.1945625,418606453195722
1.8184375,-0.164725,0.2253625,418606458187837
1.8184375,-0.164725,0.2253625,418606463179954
1.6724125,-0.259875,0.2564375,418606468173896
1.6724125,-0.259875,0.2564375,418606473167819
1.5159374,-0.3383875,0.298375,418606478161087
1.5159374,-0.3383875,0.298375,418606483154356
1.3556125,-0.3784,0.3436125,418606488146664
1.3556125,-0.3784,0.3436125,418606493138973
1.19845,-0.383075,0.3887125,418606498131588
1.19845,-0.383075,0.3887125,418606503124203
1.0885875,-0.3718,0.4448125,418606508117145
1.0885875,-0.3718,0.4448125,418606513110070
0.986425,-0.36135,0.495275,418606518102876
0.986425,-0.36135,0.495275,418606523095685
0.9244125,-0.3540625,0.54202497,418606528087468
0.9244125,-0.3540625,0.54202497,418606533079237
0.803825,-0.347325,0.5553625,418606538070536
0.803825,-0.347325,0.5553625,418606543061843
0.6958875,-0.3251875,0.549725,418606548054223
0.6958875,-0.3251875,0.549725,418606553046608
0.598125,-0.269775,0.51425,418606558039569
0.598125,-0.269775,0.51425,418606563032530
0.5064125,-0.15895,0.4450875,418606568026040
0.5064125,-0.15895,0.4450875,418606573019541
0.5064125,-0.15895,0.4450875,418606578011765
0.5064125,-0.15895,0.4450875,418606583003998
0.4802875,-0.1436875,0.4120875,418606587996940
0.4802875,-0.1436875,0.4120875,418606592989863
0.3881625,-0.1288375,0.3416875,418606597982900
0.3881625,-0.1288375,0.3416875,418606602975939
0.3881625,-0.1288375,0.3416875,418606607969246
0.3881625,-0.1288375,0.3416875,418606612962555
0.370425,-0.1051875,0.3100625,418606617954207
0.370425,-0.1051875,0.3100625,418606622945862
0.309375,-0.0752125,0.2726625,418606627938522
0.309375,-0.0752125,0.2726625,418606632931137
0.258775,-0.0347875,0.238425,418606637924025
0.258775,-0.0347875,0.238425,418606642916910
0.2297625,0.007425,0.209825,418606647909704
0.2297625,0.007425,0.209825,418606652902513
0.2228875,0.0430375,0.193875,418606657894474
0.2228875,0.0430375,0.193875,418606662886435
0.1720125,0.061875,0.1793,418606667879555
0.1720125,0.061875,0.1793,418606672872670
0.191125,0.0820875,0.165275,418606677865122
0.191125,0.0820875,0.165275,418606682857585
0.2096875,0.0875875,0.1500125,418606687850152
0.2096875,0.0875875,0.1500125,418606692842727
0.2541,0.0790625,0.1384625,418606697835203
0.2541,0.0790625,0.1384625,418606702827666
0.2541,0.0790625,0.1384625,418606707820147
0.2541,0.0790625,0.1384625,418606712812608
0.298375,0.0639375,0.134475,418606717805493
0.298375,0.0639375,0.134475,418606722798378
0.44027498,0.0669625,0.1280125,418606727790107
0.44027498,0.0669625,0.1280125,418606732781838
0.67141247,0.0961125,0.118525,418606737774156
0.67141247,0.0961125,0.118525,418606742766463
0.9381625,0.13805,0.11,418606747756779
0.9381625,0.13805,0.11,418606752747088
1.0791,0.1612875,0.10175,418606757738253
1.0791,0.1612875,0.10175,418606762729406
1.0935374,0.1607375,0.09955,418606767724223
1.0935374,0.1607375,0.09955,418606772719030
0.9879375,0.148225,0.07205,418606777712374
0.9879375,0.148225,0.07205,418606782705723
0.8545625,0.13255,0.0290125,418606787699449
0.8545625,0.13255,0.0290125,418606792693180
0.71555,0.1199,-0.0143,418606797686260
0.71555,0.1199,-0.0143,418606802679337
0.6436375,0.110825,-0.0419375,418606807671991
0.6436375,0.110825,-0.0419375,418606812664646
0.6386875,0.09845,-0.0495,418606817656940
0.6386875,0.09845,-0.0495,418606822649247
0.6628875,0.0823625,-0.044,418606827641598
0.6628875,0.0823625,-0.044,418606832633945
0.5955125,0.047575,-0.026675,418606837626636
0.5955125,0.047575,-0.026675,418606842619329
0.5163125,0.0105875,0.00165,418606847611636
0.5163125,0.0105875,0.00165,418606852603945
0.4450875,-0.0176,0.0264,418606857596589
0.4450875,-0.0176,0.0264,418606862589242
0.4378,-0.0133375,0.0361625,418606867581742
0.4378,-0.0133375,0.0361625,418606872574243
0.4378,-0.0133375,0.0361625,418606877566161
0.4378,-0.0133375,0.0361625,418606882558084
0.47685,-0.049775,0.100375,418606887551090
0.47685,-0.049775,0.100375,418606892544089
0.5479375,-0.10725,0.1964875,418606897536299
0.5479375,-0.10725,0.1964875,418606902528530
0.6029375,-0.1698125,0.2894375,418606907521566
0.6029375,-0.1698125,0.2894375,418606912514603
0.59785,-0.224125,0.363,418606917507911
0.59785,-0.224125,0.363,418606922501220
0.5820375,-0.2448875,0.39985,418606927494404
0.5820375,-0.2448875,0.39985,418606932487597
0.57365,-0.2784375,0.356125,418606937480367
0.57365,-0.2784375,0.356125,418606942473136
0.5721375,-0.3034625,0.30827498,418606947467396
0.5721375,-0.3034625,0.30827498,418606952461665
0.5795625,-0.314325,0.2706,418606957455029
0.5795625,-0.314325,0.2706,418606962448414
0.602525,-0.30635,0.2380125,418606967444027
0.602525,-0.30635,0.2380125,418606972439642
0.589875,-0.2916375,0.2046,418606977434602
0.589875,-0.2916375,0.2046,418606982429565
0.55605,-0.2712875,0.169125,418606987422799
0.55605,-0.2712875,0.169125,418606992416030
0.527175,-0.265375,0.153175,418606997408382
0.527175,-0.265375,0.153175,418607002400727
0.46873748,-0.2552,0.130075,418607007392458
0.46873748,-0.2552,0.130075,418607012384189
0.44605,-0.2586375,0.1464375,418607017377382
0.44605,-0.2586375,0.1464375,418607022370573
0.40755,-0.2545125,0.16555,418607027364347
0.40755,-0.2545125,0.16555,418607032358116
0.39655,-0.2319625,0.165275,418607037353103
0.39655,-0.2319625,0.165275,418607042348104
0.43408749,-0.189475,0.1436875,418607047341487
0.43408749,-0.189475,0.1436875,418607052334872
0.455675,-0.0988625,0.1571625,418607057329412
0.455675,-0.0988625,0.1571625,418607062323949
0.444125,-0.0056375,0.1846625,418607067318577
0.444125,-0.0056375,0.1846625,418607072313194
0.4296875,0.0804375,0.2179375,418607077305966
0.4296875,0.0804375,0.2179375,418607082298737
0.4233625,0.158675,0.248325,418607087291352
0.4233625,0.158675,0.248325,418607092283967
0.4136,0.2112,0.278575,418607097276771
0.4136,0.2112,0.278575,418607102269578
0.45168748,0.2305875,0.3073125,418607107263391
0.45168748,0.2305875,0.3073125,418607112257198
0.4675,0.21779999,0.3218875,418607117250659
0.4675,0.21779999,0.3218875,418607122244122
0.4717625,0.1793,0.3334375,418607127237443
0.4717625,0.1793,0.3334375,418607132230750
0.4175875,0.1414875,0.2968625,418607137224251
0.4175875,0.1414875,0.2968625,418607142217750
0.39985,0.108075,0.2347125,418607147210683
0.39985,0.108075,0.2347125,418607152203608
0.38885,0.0845625,0.18645,418607157197031
0.38885,0.0845625,0.18645,418607162190454
0.3487,0.0609125,0.164725,418607167184506
0.3487,0.0609125,0.164725,418607172178545
0.324775,0.0114124995,0.1711875,418607177173665
0.324775,0.0114124995,0.1711875,418607182168780
0.3474625,-0.0561,0.1887875,418607187161975
0.3474625,-0.0561,0.1887875,418607192155170
0.3496625,-0.09405,0.1808125,418607197147813
0.3496625,-0.09405,0.1808125,418607202140468
0.32793748,-0.097625,0.1469875,418607207133194
0.32793748,-0.097625,0.1469875,418607212125925
0.335775,-0.0836,0.10945,418607217118154
0.335775,-0.0836,0.10945,418607222110385
0.311025,-0.0672375,0.0774125,418607227103617
0.311025,-0.0672375,0.0774125,418607232096848
0.3125375,-0.056375,0.047575,418607237090256
0.3125375,-0.056375,0.047575,418607242083679
0.2987875,-0.0600875,0.0202125,418607247076231
0.2987875,-0.0600875,0.0202125,418607252068770
0.2875125,-0.076175,0.0,418607257059731
0.2875125,-0.076175,0.0,418607262050694
0.2696375,-0.0996875,-0.011825,418607267043191
0.2696375,-0.0996875,-0.011825,418607272035690
0.2607,-0.1172875,-0.0213125,418607277027794
0.2607,-0.1172875,-0.0213125,418607282019911
0.2393875,-0.1265,-0.0286,418607287011333
0.2393875,-0.1265,-0.0286,418607292002756
0.1945625,-0.11825,-0.0308,418607296994411
0.1945625,-0.11825,-0.0308,418607301986064
0.117837496,-0.0908875,-0.0242,418607306977371
0.117837496,-0.0908875,-0.0242,418607311968680
0.0875875,-0.068475,-0.015262499,418607316960762
0.0875875,-0.068475,-0.015262499,418607321952839
0.075075,-0.06215,0.009625,418607326944337
0.075075,-0.06215,0.009625,418607331935838
0.0771375,-0.0719125,0.05115,418607336927387
0.0771375,-0.0719125,0.05115,418607341918964
0.127325,-0.084975,0.1032625,418607346912161
0.127325,-0.084975,0.1032625,418607351905354
0.208725,-0.0809875,0.1335125,418607356897468
0.208725,-0.0809875,0.1335125,418607361889585
0.314875,-0.075075,0.1419,418607366881854
0.314875,-0.075075,0.1419,418607371874123
0.7365875,0.0411125,0.1857625,418607376864689
0.7365875,0.0411125,0.1857625,418607381855268
0.7365875,0.0411125,0.1857625,418607386846527
0.7365875,0.0411125,0.1857625,418607391837796
0.8976,0.11715,0.22495,418607396829137
0.8976,0.11715,0.22495,418607401820484
0.9394,0.182325,0.25355,418607406811175
0.9394,0.182325,0.25355,418607411801868
0.924825,0.2448875,0.2509375,418607416792604
0.924825,0.2448875,0.2509375,418607421783335
0.9147875,0.297825,0.2330625,418607426775344
0.9147875,0.297825,0.2330625,418607431767345
0.854425,0.31707498,0.223025,418607436758266
0.854425,0.31707498,0.223025,418607441749191
0.7541875,0.3042875,0.2187625,418607446740051
0.7541875,0.3042875,0.2187625,418607451730896
0.6821375,0.2789875,0.2303125,418607456721888
0.6821375,0.2789875,0.2303125,418607461712887
0.6117375,0.2567125,0.2619375,418607466704503
0.6117375,0.2567125,0.2619375,418607471696118
0.5424375,0.2047375,0.31625,418607476688844
0.5424375,0.2047375,0.31625,418607481681575
0.5086125,0.1447875,0.35475,418607486673843
0.5086125,0.1447875,0.35475,418607491666114
0.4087875,0.0900625,0.3796375,418607496658080
0.4087875,0.0900625,0.3796375,418607501650041
0.33261248,0.0617375,0.39325,418607506643081
0.33261248,0.0617375,0.39325,418607511636118
0.283525,0.0605,0.37345,418607516629002
0.283525,0.0605,0.37345,418607521621887
0.2399375,0.0697125,0.350625,418607526614060
0.2399375,0.0697125,0.350625,418607531606253
0.2321,0.0853875,0.335775,418607536598733
0.2321,0.0853875,0.335775,418607541591194
0.186175,0.0977625,0.3185875,418607546583309
0.186175,0.0977625,0.3185875,418607551575426
0.113575,0.1071125,0.30621248,418607556567810
0.113575,0.1071125,0.30621248,418607561560195
0.0688875,0.1087625,0.3075875,418607566552078
0.0688875,0.1087625,0.3075875,418607571543963
0.052525,0.10505,0.2706,418607576536267
0.052525,0.10505,0.2706,418607581528574
0.0320375,0.0814,0.19745,418607586521189
0.0320375,0.0814,0.19745,418607591513804
0.0066,0.031075,0.1513875,418607596504856
0.0066,0.031075,0.1513875,418607601495897
-0.0048125,-0.00385,0.124575,418607606486401
-0.0048125,-0.00385,0.124575,418607611476902
-0.11935,-0.07315,0.205975,418607616468258
-0.11935,-0.07315,0.205975,418607621459603
-0.11935,-0.07315,0.205975,418607626451449
-0.11935,-0.07315,0.205975,418607631443296
-0.1183875,-0.08855,0.2008875,418607636435564
-0.1183875,-0.08855,0.2008875,418607641427835
-0.0380875,-0.0944625,0.195525,418607646421671
-0.0380875,-0.0944625,0.195525,418607651415516
0.0279125,-0.08965,0.1722875,418607656408943
0.0279125,-0.08965,0.1722875,418607661402368
0.076725,-0.0847,0.149875,418607666395791
0.076725,-0.0847,0.149875,418607671389214
0.0592625,-0.06765,0.1161875,418607676379987
0.0592625,-0.06765,0.1161875,418607681370758
0.3342625,-0.0452375,0.0837375,418607686362767
0.3342625,-0.0452375,0.0837375,418607691354766
0.6969875,-0.04895,0.053625,418607696346939
0.6969875,-0.04895,0.053625,418607701339132
0.9805125,-0.0754875,0.02915,418607706331978
0.9805125,-0.0754875,0.02915,418607711324825
1.037575,-0.0988625,0.005775,418607716317617
1.037575,-0.0988625,0.005775,418607721310426
0.9785875,-0.120037496,-0.0116875,418607726303498
0.9785875,-0.120037496,-0.0116875,418607731296575
0.818125,-0.134475,-0.0273625,418607736288472
0.818125,-0.134475,-0.0273625,418607741280357
0.8166125,-0.126225,-0.0386375,418607746271665
0.8166125,-0.126225,-0.0386375,418607751262974
0.8111125,-0.0864875,-0.078375,418607756256321
0.8111125,-0.0864875,-0.078375,418607761249666
0.7929625,-0.041249998,-0.1486375,418607766241856
0.7929625,-0.041249998,-0.1486375,418607771234051
0.848375,-0.0070125,-0.2256375,418607776225893
0.848375,-0.0070125,-0.2256375,418607781217738
0.8185375,0.034649998,-0.2998875,418607786210127
0.8185375,0.034649998,-0.2998875,418607791202512
0.7605125,0.0699875,-0.3564,418607796195816
0.7605125,0.0699875,-0.3564,418607801189123
0.662475,0.095837496,-0.392425,418607806181275
0.662475,0.095837496,-0.392425,418607811173430
0.5836875,0.1056,-0.3909125,418607816165089
0.5836875,0.1056,-0.3909125,418607821156782
0.5575625,0.104499996,-0.3749625,418607826149610
0.5575625,0.104499996,-0.3749625,418607831142455
0.4899125,0.106837496,-0.39105,418607836134443
0.4899125,0.106837496,-0.39105,418607841126444
0.407,0.1057375,-0.4236375,418607846118291
0.407,0.1057375,-0.4236375,418607851110138
0.4019125,0.089925,-0.40425,418607856104023
0.4019125,0.089925,-0.40425,418607861097906
0.3617625,0.0782375,-0.370425,418607866089949
0.3617625,0.0782375,-0.370425,418607871081988
0.2820125,0.058025,-0.28765,418607876073089
0.2820125,0.058025,-0.28765,418607881064204
0.19855,0.0416625,-0.2003375,418607886056012
0.19855,0.0416625,-0.2003375,418607891047819
0.0815375,0.0385,-0.16293749,418607896039852
0.0815375,0.0385,-0.16293749,418607901031891
0.0364375,0.0430375,-0.159775,418607906023318
0.0364375,0.0430375,-0.159775,418607911014743
0.027775,0.0512875,-0.1848,418607916008519
0.027775,0.0512875,-0.1848,418607921002286
0.036575,0.0572,-0.2079,418607925995285
0.036575,0.0572,-0.2079,418607930988286
0.0785125,0.0504625,-0.1920875,418607935980440
0.0785125,0.0504625,-0.1920875,418607940972593
0.108075,0.0286,-0.138875,418607945964122
0.108075,0.0286,-0.138875,418607950955661
0.15895,-0.0045375,-0.059125,418607955947363
0.15895,-0.0045375,-0.059125,418607960939056
0.1978625,-0.028324999,0.009075,418607965930208
0.1978625,-0.028324999,0.009075,418607970921363
0.2292125,-0.0334125,0.0342375,418607975912787
0.2292125,-0.0334125,0.0342375,418607980904210
0.214775,-0.0281875,0.029975,418607985896002
0.214775,-0.0281875,0.029975,418607990887809
0.1343375,-0.0158125,0.0380875,418607995880540
0.1343375,-0.0158125,0.0380875,418608000873271
0.013475,0.0089375,0.0935,418608005865386
0.013475,0.0089375,0.0935,418608010857503
-0.0383625,0.05335,0.197175,418608015850542
-0.0383625,0.05335,0.197175,418608020843579
-0.0748,0.11165,0.286,418608025837151
-0.0748,0.11165,0.286,418608030830690
-0.069575,0.1813625,0.36245,418608035823304
-0.069575,0.1813625,0.36245,418608040815921
-0.060775,0.23925,0.4164875,418608045809705
-0.060775,0.23925,0.4164875,418608050803474
-0.1313125,0.286825,0.424325,418608055796328
-0.1313125,0.286825,0.424325,418608060789175
-0.2231625,0.32175,0.3975125,418608065781175
-0.2231625,0.32175,0.3975125,418608070773176
-0.27445,0.3400375,0.36574998,418608075764348
-0.27445,0.3400375,0.36574998,418608080755541
-0.2572625,0.33935,0.3672625,418608085747157
-0.2572625,0.33935,0.3672625,418608090738772
-0.2132625,0.32793748,0.4019125,418608095731632
-0.2132625,0.32793748,0.4019125,418608100724479
-0.1815,0.3075875,0.448525,418608105717175
-0.1815,0.3075875,0.448525,418608110709868
-0.1274625,0.2464,0.4772625,418608115703109
-0.1274625,0.2464,0.4772625,418608120696338
-0.0776875,0.1632125,0.5064125,418608125688847
-0.0776875,0.1632125,0.5064125,418608130681348
-0.03575,0.0702625,0.5179625,418608135672983
-0.03575,0.0702625,0.5179625,418608140664598
-0.01485,-0.0116875,0.5531625,418608145657022
-0.01485,-0.0116875,0.5531625,418608150649445
-0.0155375,-0.0664125,0.566225,418608155642536
-0.0155375,-0.0664125,0.566225,418608160635651
-0.006325,-0.1021625,0.5922125,418608165626264
-0.006325,-0.1021625,0.5922125,418608170616921
0.0526625,-0.115637496,0.59235,418608175608667
0.0526625,-0.115637496,0.59235,418608180600396
0.1502875,-0.1095875,0.5429875,418608185592588
0.1502875,-0.1095875,0.5429875,418608190584781
0.2723875,-0.095975,0.4896375,418608195575222
0.2723875,-0.095975,0.4896375,418608200565647
0.36574998,-0.13915,0.4219875,418608205557263
0.36574998,-0.13915,0.4219875,418608210548878
0.4390375,-0.2179375,0.3433375,418608215539569
0.4390375,-0.2179375,0.3433375,418608220530262
0.5009125,-0.2919125,0.27005,418608225521176
0.5009125,-0.2919125,0.27005,418608230512099
0.4970625,-0.327525,0.1915375,418608235503045
0.4970625,-0.327525,0.1915375,418608240494008
0.48675,-0.3168,0.111375,418608245485930
0.48675,-0.3168,0.111375,418608250477853
0.4195125,-0.27101249,0.049225,418608255470892
0.4195125,-0.27101249,0.049225,418608260463931
0.331375,-0.2107875,-0.001925,418608265454467
0.331375,-0.2107875,-0.001925,418608270445008
0.2061125,-0.1480875,-0.0367125,418608275436547
0.2061125,-0.1480875,-0.0367125,418608280428084
0.1406625,-0.098037496,-0.0581625,418608285421315
0.1406625,-0.098037496,-0.0581625,418608290414546
0.084425,-0.06875,-0.0556875,418608295404813
0.084425,-0.06875,-0.0556875,418608300395084
0.033,-0.043725,-0.0545875,418608305385396
0.033,-0.043725,-0.0545875,418608310375703
0.0105875,-0.0240625,-0.072875,418608315366900
0.0105875,-0.0240625,-0.072875,418608320358093
-0.0187,-0.0125124995,-0.085525,418608325349170
-0.0187,-0.0125124995,-0.085525,418608330340247
-0.1188,-0.0055,-0.08965,418608335331877
-0.1188,-0.0055,-0.08965,418608340323530
-0.263175,0.0048125,-0.0831875,418608345315828
-0.263175,0.0048125,-0.0831875,418608350308137
-0.4060375,0.011825,-0.0545875,418608355300420
-0.4060375,0.011825,-0.0545875,418608360292689
-0.54175,0.0114124995,-0.014162499,418608365284396
-0.54175,0.0114124995,-0.014162499,418608370276089
-0.5897375,0.0044,0.0191125,418608375268742
-0.5897375,0.0044,0.0191125,418608380261473
-0.5493125,0.002475,0.027224999,418608385254010
-0.5493125,0.002475,0.027224999,418608390246549
-0.4129125,-0.0023375,0.0473,418608395238689
-0.4129125,-0.0023375,0.0473,418608400230842
-0.32725,-0.0251625,0.14355,418608405221818
-0.32725,-0.0251625,0.14355,418608410212819
-0.2913625,-0.053625,0.2492875,418608415204396
-0.2913625,-0.053625,0.2492875,418608420195973
-0.2666125,-0.07425,0.3111625,418608425186153
-0.2666125,-0.07425,0.3111625,418608430176348
-0.2404875,-0.0752125,0.2913625,418608435167248
-0.2404875,-0.0752125,0.2913625,418608440158131
-0.1782,-0.0636625,0.22687499,418608445150420
-0.1782,-0.0636625,0.22687499,418608450142689
-0.1216875,-0.0523875,0.18933749,418608455136078
-0.1216875,-0.0523875,0.18933749,418608460129463
-0.070125,-0.0386375,0.16335,418608465120731
-0.070125,-0.0386375,0.16335,418608470112002
-0.0386375,-0.0339625,0.18315,418608475103074
-0.0386375,-0.0339625,0.18315,418608480094151
-0.0262625,-0.039875,0.2223375,418608485086247
-0.0262625,-0.039875,0.2223375,418608490078324
-0.0493625,-0.034925,0.251625,418608495070856
-0.0493625,-0.034925,0.251625,418608500063395
-0.0493625,-0.034925,0.251625,418608505055125
-0.0493625,-0.034925,0.251625,418608510046858
-0.07535,-0.010175,0.2564375,418608515039315
-0.07535,-0.010175,0.2564375,418608520031776
-0.082775,0.0122375,0.2726625,418608525023530
-0.082775,0.0122375,0.2726625,418608530015299
-0.0798875,0.0017875,0.3716625,418608535007814
-0.0798875,0.0017875,0.3716625,418608540000313
-0.0768625,-0.0242,0.4929375,418608544992159
-0.0768625,-0.0242,0.4929375,418608549984006
-0.094325,-0.0471625,0.6260375,418608554977358
-0.094325,-0.0471625,0.6260375,418608559970703
-0.13805,-0.0548625,0.7412625,418608564961528
-0.13805,-0.0548625,0.7412625,418608569952337
-0.175175,-0.078375,0.7990125,418608574944738
-0.175175,-0.078375,0.7990125,418608579937121
-0.1958,-0.130625,0.8056125,418608584929275
-0.1958,-0.130625,0.8056125,418608589921430
-0.1912625,-0.1934625,0.74635,418608594915076
-0.1912625,-0.1934625,0.74635,418608599908651
-0.1750375,-0.2696375,0.676775,418608604902362
-0.1750375,-0.2696375,0.676775,418608609896055
-0.1524875,-0.3546125,0.6169625,418608614889680
-0.1524875,-0.3546125,0.6169625,418608619883295
-0.1538625,-0.4173125,0.5366625,418608624876334
-0.1538625,-0.4173125,0.5366625,418608629869373
-0.0889625,-0.4426125,0.46145,418608634863585
-0.0889625,-0.4426125,0.46145,418608639857776
0.037675,-0.451,0.4371125,418608644850295
0.037675,-0.451,0.4371125,418608649842834
0.19139999,-0.4367,0.3971,418608654835671
0.19139999,-0.4367,0.3971,418608659828516
0.329175,-0.4153875,0.3694625,418608664821006
0.329175,-0.4153875,0.3694625,418608669813545
0.4269375,-0.3872,0.2855875,418608674805545
0.4269375,-0.3872,0.2855875,418608679797546
0.4681875,-0.36685,0.1885125,418608684789628
0.4681875,-0.36685,0.1885125,418608689781705
0.4329875,-0.3443,0.0955625,418608694773862
0.4329875,-0.3443,0.0955625,418608699766017
0.363825,-0.3174875,0.0347875,418608704757064
0.363825,-0.3174875,0.0347875,418608709748103
0.2685375,-0.260425,-4.125E-4,418608714739758
0.2685375,-0.260425,-4.125E-4,418608719731411
0.18259999,-0.190025,-0.016224999,418608724723450
0.18259999,-0.190025,-0.016224999,418608729715489
0.0638,-0.1131625,-0.021175,418608734707507
0.0638,-0.1131625,-0.021175,418608739699508
-0.033825,-0.054175,-0.0361625,418608744691161
-0.033825,-0.054175,-0.0361625,418608749682814
-0.0897875,-0.0165,-0.0496375,418608754675969
-0.0897875,-0.0165,-0.0496375,418608759669122
-0.080025,0.0022,-0.0661375,418608764661121
-0.080025,0.0022,-0.0661375,418608769653122
-0.1131625,0.0309375,-0.077275,418608774645306
-0.1131625,0.0309375,-0.077275,418608779637499
-0.3339875,0.090475,-0.07205,418608784629421
-0.3339875,0.090475,-0.07205,418608789621344
-0.65174997,0.138875,-0.0248875,418608794614233
-0.65174997,0.138875,-0.0248875,418608799607156
-0.8955375,0.158125,0.0221375,418608804600309
-0.8955375,0.158125,0.0221375,418608809593464
-0.94985,0.1507,0.043449998,418608814585900
-0.94985,0.1507,0.043449998,418608819578363
-0.922075,0.14245,0.0325875,418608824571840
-0.922075,0.14245,0.0325875,418608829565301
-0.8382,0.0968,0.129525,418608834558102
-0.8382,0.0968,0.129525,418608839550911
-0.7414,0.0342375,0.3262875,418608844543795
-0.7414,0.0342375,0.3262875,418608849536680
-0.6331875,-0.075625,0.56485,418608854529617
-0.6331875,-0.075625,0.56485,418608859522540
-0.5427125,-0.2102375,0.7792125,418608864514515
-0.5427125,-0.2102375,0.7792125,418608869506516
-0.4280375,-0.29741248,0.912725,418608874499522
-0.4280375,-0.29741248,0.912725,418608879492483
-0.3125375,-0.3460875,0.9981125,418608884485693
-0.3125375,-0.3460875,0.9981125,418608889478924
-0.20405,-0.36795,1.012,418608894471895
-0.20405,-0.36795,1.012,418608899464896
-0.1243,-0.3801875,0.9928875,418608904457204
-0.1243,-0.3801875,0.9928875,418608909449511
-0.07755,-0.4250125,0.9865625,418608914441698
-0.07755,-0.4250125,0.9865625,418608919433891
-0.0658625,-0.46048748,0.9832625,418608924425853
-0.0658625,-0.46048748,0.9832625,418608929417814
0.0196625,-0.2509375,0.6535375,418608934410584
0.0196625,-0.2509375,0.6535375,418608939403353
0.170775,0.0248875,0.4063125,418608944396121
0.170775,0.0248875,0.4063125,418608949388892
0.3205125,0.2055625,0.1995125,418608954381703
0.3205125,0.2055625,0.1995125,418608959374512
0.4043875,0.2910875,-0.001925,418608964367126
0.4043875,0.2910875,-0.001925,418608969359743
0.37895,0.3234,-0.145475,418608974352334
0.37895,0.3234,-0.145475,418608979344911
0.2850375,0.3311,-0.19373749,418608984337632
0.2850375,0.3311,-0.19373749,418608989330363
0.1337875,0.2754125,-0.15565,418608994321848
0.1337875,0.2754125,-0.15565,418608999313311
0.027775,0.26345,-0.256025,418609004305388
0.027775,0.26345,-0.256025,418609009297465
0.02805,0.2657875,-0.42955,418609014289468
0.02805,0.2657875,-0.42955,418609019281469
-0.1062875,0.30635,-0.597025,418609024274739
-0.1062875,0.30635,-0.597025,418609029268008
-0.368775,0.4026,-0.763675,418609034260891
-0.368775,0.4026,-0.763675,418609039253776
-0.6439125,0.510675,-0.900625,418609044245161
-0.6439125,0.510675,-0.900625,418609049236546
-0.8402625,0.511775,-0.7481375,418609054228931
-0.8402625,0.511775,-0.7481375,418609059221314
-0.9024125,0.4676375,-0.538725,418609064213622
-0.9024125,0.4676375,-0.538725,418609069205931
-0.8355875,0.3548875,-0.32505,418609074197801
-0.8355875,0.3548875,-0.32505,418609079189686
-0.75185,0.2398,-0.13145,418609084181994
-0.75185,0.2398,-0.13145,418609089174301
-0.628375,0.152625,0.02035,418609094167628
-0.628375,0.152625,0.02035,418609099160935
-0.5154875,0.0917125,0.122099996,418609104153242
-0.5154875,0.0917125,0.122099996,418609109145551
-0.3488375,0.0405625,0.1742125,418609114137974
-0.3488375,0.0405625,0.1742125,418609119130397
-0.1841125,-5.5E-4,0.17173749,418609124122473
-0.1841125,-5.5E-4,0.17173749,418609129114550
-0.0798875,-0.0347875,0.1452,418609134106628
-0.0798875,-0.0347875,0.1452,418609139098705
-0.0292875,-0.0638,0.1139875,418609144090046
-0.0292875,-0.0638,0.1139875,418609149081393
0.2167,-0.13805,0.08305,418609154073585
0.2167,-0.13805,0.08305,418609159065776
0.5489,-0.21065,0.0477125,418609164056511
0.5489,-0.21065,0.0477125,418609169047244
0.8063,-0.2486,-0.00165,418609174037936
0.8063,-0.2486,-0.00165,418609179028627
0.8718875,-0.240625,-0.04455,418609184019613
0.8718875,-0.240625,-0.04455,418609189010612
0.7187125,-0.2118875,-0.0352,418609194001550
0.7187125,-0.2118875,-0.0352,418609198992513
0.5234625,-0.145475,-0.141075,418609203983551
0.5234625,-0.145475,-0.141075,418609208974588
0.35035,-0.03135,-0.3969625,418609213966021
0.35035,-0.03135,-0.3969625,418609218957446
0.2277,0.105875,-0.7077125,418609223948415
0.2277,0.105875,-0.7077125,418609228939378
0.071775,0.20185,-0.967725,418609233931142
0.071775,0.20185,-0.967725,418609238922911
-0.0543125,0.26125,-1.1108625,418609243913986
-0.0543125,0.26125,-1.1108625,418609248905065
-0.032175,0.26345,-1.1515625,418609253897484
-0.032175,0.26345,-1.1515625,418609258889907
-0.66275,0.3235375,-1.098075,418609263881626
-0.66275,0.3235375,-1.098075,418609268873359
-1.4576375,0.4129125,-0.99385,418609273865494
-1.4576375,0.4129125,-0.99385,418609278857609
-2.142525,0.5674625,-0.96525,418609283848799
-2.142525,0.5674625,-0.96525,418609288839992
-2.2847,0.6483125,-0.8657,418609293832277
-2.2847,0.6483125,-0.8657,418609298824546
-2.292675,0.6708625,-0.666875,418609303815963
-2.292675,0.6708625,-0.666875,418609308807388
-2.3782,0.64515,-0.5383125,418609313798705
-2.3782,0.64515,-0.5383125,418609318790012
-2.3604624,0.5825875,-0.4807,418609323780281
-2.3604624,0.5825875,-0.4807,418609328770550
-2.24455,0.4959625,-0.439725,418609333761590
-2.24455,0.4959625,-0.439725,418609338752627
-2.104575,0.4376625,-0.46695,418609343744132
-2.104575,0.4376625,-0.46695,418609348735633
-1.89915,0.4411,-0.5489,418609353728940
-1.89915,0.4411,-0.5489,418609358722247
-1.6462874,0.4717625,-0.663025,418609363714285
-1.6462874,0.4717625,-0.663025,418609368706324
-1.3354,0.5097125,-0.7668375,418609373697742
-1.3354,0.5097125,-0.7668375,418609378689165
-0.9763875,0.55165,-0.857175,418609383679776
-0.9763875,0.55165,-0.857175,418609388670391
-0.6271375,0.572825,-0.8999375,418609393661979
-0.6271375,0.572825,-0.8999375,418609398653556
-0.3364625,0.5198875,-0.8050625,418609403644439
-0.3364625,0.5198875,-0.8050625,418609408635324
-0.13145,0.4296875,-0.6430875,418609413627124
-0.13145,0.4296875,-0.6430875,418609418618893
-0.0202125,0.3298625,-0.5005,418609423609617
-0.0202125,0.3298625,-0.5005,418609428600348
0.01705,0.26455,-0.4068625,418609433592278
0.01705,0.26455,-0.4068625,418609438584201
0.1593625,0.2294875,-0.346225,418609443575507
0.1593625,0.2294875,-0.346225,418609448566816
0.3601125,0.2033625,-0.2937,418609453558243
0.3601125,0.2033625,-0.2937,418609458549742
0.5665,0.2041875,-0.29095,418609463540169
0.5665,0.2041875,-0.29095,418609468530594
0.6824125,0.2827,-0.426525,418609473521758
0.6824125,0.2827,-0.426525,418609478512911
0.7096375,0.455125,-0.6697625,418609483504141
0.7096375,0.455125,-0.6697625,418609488495372
0.6562875,0.4838625,-0.6436375,418609493486728
0.6562875,0.4838625,-0.6436375,418609498478075
0.5127375,0.4642,-0.5401,418609503469280
0.5127375,0.4642,-0.5401,418609508460511
0.3317875,0.401775,-0.407825,418609513452484
0.3317875,0.401775,-0.407825,418609518444445
0.2690875,0.34553748,-0.3232625,418609523435521
0.2690875,0.34553748,-0.3232625,418609528426598
0.1709125,0.2919125,-0.2847625,418609533418421
0.1709125,0.2919125,-0.2847625,418609538410228
0.0724625,0.2871,-0.3606625,418609543401535
0.0724625,0.2871,-0.3606625,418609548392844
-0.0066,0.2464,-0.386925,418609553385051
-0.0066,0.2464,-0.386925,418609558377282
-0.0237875,0.1782,-0.342375,418609563368742
-0.0237875,0.1782,-0.342375,418609568360205
-0.029424999,0.1351625,-0.3106125,418609573351455
-0.029424999,0.1351625,-0.3106125,418609578342724
-0.0578875,0.0787875,-0.239525,418609583334060
-0.0578875,0.0787875,-0.239525,418609588325407
-0.0859375,-0.0408375,-0.059125,418609593317411
-0.0859375,-0.0408375,-0.059125,418609598309412
-0.10505,-0.1940125,0.08085,418609603300343
-0.10505,-0.1940125,0.08085,418609608291268
-0.0831875,-0.247225,0.0174625,418609613282041
-0.0831875,-0.247225,0.0174625,418609618272810
-0.201025,-0.3227125,-0.0237875,418609623263348
-0.201025,-0.3227125,-0.0237875,418609628253887
0.35475,-0.29067498,-0.078375,418609633245191
0.35475,-0.29067498,-0.078375,418609638236498
0.352825,-0.2761,-0.0985875,418609643227174
0.352825,-0.2761,-0.0985875,418609648217867
0.3139125,-0.2270125,-0.14245,418609653209740
0.3139125,-0.2270125,-0.14245,418609658201547
0.256575,-0.1236125,-0.2237125,418609663193315
0.256575,-0.1236125,-0.2237125,418609668185084
0.187825,0.0653125,-0.4318875,418609673177311
0.187825,0.0653125,-0.4318875,418609678169542
0.2506625,0.2685375,-0.658075,418609683161079
0.2506625,0.2685375,-0.658075,418609688152618
0.47465,0.3641,-0.6914875,418609693144339
0.47465,0.3641,-0.6914875,418609698136070
0.6809,0.3911875,-0.6109125,418609703126915
0.6809,0.3911875,-0.6109125,418609708117762
0.6568375,0.319,-0.417175,418609713109056
0.6568375,0.319,-0.417175,418609718100325
0.6557375,0.2283875,-0.2035,418609723091737
0.6557375,0.2283875,-0.2035,418609728083160
0.5894625,0.1183875,-0.016224999,418609733074597
0.5894625,0.1183875,-0.016224999,418609738066060
0.754325,0.1155,0.0264,418609743056020
0.754325,0.1155,0.0264,418609748045983
-0.0735625,-0.0240625,0.0485375,418609753038984
-0.0735625,-0.0240625,0.0485375,418609758031983
0.1967625,0.0328625,0.0163625,418609763022953
0.1967625,0.0328625,0.0163625,418609768013916
0.3227125,-0.0072875,0.1084875,418609773004661
0.3227125,-0.0072875,0.1084875,418609777995392
2.18625,-0.8655625,1.7612375,418609782986931
2.18625,-0.8655625,1.7612375,418609787978468
3.3834624,-1.3646874,2.66035,418609792970675
3.3834624,-1.3646874,2.66035,418609797962906
3.1642876,-1.165175,2.2873125,418609802955045
3.1642876,-1.165175,2.2873125,418609807947200
4.5984125,-1.3123,2.36335,418609812938079
4.5984125,-1.3123,2.36335,418609817928964
4.3032,-0.5929,0.83655,418609822919754
4.3032,-0.5929,0.83655,418609827910561
2.2977624,-0.446875,0.0231,418609832901334
2.2977624,-0.446875,0.0231,418609837892103
1.335675,-0.4169,-0.44715,418609842882872
1.335675,-0.4169,-0.44715,418609847873641
0.5737875,-0.4371125,-0.4120875,418609852865257
0.5737875,-0.4371125,-0.4120875,418609857856872
0.4285875,-0.19167499,-0.6006,418609862847247
0.4285875,-0.19167499,-0.6006,418609867837632
0.4929375,0.06215,-0.81949997,418609872829479
0.4929375,0.06215,-0.81949997,418609877821324
0.5324,0.177375,-0.8842625,418609882811934
0.5324,0.177375,-0.8842625,418609887802551
0.466125,0.2630375,-0.79254997,418609892793767
0.466125,0.2630375,-0.79254997,418609897784998
0.071225,0.581075,-1.29965,418609902775843
0.071225,0.581075,-1.29965,418609907766690
-1.61425,0.694925,-1.7452875,418609912757733
-1.61425,0.694925,-1.7452875,418609917748772
-2.6006749,0.6868125,-2.0043375,418609922741810
-2.6006749,0.6868125,-2.0043375,418609927734849
-4.167075,0.8529125,-2.7559125,418609932726679
-4.167075,0.8529125,-2.7559125,418609937718488
-3.708375,0.231825,-0.9843625,418609942711296
-3.708375,0.231825,-0.9843625,418609947704103
-1.849925,0.2877875,-0.1373625,418609952696858
-1.849925,0.2877875,-0.1373625,418609957689627
-0.8625375,0.22893749,0.64762497,418609962680684
-0.8625375,0.22893749,0.64762497,418609967671761
-0.1524875,0.3433375,0.53185,418609972663874
-0.1524875,0.3433375,0.53185,418609977655989
0.0427625,0.1824625,0.6644,418609982648026
0.0427625,0.1824625,0.6644,418609987640065
0.0356125,0.015675,0.8581375,418609992631935
0.0356125,0.015675,0.8581375,418609997623820
0.0163625,-0.0334125,0.905575,418610002616204
0.0163625,-0.0334125,0.905575,418610007608589
0.0198,0.036575,0.7588625,418610012600626
0.0198,0.036575,0.7588625,418610017592665
0.0378125,0.1142625,0.6175125,418610022584219
0.0378125,0.1142625,0.6175125,418610027575796
0.056375,0.165275,0.3700125,418610032567767
0.056375,0.165275,0.3700125,418610037559728
0.0504625,0.15455,0.2316875,418610042553445
0.0504625,0.15455,0.2316875,418610047547176
0.03355,0.11935,0.14685,418610052539443
0.03355,0.11935,0.14685,418610057531714
0.0210375,0.0873125,0.0961125,418610062523381
0.0210375,0.0873125,0.0961125,418610067515036
0.0155375,0.055825,0.0449625,418610072507638
0.0155375,0.055825,0.0449625,418610077500213
0.014712499,0.01815,0.0254375,418610082491789
0.014712499,0.01815,0.0254375,418610087483368
0.0,0.0,0.0,418610092475252
0.0,0.0,0.0,418610097467137
-0.022,-0.0554125,-0.0070125,418610102459728
-0.022,-0.0554125,-0.0070125,418610107452343
-0.0248875,-0.0581625,-0.0133375,418610112444520
-0.0248875,-0.0581625,-0.0133375,418610117436675
-0.0174625,-0.043449998,-0.01375,418610122428714
-0.0174625,-0.043449998,-0.01375,418610127420751
-0.0077,-0.0303875,-0.0144375,418610132412862
-0.0077,-0.0303875,-0.0144375,418610137404977
-0.005225,-0.03135,-0.013612499,418610142398136
-0.005225,-0.03135,-0.013612499,418610147391291
0.0,0.0,0.0,418610152382111
0.0,0.0,0.0,418610157372958
0.0,0.0,0.0,418610162365690
0.0,0.0,0.0,418610167358421
-0.003025,-0.066,-0.02035,418610172350905
-0.003025,-0.066,-0.02035,418610177343368
8.25E-4,-8.25E-4,-8.25E-4,418610182335945
8.25E-4,-8.25E-4,-8.25E-4,418610187328522
8.25E-4,-8.25E-4,-8.25E-4,418610192320674
8.25E-4,-8.25E-4,-8.25E-4,418610197312829
8.25E-4,-8.25E-4,-8.25E-4,418610202305763
8.25E-4,-8.25E-4,-8.25E-4,418610207298646
8.25E-4,-8.25E-4,-8.25E-4,418610212290842
8.25E-4,-8.25E-4,-8.25E-4,418610217283035
8.25E-4,-8.25E-4,-8.25E-4,418610222274747
8.25E-4,-8.25E-4,-8.25E-4,418610227266440
8.25E-4,-8.25E-4,-8.25E-4,418610232257300
8.25E-4,-8.25E-4,-8.25E-4,418610237248145
8.25E-4,-8.25E-4,-8.25E-4,418610242240531
8.25E-4,-8.25E-4,-8.25E-4,418610247232916
8.25E-4,-8.25E-4,-8.25E-4,418610252225063
8.25E-4,-8.25E-4,-8.25E-4,418610257217218
8.25E-4,-8.25E-4,-8.25E-4,418610262209155
8.25E-4,-8.25E-4,-8.25E-4,418610267201116
8.25E-4,-8.25E-4,-8.25E-4,418610272192775
8.25E-4,-8.25E-4,-8.25E-4,418610277184430
8.25E-4,-8.25E-4,-8.25E-4,418610282176046
8.25E-4,-8.25E-4,-8.25E-4,418610287167661
8.25E-4,-8.25E-4,-8.25E-4,418610292160728
8.25E-4,-8.25E-4,-8.25E-4,418610297153805
-8.25E-4,-8.25E-4,-8.25E-4,418610302146943
-8.25E-4,-8.25E-4,-8.25E-4,418610307140060
-8.25E-4,-8.25E-4,-8.25E-4,418610312133712
-8.25E-4,-8.25E-4,-8.25E-4,418610317127367
8.25E-4,-8.25E-4,-8.25E-4,418610322120751
8.25E-4,-8.25E-4,-8.25E-4,418610327114136
-8.25E-4,-8.25E-4,-8.25E-4,418610332106204
-8.25E-4,-8.25E-4,-8.25E-4,418610337098281
-8.25E-4,-8.25E-4,-8.25E-4,418610342092757
-8.25E-4,-8.25E-4,-8.25E-4,418610347087256
-8.25E-4,-8.25E-4,-8.25E-4,418610352079668
-8.25E-4,-8.25E-4,-8.25E-4,418610357072055
0.0,0.0,0.0,418610362064054
0.0,0.0,0.0,418610367056055
-8.25E-4,8.25E-4,8.25E-4,418610372048839
-8.25E-4,8.25E-4,8.25E-4,418610377041608
-8.25E-4,8.25E-4,8.25E-4,418610382033610
-8.25E-4,8.25E-4,8.25E-4,418610387025611
-8.25E-4,8.25E-4,8.25E-4,418610392017650
-8.25E-4,8.25E-4,8.25E-4,418610397009689
-8.25E-4,8.25E-4,8.25E-4,418610402000880
-8.25E-4,8.25E-4,8.25E-4,418610406992073
-8.25E-4,8.25E-4,8.25E-4,418610411984575
-8.25E-4,8.25E-4,8.25E-4,418610416977074
0.0,0.0,0.0,418610421969875
0.0,0.0,0.0,418610426962684
-8.25E-4,-8.25E-4,-8.25E-4,418610431956953
-8.25E-4,-8.25E-4,-8.25E-4,418610436951222
-8.25E-4,-8.25E-4,-8.25E-4,418610441946607
-8.25E-4,-8.25E-4,-8.25E-4,418610446941992
0.0,0.0,0.0,418610451934196
0.0,0.0,0.0,418610456926429
0.0,0.0,0.0,418610461919358
0.0,0.0,0.0,418610466912281
0.0,0.0,0.0,418610471904953
0.0,0.0,0.0,418610476897608
8.25E-4,-8.25E-4,-8.25E-4,418610481891556
8.25E-4,-8.25E-4,-8.25E-4,418610486885517
8.25E-4,-8.25E-4,-8.25E-4,418610491877976
8.25E-4,-8.25E-4,-8.25E-4,418610496870439
8.25E-4,-8.25E-4,-8.25E-4,418610501862247
8.25E-4,-8.25E-4,-8.25E-4,418610506854054
8.25E-4,-8.25E-4,-8.25E-4,418610511846901
8.25E-4,-8.25E-4,-8.25E-4,418610516839746
0.0,0.0,0.0,418610521832779
0.0,0.0,0.0,418610526825818
0.0,0.0,0.0,418610531819400
0.0,0.0,0.0,418610536812977
8.25E-4,-8.25E-4,-8.25E-4,418610541806823
8.25E-4,-8.25E-4,-8.25E-4,418610546800670
8.25E-4,-8.25E-4,-8.25E-4,418610551793870
8.25E-4,-8.25E-4,-8.25E-4,418610556787063
8.25E-4,-8.25E-4,-8.25E-4,418610561780709
8.25E-4,-8.25E-4,-8.25E-4,418610566774362
8.25E-4,-8.25E-4,-8.25E-4,418610571767746
8.25E-4,-8.25E-4,-8.25E-4,418610576761131
0.0,0.0,0.0,418610581752401
0.0,0.0,0.0,418610586743670
8.25E-4,8.25E-4,8.25E-4,418610591735748
8.25E-4,8.25E-4,8.25E-4,418610596727825
8.25E-4,8.25E-4,8.25E-4,418610601718793
8.25E-4,8.25E-4,8.25E-4,418610606709756
-8.25E-4,8.25E-4,8.25E-4,418610611702560
-8.25E-4,8.25E-4,8.25E-4,418610616695367
-8.25E-4,8.25E-4,8.25E-4,418610621688404
-8.25E-4,8.25E-4,8.25E-4,418610626681443
-4.125E-4,8.25E-4,8.25E-4,418610631675463
-4.125E-4,8.25E-4,8.25E-4,418610636669464
0.0,0.0,0.0,418610641663818
0.0,0.0,0.0,418610646658165
-4.125E-4,8.25E-4,8.25E-4,418610651650374
-4.125E-4,8.25E-4,8.25E-4,418610656642569
0.0,0.0,0.0,418610661634243
0.0,0.0,0.0,418610666625898
0.0,0.0,0.0,418610671617864
0.0,0.0,0.0,418610676609825
0.0,0.0,0.0,418610681602642
0.0,0.0,0.0,418610686595449
-8.25E-4,8.25E-4,8.25E-4,418610691588449
-8.25E-4,8.25E-4,8.25E-4,418610696581450
-8.25E-4,8.25E-4,8.25E-4,418610701574155
-8.25E-4,8.25E-4,8.25E-4,418610706566848
-8.25E-4,8.25E-4,8.25E-4,418610711559498
-8.25E-4,8.25E-4,8.25E-4,418610716552151
-8.25E-4,8.25E-4,8.25E-4,418610721544113
-8.25E-4,8.25E-4,8.25E-4,418610726536074
-5.5E-4,8.25E-4,8.25E-4,418610731526993
-5.5E-4,8.25E-4,8.25E-4,418610736517916
5.5E-4,8.25E-4,8.25E-4,418610741512158
5.5E-4,8.25E-4,8.25E-4,418610746506387
-8.25E-4,8.25E-4,8.25E-4,418610751499592
-8.25E-4,8.25E-4,8.25E-4,418610756492787
-8.25E-4,8.25E-4,8.25E-4,418610761484902
-8.25E-4,8.25E-4,8.25E-4,418610766477017
-8.25E-4,8.25E-4,8.25E-4,418610771470349
-8.25E-4,8.25E-4,8.25E-4,418610776463694
-8.25E-4,8.25E-4,8.25E-4,418610781456347
-8.25E-4,8.25E-4,8.25E-4,418610786449002
-8.25E-4,8.25E-4,8.25E-4,418610791441690
-8.25E-4,8.25E-4,8.25E-4,418610796434383
-8.25E-4,8.25E-4,8.25E-4,418610801426458
-8.25E-4,8.25E-4,8.25E-4,418610806418535
-8.25E-4,8.25E-4,8.25E-4,418610811412147
-8.25E-4,8.25E-4,8.25E-4,418610816405762
-8.25E-4,8.25E-4,8.25E-4,418610821399175
-8.25E-4,8.25E-4,8.25E-4,418610826392598
-8.25E-4,8.25E-4,8.25E-4,418610831386061
-8.25E-4,8.25E-4,8.25E-4,418610836379522
-8.25E-4,8.25E-4,8.25E-4,418610841372993
-8.25E-4,8.25E-4,8.25E-4,418610846366494
-8.25E-4,8.25E-4,8.25E-4,418610851358237
-8.25E-4,8.25E-4,8.25E-4,418610856350008
0.0,0.0,0.0,418610861341709
0.0,0.0,0.0,418610866333402
0.0,0.0,0.0,418610871324964
0.0,0.0,0.0,418610876316541
-8.25E-4,8.25E-4,-8.25E-4,418610881308964
-8.25E-4,8.25E-4,-8.25E-4,418610886301387
-8.25E-4,8.25E-4,8.25E-4,418610891293953
-8.25E-4,8.25E-4,8.25E-4,418610896286530
8.25E-4,8.25E-4,8.25E-4,418610901278582
8.25E-4,8.25E-4,8.25E-4,418610906270659
8.25E-4,-8.25E-4,-8.25E-4,418610911262795
8.25E-4,-8.25E-4,-8.25E-4,418610916254950
8.25E-4,-8.25E-4,-8.25E-4,418610921247103
8.25E-4,-8.25E-4,-8.25E-4,418610926239258
8.25E-4,-8.25E-4,-8.25E-4,418610931231218
8.25E-4,-8.25E-4,-8.25E-4,418610936223181
8.25E-4,-8.25E-4,-8.25E-4,418610941217028
8.25E-4,-8.25E-4,-8.25E-4,418610946210873
8.25E-4,-8.25E-4,-8.25E-4,418610951204242
8.25E-4,-8.25E-4,-8.25E-4,418610956197627
8.25E-4,-8.25E-4,-8.25E-4,418610961191012
8.25E-4,-8.25E-4,-8.25E-4,418610966184397
8.25E-4,-8.25E-4,-8.25E-4,418610971176584
8.25E-4,-8.25E-4,-8.25E-4,418610976168777
8.25E-4,-8.25E-4,-8.25E-4,418610981161147
8.25E-4,-8.25E-4,-8.25E-4,418610986153492
8.25E-4,-8.25E-4,-8.25E-4,418610991145876
8.25E-4,-8.25E-4,-8.25E-4,418610996138261
8.25E-4,-8.25E-4,-8.25E-4,418611001131027
8.25E-4,-8.25E-4,-8.25E-4,418611006123796
-8.25E-4,-8.25E-4,-8.25E-4,418611011115491
-8.25E-4,-8.25E-4,-8.25E-4,418611016107184
-8.25E-4,-8.25E-4,-8.25E-4,418611021100551
-8.25E-4,-8.25E-4,-8.25E-4,418611026093896
-8.25E-4,-8.25E-4,-8.25E-4,418611031086255
-8.25E-4,-8.25E-4,-8.25E-4,418611036078602
-8.25E-4,-8.25E-4,-8.25E-4,418611041078602
-8.25E-4,-8.25E-4,-8.25E-4,418611046070514
-8.25E-4,-8.25E-4,-8.25E-4,418611051062405
-8.25E-4,-8.25E-4,-8.25E-4,418611056055508
-8.25E-4,-8.25E-4,-8.25E-4,418611061048583
-8.25E-4,-8.25E-4,-8.25E-4,418611066041044
-8.25E-4,-8.25E-4,-8.25E-4,418611071033507
-8.25E-4,-8.25E-4,-6.875E-4,418611076026348
-8.25E-4,-8.25E-4,-6.875E-4,418611081019193
-8.25E-4,-8.25E-4,-8.25E-4,418611086011938
-8.25E-4,-8.25E-4,-8.25E-4,418611091004671
8.25E-4,-8.25E-4,8.25E-4,418611095997955
8.25E-4,-8.25E-4,8.25E-4,418611100991224
8.25E-4,-8.25E-4,-8.25E-4,418611105984338
8.25E-4,-8.25E-4,-8.25E-4,418611110977455
8.25E-4,-8.25E-4,-8.25E-4,418611115970671
8.25E-4,-8.25E-4,-8.25E-4,418611120963864
8.25E-4,-8.25E-4,-8.25E-4,418611125956766
8.25E-4,-8.25E-4,-8.25E-4,418611130949651
8.25E-4,-8.25E-4,-8.25E-4,418611135943239
8.25E-4,-8.25E-4,-8.25E-4,418611140936816
8.25E-4,-8.25E-4,-8.25E-4,418611145936819
0.0,0.0,0.0,418611150925426
0.0,0.0,0.0,418611155914051
0.0,0.0,0.0,418611160905217
0.0,0.0,0.0,418611165896368
8.25E-4,8.25E-4,8.25E-4,418611170888257
8.25E-4,8.25E-4,8.25E-4,418611175880142
-1.375E-4,8.25E-4,8.25E-4,418611180872354
-1.375E-4,8.25E-4,8.25E-4,418611185864585
-8.25E-4,8.25E-4,8.25E-4,418611190857858
-8.25E-4,8.25E-4,8.25E-4,418611195851127
-8.25E-4,8.25E-4,8.25E-4,418611200843011
-8.25E-4,8.25E-4,8.25E-4,418611205834896
-8.25E-4,8.25E-4,8.25E-4,418611210825733
-8.25E-4,8.25E-4,8.25E-4,418611215816580
-8.25E-4,8.25E-4,8.25E-4,418611220808070
-8.25E-4,8.25E-4,8.25E-4,418611225799569
