-0.25095,9.234,2.6910002,418601910608573
-0.23400001,9.265051,2.6500502,418601915600892
-0.22695,9.297001,2.66205,418601920593241
-0.19800001,9.28695,2.73405,418601925585858
-0.20505,9.24405,2.7,418601930578473
-0.282,9.28005,2.65995,418601935570351
-0.22905001,9.28905,2.667,418601940562236
-0.25095,9.30405,2.667,418601945553275
-0.20505,9.316051,2.70705,418601950544314
-0.24900001,9.258,2.63805,418601955535727
-0.21705002,9.258,2.7150002,418601960527150
-0.23400001,9.258,2.667,418601965521190
-0.246,9.262951,2.6950502,418601970515227
-0.20505,9.31305,2.6190002,418601975508418
-0.22905001,9.25605,2.70495,418601980501611
-0.27,9.273001,2.6950502,418601985492872
-0.26805001,9.285001,2.66205,418601990484141
-0.26505002,9.241051,2.65995,418601995476565
-0.22500001,9.29205,2.63805,418602000468988
-0.25095,9.253051,2.6449502,418602005461136
-0.31095,9.282001,2.6239502,418602010453291
-0.23400001,9.27,2.73405,418602015444059
-0.19605,9.249001,2.6790001,418602020434828
-0.20295002,9.282001,2.6569502,418602025426112
-0.24405001,9.27705,2.6449502,418602030417381
-0.21300001,9.25605,2.6790001,418602035408650
-0.177,9.28695,2.64,418602040399919
-0.22200002,9.27,2.6860502,418602045392097
-0.28695002,9.31995,2.739,418602050384252
-0.23400001,9.261001,2.676,418602055375828
-0.19305001,9.285001,2.7120001,418602060367405
-0.094950005,9.370951,2.6500502,418602065359579
-0.36795002,9.285001,2.6860502,418602070351732
-0.31305,9.217951,2.8219502,418602075344006
-0.11895001,9.28005,2.7600002,418602080336277
-0.20505,9.273001,2.5159502,418602085327891
-0.30600002,9.28005,2.70495,418602090319508
-0.27705002,9.26805,2.76495,418602095312642
-0.186,9.316051,2.63595,418602100305757
-0.16005,9.273001,2.6260502,418602105296288
-0.22905001,9.297001,2.72895,418602110286829
-0.25605002,9.31995,2.6569502,418602115277906
-0.15300001,9.262951,2.5830002,418602120268983
-0.105000004,9.282001,2.65995,418602125260511
-0.26505002,9.241051,2.7820501,418602130252012
-0.25095,9.265051,2.7240002,418602135243641
-0.14595,9.31095,2.6569502,418602140235256
-0.20505,9.24405,2.56905,418602145226602
-0.27495003,9.265051,2.67195,418602150217949
-0.23400001,9.28905,2.7,418602155211118
-0.24105,9.25605,2.66895,418602160204271
-0.22500001,9.28005,2.6479502,418602165196679
-0.28905,9.262951,2.69295,418602170189064
-0.26805001,9.297001,2.6910002,418602175181065
-0.19095,9.229051,2.7120001,418602180173064
-0.19800001,9.27,2.6479502,418602185163645
-0.29595003,9.282001,2.6830502,418602190154222
-0.24105,9.31095,2.71005,418602195145989
-0.177,9.238951,2.6950502,418602200137758
-0.22005,9.265051,2.67195,418602205128991
-0.27495003,9.297001,2.69295,418602210120222
-0.23205002,9.282001,2.65995,418602215112993
-0.20805001,9.282001,2.6430001,418602220105762
-0.22200002,9.28695,2.7,418602225097164
-0.27195,9.306001,2.65995,418602230088589
-0.24105,9.273001,2.6520002,418602235078660
-0.22200002,9.27,2.6830502,418602240068737
-0.25095,9.282001,2.6950502,418602245059969
-0.21300001,9.29205,2.7150002,418602250051198
-0.25305,9.27495,2.67195,418602255041790
-0.17205001,9.261001,2.66895,418602260032367
-0.21300001,9.27705,2.6520002,418602265024138
-0.23895001,9.234,2.7169502,418602270015907
-0.20805001,9.31995,2.74095,418602275006631
-0.19095,9.262951,2.7480001,418602279997362
-0.25095,9.258,2.667,418602284989006
-0.23400001,9.24405,2.628,418602289980659
-0.246,9.31095,2.6520002,418602294973112
-0.22200002,9.265051,2.6550002,418602299965573
-0.25305,9.30795,2.67195,418602304956688
-0.22905001,9.27705,2.6860502,418602309947805
-0.22905001,9.250951,2.664,418602314939141
-0.23400001,9.261001,2.676,418602319930486
-0.201,9.25605,2.6479502,418602324920971
-0.20295002,9.27,2.67405,418602329911434
-0.23205002,9.282001,2.6830502,418602334902641
-0.21495001,9.27495,2.6569502,418602339893832
-0.23400001,9.306001,2.667,418602344885216
-0.22905001,9.265051,2.67195,418602349876601
-0.24900001,9.273001,2.739,418602354866557
-0.22200002,9.25605,2.6790001,418602359856520
-0.24405001,9.249001,2.67195,418602364847396
-0.21300001,9.220051,2.667,418602369838281
-0.21705002,9.27495,2.69295,418602374829164
-0.19305001,9.30105,2.6550002,418602379820049
-0.24405001,9.31995,2.6430001,418602384811511
-0.22200002,9.28695,2.63595,418602389802972
-0.27705002,9.273001,2.71005,418602394794851
-0.23205002,9.27,2.6500502,418602399786736
-0.25605002,9.285001,2.6520002,418602404778620
-0.19800001,9.318001,2.676,418602409770505
-0.21495001,9.27,2.7240002,418602414762477
-0.25800002,9.330001,2.6950502,418602419754476
-0.32805002,9.250951,2.6520002,418602424746976
-0.98100007,9.342,1.4290501,418602429739477
-0.294,9.529051,2.607,418602434731928
-0.15795001,9.19095,2.22405,418602439724353
0.033,9.273001,2.60205,418602444716737
-0.23895001,9.196051,2.877,418602449709122
-0.282,9.141001,3.0550501,418602454701810
-0.12195001,9.153001,2.937,418602459694501
-1.21305,9.4810505,3.0949502,418602464686880
-0.70305,8.916,2.22105,418602469679265
0.126,9.706051,2.5900502,418602474670953
-0.36795002,9.11205,2.7169502,418602479662644
-0.31995,9.273001,2.8300502,418602484654761
-0.282,9.234,2.8180501,418602489646876
-0.094950005,9.261001,2.69805,418602494640385
-0.15795001,9.258,2.67405,418602499633886
-0.19800001,9.261001,2.6430001,418602504627246
-0.19605,9.297001,2.66895,418602509620593
-0.21495001,9.262951,2.6119502,418602514612213
-0.124050006,9.30405,2.6479502,418602519603828
-0.109950006,9.246,2.6520002,418602524596637
-0.109950006,9.29205,2.7270002,418602529589444
-0.08295,9.30105,2.66895,418602534581800
-0.12900001,9.316051,2.69805,418602539574147
-0.04695,9.273001,2.6830502,418602544565520
-0.097950004,9.3490505,2.64,418602549556905
-0.16695,9.25605,2.5930502,418602554548743
-0.16695,9.238951,2.6520002,418602559540588
-0.201,9.285001,2.6140501,418602564532818
-0.13800001,9.28905,2.5570502,418602569525049
-0.08595,9.297001,2.4390001,418602574515895
-0.08805001,9.35595,2.4079502,418602579506742
-0.16905001,9.385051,2.4079502,418602584497854
-0.11895001,9.36795,2.38905,418602589488969
-0.11400001,9.391951,2.403,418602594481948
0.13605,9.535951,2.3820002,418602599474949
0.00405,9.5140505,2.26395,418602604466294
-0.13395001,9.373051,2.181,418602609457641
-0.26505002,9.32295,2.0299501,418602614449608
-0.201,9.082951,2.736,418602619441569
0.00405,9.391951,2.2810502,418602624433357
0.13605,9.361051,2.43195,418602629425126
0.08595,9.45195,2.59695,418602634416618
0.21705002,9.232051,2.298,418602639408117
0.13095,9.747001,2.22405,418602644399945
-0.064050004,9.16695,1.9560001,418602649391790
0.16905001,9.411,2.1060002,418602654384069
0.16905001,9.306001,2.32695,418602659376338
-0.10005,9.474,2.52795,418602664367920
0.21300001,9.31305,2.3440502,418602669359497
0.19305001,9.250951,2.334,418602674351229
0.13095,9.306001,2.29305,418602679342960
0.141,9.44295,2.33205,418602684333304
-0.045,9.352051,2.64,418602689323651
-0.028050002,8.985001,2.65995,418602694314498
-0.052050002,9.27705,2.6880002,418602699305343
-0.17205001,9.106951,3.1050003,418602704295650
-0.10695001,9.238951,2.808,418602709285959
-0.32805002,9.241051,2.9230502,418602714276878
-0.39000002,9.249001,2.7,418602719267801
-0.52605003,9.012,2.9160001,418602724258530
-0.59805006,9.30795,2.88,418602729249261
-0.61695004,8.99205,2.9880002,418602734240411
-0.61695004,9.106951,3.3439503,418602739231564
-0.52905005,9.1050005,3.0310502,418602744222193
-0.68700004,9.021001,3.04005,418602749212810
-0.77805007,9.11205,3.2250001,418602754204271
-0.69900006,9.208051,3.0229502,418602759195732
-0.70305,8.973001,3.3990002,418602764187155
-0.56505,9.049951,3.18405,418602769178578
-0.62895006,9.14805,3.153,418602774170488
-0.58095,9.12405,3.07095,418602779162411
-0.71505004,9.057,3.04695,418602784154039
-0.54795,8.928,3.1669502,418602789145656
-0.56700003,9.031051,3.0330002,418602794138738
-0.624,9.129001,3.04695,418602799131815
-0.60495,9.019051,3.0550501,418602804123890
-0.61695004,9.012,3.00195,418602809115969
-0.64095,9.061951,3.0690002,418602814107079
-0.67905,9.021001,3.2290502,418602819098194
-0.73200005,8.949,3.3370502,418602824089772
-0.59805006,8.94705,3.1980002,418602829081349
-0.75105006,8.98305,3.34695,418602834073684
-0.65295005,8.82495,3.3040502,418602839066069
-0.69600004,8.715,3.2959502,418602844057530
-0.70605004,8.667001,3.45405,418602849048993
-0.79695004,8.7630005,3.7200003,418602854042157
-0.75105006,8.75805,3.72705,418602859035310
-0.76305,8.755051,3.555,418602864027805
-0.79695004,8.6959505,3.3319502,418602869020306
-0.91200006,8.755051,3.2680502,418602874012454
-2.46795,11.40795,3.83295,418602879004607
-1.608,9.74895,2.22405,418602883995646
-1.5460501,8.13,3.9930003,418602888986685
-0.675,8.66895,3.1339502,418602893980109
-0.95205003,8.535001,3.73005,418602898973532
-0.84495,8.52795,3.2989502,418602903965361
-0.93600005,8.632951,3.3660002,418602908957208
-0.91905004,8.569051,3.3439503,418602913948170
-0.88500005,8.48505,3.21705,418602918939131
-0.92595005,8.66205,3.4450502,418602923929863
-1.0339501,9.61695,4.9680004,418602928920594
-1.3980001,9.282001,4.7520003,418602933912214
-0.88095003,8.787001,2.87505,418602938903829
-1.10595,8.868,2.6809502,418602943895598
-1.17495,8.764951,2.7150002,418602948887367
-1.1220001,8.88,3.4690502,418602953878371
-1.21605,8.80605,4.15395,418602958869372
-1.24905,8.976001,4.1989503,418602963862095
-1.386,8.95905,4.22505,418602968854862
-1.1340001,8.7960005,3.486,418602973847684
-1.18005,8.751,3.0570002,418602978840531
-1.2730501,8.67195,2.9280002,418602983831452
-1.33605,8.643001,3.3439503,418602988822377
-1.3980001,8.707951,3.8140502,418602993815200
-1.3950001,8.920951,4.39995,418602998808007
-1.26795,8.973001,4.362,418603003799933
-1.197,8.937,3.8950503,418603008791858
-1.1029501,8.7289505,3.1699502,418603013783526
-1.146,8.676001,2.8300502,418603018775179
-1.3429501,8.62395,3.3709502,418603023767911
-1.3399501,8.590051,3.9090002,418603028760642
-1.2760501,8.81295,4.137,418603033752563
-1.3470001,8.764951,4.1659503,418603038744488
-1.4119501,8.908951,4.11795,418603043736118
-1.4599501,8.892,3.8059502,418603048727733
-1.5679501,8.88195,3.5719502,418603053720498
-1.5679501,8.77005,3.6340501,418603058713227
-1.63995,8.62605,3.8260503,418603063704418
-1.659,8.557051,4.017,418603068695613
-1.6849501,8.575951,4.1800504,418603073687334
-1.6830001,8.55195,4.25895,418603078679063
-1.7260501,8.563951,4.22805,418603083670722
-1.76205,8.611951,4.18995,418603088662377
-1.74495,8.60505,4.14195,418603093653988
-1.7380501,8.52795,4.22295,418603098645603
-1.7880001,8.475,4.242,418603103635790
-1.7740501,8.49705,4.4290504,418603108625983
-1.82895,8.490001,4.5150003,418603113616022
-1.7899501,8.490001,4.563,418603118606061
-1.8570001,8.581051,4.5990005,418603123596291
-1.8570001,8.49195,4.6420503,418603128586522
-1.8139501,8.511001,4.6420503,418603133575836
-1.8529501,8.418,4.716,418603138565221
-1.7590501,8.125951,4.8120003,418603143554145
-1.7550001,8.23095,4.93695,418603148543068
-1.83105,8.422951,5.04195,418603153534589
-1.9390501,8.538,5.013,418603158526126
-1.9600501,8.538,5.09205,418603163517740
-2.0059502,8.47305,5.08995,418603168509357
-2.04195,8.410951,5.10405,418603173502429
-2.118,8.3560505,5.202,418603178495468
-2.1420002,8.346001,5.1880503,418603183488063
-2.2090502,8.401051,5.18295,418603188480640
-2.18805,8.454,5.157,418603193473448
-2.1379502,8.455951,5.1280503,418603198466255
-2.16405,8.466001,5.037,418603203459024
-2.11395,8.422951,5.0779505,418603208451795
-2.0389502,8.3869505,5.0950503,418603213443410
-2.0299501,8.398951,5.1709504,418603218435025
-1.968,8.39595,5.1379504,418603223426294
-2.0010002,8.422951,5.0659504,418603228417563
-1.9560001,8.425051,4.977,418603233408795
-1.968,8.334001,4.96995,418603238400026
-1.9530001,8.34795,4.9339504,418603243390905
-1.9939501,8.269051,5.0080504,418603248381790
-1.9080001,8.2890005,5.0490003,418603253371482
-1.9440001,8.20695,5.0869503,418603258361175
-1.9699501,8.24295,4.9560003,418603263351583
-1.9459502,8.277,4.8889503,418603268341968
-1.9560001,8.298,4.8240004,418603273332140
-1.9290001,8.32005,4.86705,418603278322295
-1.9560001,8.346001,4.88595,418603283313405
-1.9630501,8.305051,4.85505,418603288304520
-1.932,8.299951,4.8460503,418603293294298
-1.9440001,8.36295,4.8,418603298284069
-1.89795,8.35305,4.6540504,418603303273376
-1.8430501,8.32905,4.6729503,418603308262683
-1.8690001,8.31495,4.57305,418603313251289
-1.8840001,8.299951,4.63005,418603318239904
-1.9050001,8.262,4.6009502,418603323229419
-1.9050001,8.238,4.56495,418603328218918
-1.86705,8.205,4.5750003,418603333209302
-1.845,8.24505,4.4700003,418603338199687
-1.8139501,8.190001,4.419,418603343189987
-1.79295,8.20005,4.4430003,418603348180218
-1.764,8.154,4.4290504,418603353170661
-1.7190001,8.20005,4.458,418603358161084
-1.67805,8.178,4.3830004,418603363151044
-1.659,8.16405,4.2850504,418603368141007
-1.59405,8.23095,4.27605,418603373131368
-1.5460501,8.190001,4.22505,418603378121753
-1.5439501,8.18805,4.23,418603383112439
-1.5150001,8.181001,4.2520504,418603388103132
-1.506,7.9489503,4.1800504,418603393094097
-1.4100001,7.9440002,4.4479504,418603398085060
-1.4770501,8.10705,4.24695,418603403075944
-1.5820501,8.142,4.25895,418603408066829
-1.60395,8.092051,4.23495,418603413057368
-1.5630001,8.004001,4.2450004,418603418047905
-1.55595,7.8700504,4.17,418603423038454
-1.5289501,7.9030504,4.197,418603428029031
-1.503,7.905,4.23705,418603433019029
-1.503,7.96995,4.25895,418603438009030
-1.4460001,7.9630504,4.446,418603442999878
-1.422,7.9530005,4.46505,418603447990723
-1.21605,7.8529506,4.668,418603452980756
-1.33305,7.8790503,4.6320004,418603457970795
-1.3810501,7.9099503,4.6399503,418603462962483
-1.422,7.8859506,4.85295,418603467954174
-1.4310001,7.7449503,4.9840503,418603472944827
-1.44105,7.7470503,5.0989504,418603477935482
-1.4620501,7.7980504,5.0610003,418603482928446
-1.4860501,7.7640004,5.13,418603487921405
-1.4980501,7.73295,5.2330503,418603492912899
-1.4119501,7.6180506,5.2980003,418603497904400
-1.33305,7.5700502,5.4630003,418603502895858
-1.39995,7.6180506,5.40105,418603507887319
-1.383,7.6420503,5.40105,418603512879271
-1.40505,7.6090503,5.4970503,418603517871232
-1.419,7.63005,5.47305,418603522862039
-1.47195,7.5769506,5.3700004,418603527852848
-1.3470001,7.5390005,5.5210505,418603532843844
-1.383,7.5769506,5.499,418603537834843
-1.434,7.6009502,5.44395,418603542824718
-1.45305,7.668,5.63805,418603547814603
-1.4119501,7.6590004,5.6070004,418603552804709
-1.51005,7.6009502,5.6020503,418603557794824
-1.422,7.5370502,5.736,418603562783784
-1.4170501,7.6900506,5.7510004,418603567772747
-1.3980001,7.6780505,5.7310505,418603572762465
-1.3620001,7.6639504,5.7720003,418603577752194
-1.3549501,7.62795,5.80305,418603582744223
-1.40295,7.6590004,5.6670003,418603587736222
-1.3740001,7.6830006,5.77005,418603592726847
-1.4239501,7.6780505,5.8320003,418603597717464
-1.419,7.5730505,5.8770003,418603602709657
-1.4430001,7.5850506,5.8969502,418603607701848
-1.4479501,7.5990005,5.6119504,418603612694368
-1.5130501,7.5220504,5.715,418603617686907
-1.5169501,7.5700502,5.78595,418603622678939
-1.6180501,7.5199504,5.616,418603627670978
-1.5510001,7.5270004,5.72205,418603632661920
-1.5510001,7.4700003,5.7649503,418603637652843
-1.4599501,7.4890504,5.5690503,418603642645152
-1.36905,7.4940004,5.71005,418603647637459
-1.3039501,7.5030003,5.7000003,418603652631112
-1.24905,7.4620504,5.6239505,418603657624767
-1.16295,7.4050503,5.9329505,418603662617584
-1.04295,7.4290504,5.7070503,418603667610393
-1.05795,7.4100003,5.9010005,418603672602704
-1.0189501,7.3429503,5.8969502,418603677595011
-0.99300003,7.386,6.0070505,418603682587940
-0.95505005,7.2690005,5.913,418603687580863
-0.91905004,7.14195,5.91795,418603692572809
-0.84195006,7.1080503,5.8819504,418603697564772
-0.804,7.089,6.1459503,418603702557465
-0.81105006,7.1509504,5.8390503,418603707550156
-0.85200006,7.1130004,6.0019503,418603712542122
-0.82095003,7.0909505,5.952,418603717534085
-0.79005,7.1250005,5.88495,418603722526363
-0.77505004,7.1029506,6.0670505,418603727518632
-0.83295006,7.1179504,5.97795,418603732511525
-0.77295005,7.0530005,5.8060503,418603737504410
-0.73905003,7.0530005,5.9010005,418603742497525
-0.76095,7.0720506,5.9209504,418603747490640
-0.71805006,7.05495,5.8819504,418603752483366
-0.70305,7.1059504,5.9659505,418603757476099
-0.70305,7.1080503,6.22695,418603762467521
-0.72495,7.1320505,5.9370003,418603767458944
-0.64395005,7.1250005,6.3040504,418603772450112
-0.58605003,6.9880505,6.5530505,418603777441265
-0.63195,6.9600005,6.438,418603782434960
-0.74205005,6.8899503,6.5599504,418603787428651
-0.65805006,6.8539505,6.7510505,418603792419972
-0.65295005,6.80595,6.73005,418603797411319
-0.62700003,6.7249503,6.8970003,418603802402661
-0.53595,6.6769505,6.9859505,418603807394006
-0.49305,6.6480002,6.7180505,418603812386445
-0.38295,6.5670004,6.9289503,418603817378868
-0.36105,6.5860505,6.7780504,418603822370405
-0.32295,6.3780003,6.8830504,418603827361944
-0.31605002,6.4740005,6.8299503,418603832352598
-0.28395,6.31995,6.8209505,418603837343253
-0.29205,6.3109503,6.7710004,418603842335339
-0.25995,6.399,6.7540503,418603847327414
-0.27705002,6.4350004,6.7560005,418603852318952
-0.35895002,6.4110003,6.5860505,418603857310491
-0.28695002,6.426,6.6390004,418603862301030
-0.27195,6.4140005,7.0410004,418603867291569
-0.15795001,6.2850003,6.9670506,418603872283085
-0.29205,6.50505,6.91905,418603877274622
-0.24900001,6.4690504,6.8830504,418603882268266
-0.22005,6.3520503,6.9,418603887261919
-0.033,6.2650504,6.93795,418603892253761
-0.03795,6.0400505,7.2109504,418603897245608
0.07095,5.9760003,7.32105,418603902237186
0.097950004,6.012,7.11495,418603907228763
0.043050002,5.88,7.3330503,418603912220546
0.21000001,5.90595,7.1940002,418603917212315
0.21705002,5.9089503,7.2400503,418603922204627
0.25095,5.8969502,7.08195,418603927196936
0.27,5.808,7.14405,418603932187973
0.19305001,5.703,7.1509504,418603937179012
0.13095,5.727,7.29195,418603942170513
0.076050006,5.7769504,7.36005,418603947162012
0.034950003,5.808,7.3039503,418603952153828
-0.057000004,5.8630505,7.3980002,418603957145637
-0.016050002,5.8440003,7.26105,418603962135943
-0.00705,5.8369503,7.2400503,418603967126252
-0.022950001,5.82,7.1659503,418603972117329
-0.043050002,5.8630505,7.1250005,418603977108406
0.049950004,5.892,7.4119506,418603982101483
0.064050004,5.9350505,7.1970005,418603987094560
0.14805001,5.87505,7.326,418603992086688
0.20505,5.84205,7.0320005,418603997078805
0.31095,5.7049503,7.221,418604002070573
0.39900002,5.631,7.089,418604007062342
0.45000002,5.55705,7.11105,418604012054848
0.48105,5.4559503,7.15395,418604017047347
0.36600003,5.5260005,7.2250504,418604022040169
0.351,5.72205,7.1389503,418604027032978
0.351,5.6959505,7.3429503,418604032024985
0.402,5.8939505,7.35195,418604037016986
0.42105,5.79405,7.4700003,418604042008063
0.46905002,5.62095,7.4820004,418604046999140
0.49005002,5.4700503,7.5649505,418604051989867
0.37095,5.406,7.5769506,418604056980598
0.36795002,5.51595,7.45095,418604061971785
0.31800002,5.5399504,7.5490503,418604066962978
0.26295,5.4420004,7.6129503,418604071955766
0.19605,5.4799504,7.6900506,418604076948535
0.23400001,5.51805,7.68795,418604081942419
0.23400001,5.5810504,7.6660504,418604086936304
0.29595003,5.55705,7.2850504,418604091929356
0.37800002,5.5470004,7.17495,418604096922395
0.39495003,5.4250503,7.2330003,418604101914510
0.53295004,5.33895,7.0909505,418604106906625
0.56895,5.28105,7.1730003,418604111897741
0.651,5.3100004,7.53,418604116888856
0.615,5.427,7.4119506,418604121881204
0.65805006,5.3359504,7.4890504,418604126873549
0.63195,5.3149505,7.5799503,418604131864962
0.591,5.3359504,7.5270004,418604136856387
0.54795,5.22405,7.4389505,418604141848844
0.56205004,5.20905,7.5610504,418604146841305
0.49800003,5.2210503,7.9129505,418604151833159
0.57405,5.3170505,7.9009504,418604156825006
0.555,5.2500005,7.8529506,418604161817390
0.63900006,5.15205,7.9560003,418604166809775
0.651,5.0779505,7.9630504,418604171801539
0.71295005,5.0830503,7.8600006,418604176793310
0.80895007,4.96005,7.8289504,418604181785887
0.86595005,4.82595,7.8619504,418604186778464
0.86595005,4.8840003,7.8240004,418604191771347
0.85695004,4.8499503,7.8619504,418604196764232
0.897,4.8619504,7.77405,418604201755885
0.933,4.8460503,8.236051,418604206747540
1.0170001,4.81395,8.323951,418604211739198
1.01505,4.82205,8.28405,418604216730851
1.0030501,4.80705,8.274,418604221722006
0.99105006,4.7470503,8.142,418604226713159
0.94995004,4.6969504,8.15205,418604231703944
0.98805004,4.7899504,8.169001,418604236694751
0.96900004,4.82205,8.016001,418604241686521
0.95205003,4.776,7.9960504,418604246678290
1.01505,4.8019505,7.9030504,418604251669510
1.0699501,4.77405,7.8499503,418604256660743
1.12995,4.79295,7.6800003,418604261653104
1.1200501,4.7400002,7.5769506,418604266645487
1.14195,4.72095,7.46505,418604271637833
1.23705,4.7470503,7.2730503,418604276630180
1.28295,4.6969504,7.2060003,418604281623527
1.35,4.67805,7.0579505,418604286616872
1.3810501,4.644,7.1389503,418604291608413
1.40295,4.6249504,6.9529505,418604296599952
1.39995,4.75005,6.91905,418604301591342
1.4959501,4.848,6.9,418604306582727
1.4790001,4.82595,6.9330006,418604311573574
1.5340501,4.7520003,7.1029506,418604316564419
1.4980501,4.70205,7.1850004,418604321555915
1.434,4.695,7.24905,418604326547414
1.4239501,4.7260504,7.2040505,418604331538679
1.3399501,4.6660504,7.3810506,418604336529950
1.4260501,4.77405,7.3549504,418604341521689
1.419,4.623,7.431,418604346513420
1.45305,4.4620504,7.7449503,418604351505083
1.43805,4.362,7.9249506,418604356496738
1.4260501,4.57305,7.9530005,418604361489430
1.503,4.5409503,8.18595,418604366482121
1.5870001,4.4550004,8.073,418604371475044
1.7590501,4.30905,7.977,418604376467969
1.6800001,4.15605,7.83405,418604381461703
1.812,4.1389503,7.8100505,418604386455434
1.7329501,4.14405,8.229,418604391447355
1.728,4.23705,8.226001,418604396439280
1.6900501,4.3159504,8.34795,418604401430478
1.6870501,4.2709503,8.35095,418604406421671
1.77795,4.2180004,8.21205,418604411413132
1.74495,4.20405,8.028001,418604416404593
1.728,4.149,7.8100505,418604421395626
1.7400001,4.23495,7.7790003,418604426386665
1.6369501,4.22805,7.5529504,418604431378479
1.7689501,4.2109504,7.4770503,418604436370286
1.8430501,4.02405,7.70205,418604441361092
1.86705,3.92895,7.635,418604446351901
1.9009501,4.0030503,7.69995,418604451343897
1.8379501,4.0339503,7.5220504,418604456335896
1.82895,4.0339503,7.7140503,418604461326376
1.8529501,4.03095,7.8960004,418604466316877
1.9030501,4.00005,7.9560003,418604471308133
1.86195,3.9640503,8.0130005,418604476299364
1.8000001,3.9570003,8.17395,418604481291594
1.8049501,3.9400501,8.101951,418604486283825
1.7209501,3.9259503,8.17395,418604491275217
1.74495,3.9169502,8.31705,418604496266602
1.7830501,3.8779502,8.422951,418604501258757
1.7350501,3.8689501,8.401051,418604506250910
1.8070501,3.8260503,8.49195,418604511243055
1.8259501,3.7369502,8.743051,418604516235210
1.7860501,3.7350001,8.55195,418604521226636
1.764,3.6700501,8.6310005,418604526218061
1.7760001,3.7110002,8.748,418604531209522
1.6969501,3.7920003,8.566051,418604536200983
1.63995,3.864,8.39595,418604541191347
1.63995,3.86595,8.248051,418604546181732
1.5679501,3.8880002,8.299951,418604551173162
1.5649501,3.8850002,8.266951,418604556164623
1.51005,3.897,8.17395,418604561155843
1.47195,3.8569503,8.09895,418604566147074
1.4500501,3.9169502,7.8739505,418604571138142
1.491,3.8520002,7.8120003,418604576129219
1.5649501,3.8260503,7.8289504,418604581122297
1.6680001,3.8160002,7.7160006,418604586115372
1.67805,3.7800002,7.6900506,418604591106453
1.6830001,3.7129502,7.623,418604596097532
1.7569501,3.6820502,7.8769503,418604601089291
1.659,3.59295,8.02995,418604606081060
1.6129501,3.5500503,7.9219503,418604611072674
1.575,3.52605,8.00805,418604616064291
1.5510001,3.45705,8.142,418604621056175
1.5150001,3.4039502,8.25,418604626048060
1.47405,3.426,8.302951,418604631039670
1.4239501,3.35205,8.29605,418604636031285
1.36905,3.2940001,8.715,418604641022093
1.314,3.2250001,8.884951,418604646012900
1.4430001,3.2340002,8.94495,418604651003458
1.4119501,3.1050003,9.25605,418604655993997
1.4770501,3.2080503,8.949,418604660985420
1.5270001,3.22005,9.00195,418604665976843
1.5319501,3.2680502,9.0070505,418604670967697
1.6200001,3.2290502,9.117001,418604675958544
1.55295,3.2629502,9.11505,418604680950334
1.4310001,3.246,9.118951,418604685942141
1.3620001,3.2389503,9.141001,418604690934943
1.2610501,3.1579502,9.14595,418604695927752
1.233,2.97795,9.07905,418604700918783
1.14405,2.9350502,8.96895,418604705909824
1.1539501,2.83695,8.878051,418604710900520
1.1920501,2.7529502,8.75805,418604715891213
1.28805,2.6790001,8.69295,418604720881135
1.3549501,2.5519502,8.65695,418604725871058
1.4500501,2.53695,8.6310005,418604730861295
1.5700501,2.43,8.467951,418604735851526
1.58895,2.5399501,8.431951,418604740843083
1.6369501,2.6140501,8.37495,418604745834622
1.64205,2.7,8.31495,418604750826000
1.6660501,2.844,8.299951,418604755817347
1.644,2.9899502,8.34105,418604760809270
1.608,3.0910501,8.30805,418604765801193
1.6279501,3.0910501,8.298,418604770792972
1.56105,3.11205,8.46105,418604775784781
1.5820501,3.1219501,8.49195,418604780778170
1.45305,3.1380002,8.49405,418604785771553
1.4070001,3.11205,8.571,418604790762625
1.35195,3.0949502,8.52795,418604795753704
1.3620001,3.1219501,8.49195,418604800745242
1.422,3.141,8.47305,418604805736781
1.4430001,3.177,8.427,418604810727986
1.4820001,3.14805,8.455951,418604815719179
1.5510001,3.0570002,8.38395,418604820709752
1.51995,3.0280502,8.443951,418604825700329
1.4980501,2.9970002,8.38395,418604830691724
1.419,2.9950502,8.422951,418604835683109
1.40505,2.9610002,8.34405,418604840673223
1.3740001,2.97105,8.35305,418604845663338
1.3950001,2.8920002,8.380051,418604850654031
1.36695,2.8650002,8.346001,418604855644724
1.36395,2.83395,8.34405,418604860636493
1.3759501,2.8530002,8.410951,418604865628262
1.371,2.8630502,8.454,418604870620867
1.4070001,2.877,8.48505,418604875613482
1.3570501,2.901,8.50605,418604880606443
1.3470001,2.83395,8.602051,418604885599406
1.35195,2.7580502,8.62395,418604890591443
1.41495,2.71005,8.7310505,418604895583482
1.33605,2.8459501,8.866051,418604900575944
1.32105,2.8969502,8.676001,418604905568405
1.3069501,2.9160001,8.868,418604910560102
1.33605,2.6209502,9.174001,418604915551795
1.5769501,2.73405,8.920951,418604920544330
1.36695,4.03905,9.15795,418604925536867
0.924,2.6569502,9.4140005,418604930528669
0.86100006,2.2999501,9.519,418604935520478
1.28505,2.43,9.783,418604940511786
1.30005,2.4799502,9.696,418604945503093
0.96405005,2.53005,9.543,418604950495368
0.87105006,2.73105,9.354,418604955487637
0.99300003,2.94405,9.282001,418604960478621
1.04295,3.01605,9.24405,418604965469622
1.1080501,2.9160001,9.282001,418604970461810
1.1080501,2.8129501,9.25605,418604975453963
1.17495,2.63805,9.198001,418604980447772
1.16295,2.59995,9.261001,418604985441579
1.1149501,2.595,9.222,418604990434573
1.00695,2.6500502,9.16695,418604995427612
0.957,2.7150002,9.10995,418605000420459
0.93105006,2.77005,9.076051,418605005413306
0.92100006,2.8270502,9.0400505,418605010405911
0.93105006,2.7630002,8.976001,418605015398526
0.86895007,2.7910502,8.96595,418605020390911
0.89295006,2.8650002,8.911051,418605025383296
0.873,2.8459501,8.953951,418605030375950
0.82800007,2.8849502,8.940001,418605035368603
0.74895006,2.904,8.976001,418605040361487
0.735,2.87295,8.96595,418605045354372
0.74205005,2.7940502,8.920951,418605050346093
0.711,2.8200002,9.036,418605055337824
0.68700004,2.7820501,8.775001,418605060329868
0.61200005,2.77005,8.93295,418605065321905
0.54105,2.739,9.13095,418605070313020
0.48105,2.6860502,9.094951,418605075304137
0.45000002,2.70705,8.905951,418605080296353
0.40395,2.7150002,8.96895,418605085288546
0.44205,2.6430001,8.908951,418605090280324
0.41895002,2.6140501,8.82705,418605095272093
0.47400004,2.631,8.844001,418605100264517
0.49995002,2.5849502,8.752951,418605105256940
0.52095,2.6260502,8.7289505,418605110249891
0.49500003,2.5780501,8.75805,418605115242854
0.52095,2.6140501,8.60505,418605120235608
0.58095,2.6520002,8.66205,418605125228377
0.51705,2.66895,8.66895,418605130220921
0.57405,2.6520002,8.7630005,418605135213460
0.54795,2.63295,8.85105,418605140205844
0.46605003,2.6160002,8.89395,418605145198229
0.354,2.5830002,8.96595,418605150191027
0.33705002,2.53695,8.929951,418605155183834
0.26805001,2.5420501,9.064051,418605160176713
0.201,2.5759501,9.129001,418605165169598
0.126,2.5780501,9.12705,418605170162689
0.08805001,2.5830002,9.165,418605175155766
0.09,2.5489502,9.208051,418605180147726
0.08805001,2.4820502,9.306001,418605185139689
0.07095,2.50605,9.352051,418605190131896
0.049950004,2.5519502,9.415951,418605195124049
0.01905,2.5180502,9.426001,418605200116587
-0.069000006,2.5450501,9.4140005,418605205109126
-0.09,2.52495,9.403951,418605210101274
-0.124050006,2.5879502,9.385051,418605215093429
-0.15495001,2.628,9.33195,418605220084973
-0.141,2.6119502,9.31995,418605225076512
-0.20295002,2.5900502,9.30405,418605230069435
-0.20505,2.52495,9.29895,418605235062358
-0.31995,2.56605,9.162001,418605240054761
-0.33,2.5090501,9.205951,418605245047186
-0.31995,2.466,9.181951,418605250038575
-0.32295,2.502,9.06705,418605255029960
-0.27495003,2.43705,8.929951,418605260022383
-0.26505002,2.43195,8.83905,418605265014806
-0.28395,2.4420002,8.752951,418605270007045
-0.32805002,2.391,8.715,418605274999276
-0.33900002,2.463,8.7289505,418605279992397
-0.43995002,2.53005,8.6980505,418605284985550
-0.45705003,2.523,8.776951,418605289977462
-0.483,2.49405,8.787001,418605294969387
-0.55305004,2.56095,8.809951,418605299960540
-0.57405,2.5729501,8.81505,418605304951695
-0.624,2.49195,8.896951,418605309943513
-0.65595,2.4510002,8.856,418605314935320
-0.66795003,2.4150002,8.93295,418605319927084
-0.62895006,2.394,8.97795,418605324918853
-0.69105005,2.39895,8.916,418605329909329
-0.66300005,2.3119502,8.85105,418605334899790
-0.67005,2.29305,8.809951,418605339892369
-0.69405,2.32695,8.583,418605344884944
-0.85395,2.45595,8.65995,418605349876554
-0.44505003,2.86995,8.2240505,418605354868171
-0.84705,2.2069502,8.37705,418605359860575
-0.82305,2.25705,8.51805,418605364852960
-0.76095,2.3359501,8.19795,418605369846147
-0.97200006,2.50395,8.34795,418605374839340
-0.94995004,2.63805,8.265,418605379833724
-1.0360501,2.739,8.30805,418605384828109
-1.06305,2.7840002,8.36295,418605389821146
-1.11,2.808,8.437051,418605394814185
-1.065,2.8150501,8.50905,418605399806339
-1.0720501,2.74095,8.590051,418605404798494
-1.0699501,2.7150002,8.6640005,418605409789796
-1.05795,2.6160002,8.78895,418605414781103
-1.065,2.5399501,8.842051,418605419771757
-1.1080501,2.50395,8.83395,418605424762412
-1.146,2.4439502,8.904,418605429753484
-1.28505,2.45805,9.048,418605434744561
-1.3909501,2.4870002,8.941951,418605439736626
-1.4670001,2.45805,8.97795,418605444728703
-1.52205,2.394,8.905951,418605449721838
-1.51005,2.4180002,8.964001,418605454714953
-1.539,2.41995,8.844001,418605459707548
-1.5510001,2.42295,8.79105,418605464700165
-1.6159501,2.43,8.81805,418605469692857
-1.539,2.47305,8.80305,418605474685550
-1.5490501,2.502,8.727,418605479677741
-1.4580001,2.4150002,8.67195,418605484669934
-1.3909501,2.39895,8.620951,418605489662112
-1.3980001,2.4109502,8.58495,418605494654265
-1.39995,2.4850502,8.48205,418605499647204
-1.39995,2.5210502,8.514,418605504640127
-1.4290501,2.502,8.48505,418605509631808
-1.4790001,2.5900502,8.538,418605514623501
-1.5150001,2.6830502,8.566051,418605519614540
-1.575,2.7630002,8.64795,418605524605579
-1.644,2.76705,8.65005,418605529597867
-1.6609501,2.77005,8.7630005,418605534590136
-1.7310001,2.80095,8.7630005,418605539582125
-1.79805,2.8150501,8.772,418605544574126
-1.7830501,2.83905,8.82195,418605549566838
-1.7710501,2.832,8.84595,418605554559569
-1.7040001,2.7820501,8.89395,418605559551683
-1.7230501,2.7510002,8.84895,418605564543800
-1.695,2.7460501,8.844001,418605569534659
-1.7310001,2.6809502,8.868,418605574525544
-1.71105,2.667,8.86995,418605579516132
-1.7569501,2.6140501,8.889001,418605584506709
-1.7070001,2.6809502,8.95905,418605589498607
-1.7310001,2.676,8.916,418605594490492
-1.7350501,2.66205,8.904,418605599483030
-1.7209501,2.6809502,8.928,418605604475569
-1.7659501,2.7240002,8.961,418605609467322
-1.83405,2.74095,8.95905,418605614459093
-1.8430501,2.739,9.012,418605619452127
-1.8550501,2.7220502,9.024,418605624445164
-1.9050001,2.73105,8.985001,418605629438058
-1.917,2.72895,8.904,418605634430943
-1.9390501,2.7580502,8.872951,418605639423891
-1.9560001,2.80095,8.799001,418605644416814
-2.0080502,2.8890002,8.68095,418605649409949
-1.9939501,2.8510501,8.722051,418605654403064
-1.9920001,2.9160001,8.676001,418605659396333
-2.0010002,2.9920502,8.538,418605664389602
-2.0299501,3.045,8.49195,418605669382636
-2.05395,3.04695,8.463,418605674375675
-2.05395,3.0619502,8.46105,418605679367757
-2.09205,3.10695,8.47305,418605684359872
-2.11095,3.1890001,8.557051,418605689352103
-2.1780002,3.1909502,8.54895,418605694344334
-2.19,3.2410502,8.710051,418605699336415
-2.23305,3.1980002,8.772,418605704328492
-2.18505,3.1740003,8.964001,418605709321286
-2.226,3.07605,9.019051,418605714314093
-2.2380002,3.0690002,9.13605,418605719306670
-2.15895,3.045,9.186001,418605724299247
-2.1660001,2.9880002,9.052051,418605729291642
-2.0970001,2.9179502,9.049951,418605734284027
-2.1040502,2.913,8.964001,418605739275296
-2.118,2.9299502,8.97795,418605744266565
-2.09205,2.976,8.94705,418605749258907
-2.19,2.9950502,8.889001,418605754251252
-2.20005,2.9640002,8.82495,418605759243290
-2.229,2.9329503,8.739,418605764235329
-2.214,3.0640502,8.569051,418605769226526
-2.214,3.01605,8.499001,418605774217719
-2.322,3.0310502,8.443951,418605779207949
-2.32905,3.07395,8.44695,418605784198218
-2.3479502,3.0949502,8.425051,418605789188565
-2.3479502,3.2010002,8.53005,418605794178910
-2.32905,3.2770503,8.526,418605799169656
-2.3410501,3.2959502,8.66895,418605804160387
-2.355,3.3280501,8.6640005,418605809151641
-2.286,3.2440503,8.740951,418605814142910
-2.2429502,3.213,8.739,418605819133910
-2.2720501,3.2410502,8.748,418605824124911
-2.2720501,3.28695,8.808001,418605829117325
-2.229,3.3400502,8.892,418605834109748
-2.2720501,3.3660002,9.024,418605839101540
-2.35305,3.2410502,9.031051,418605844093311
-2.43195,3.2680502,8.916,418605849086474
-2.47005,3.246,8.787001,418605854079627
-2.47305,3.28005,8.751,418605859072593
-2.4420002,3.2940001,8.52105,418605864065594
-2.49,3.2370002,8.3890505,418605869059902
-2.4180002,3.2370002,8.6980505,418605874054209
-2.2740002,3.3319502,8.49195,418605879046476
-2.38695,3.31995,8.16195,418605884038747
-2.32005,3.2959502,8.50905,418605889030925
-2.226,3.318,8.109,418605894023118
-2.4060001,3.3300002,8.37195,418605899014887
-2.05395,3.0619502,8.38395,418605904006656
-2.29305,3.2320502,8.266951,418605908998796
-2.29605,3.459,8.403001,418605913990911
-2.403,3.7390501,8.3560505,418605918983501
-2.502,3.8689501,8.134951,418605923976078
-2.6479502,3.7420502,8.67195,418605928968424
-2.2360501,3.7390501,8.16195,418605933960771
-2.607,3.6220503,8.84595,418605938953118
-2.2740002,3.7350001,8.59305,418605943945463
-2.39595,3.7129502,8.739,418605948937522
-2.52495,3.58905,8.710051,418605953929561
-2.4799502,3.7680001,9.01395,418605958921363
-2.6140501,3.6439502,8.712001,418605963913170
-2.73105,3.69405,8.952001,418605968906787
-2.628,3.7510502,8.66205,418605973900402
-2.6260502,3.79395,8.05095,418605978892631
-3.00195,3.8760002,9.217951,418605983884864
-2.5159502,3.9600003,7.9150505,418605988878321
-2.8150501,3.73005,8.88195,418605993871782
-2.5900502,3.897,7.80495,418605998864688
-2.91105,3.6750002,8.38395,418606003857613
-2.5180502,3.9310503,8.214001,418606008850997
-2.5540502,3.933,8.01795,418606013844382
-2.7769501,3.9570003,8.434951,418606018837088
-2.6520002,4.0480504,7.5079503,418606023829781
-2.9680502,3.9910502,8.50395,418606028822835
-2.667,4.25895,7.6320004,418606033815872
-2.9329503,4.06995,8.16405,418606038809174
-2.664,4.28805,7.86495,418606043802483
-2.74305,4.254,7.76205,418606048795434
-2.70705,4.326,7.96995,418606053788397
-2.59995,4.48395,7.5799503,418606058780781
-2.7889502,4.3710003,8.11905,418606063773166
-2.6520002,4.46505,7.977,418606068766547
-2.71005,4.419,7.7790003,418606073759930
-2.7820501,4.36695,7.8550506,418606078752088
-2.9160001,4.44105,7.6780505,418606083744205
-3.009,4.479,7.6849504,418606088735073
-3.04305,4.56495,7.5990005,418606093725958
-3.04695,4.54605,7.5390005,418606098718652
-2.976,4.5750003,7.4770503,418606103711343
-2.9490001,4.60605,7.4359503,418606108703125
-2.90895,4.6090503,7.4620504,418606113694896
-2.844,4.67805,7.4940004,418606118687732
-2.8129501,4.6920004,7.53,418606123680577
-2.7240002,4.6990504,7.6110005,418606128672745
-2.6160002,4.668,7.6420503,418606133664900
-2.56605,4.6420503,7.7500505,418606138658017
-2.4780002,4.59705,7.9080005,418606143651132
-2.4439502,4.6009502,8.04705,418606148644593
-2.334,4.59705,8.14005,418606153638054
-2.2789502,4.61805,8.298,418606158631154
-2.262,4.6519504,8.269051,418606163624271
-2.181,4.6200004,8.32905,418606168617117
-2.19495,4.5940504,8.401051,418606173609962
-2.2380002,4.71105,8.398951,418606178601400
-2.16405,4.7190003,8.398951,418606183592823
-2.15895,4.7710505,8.394,418606188585281
-2.2090502,4.7899504,8.40795,418606193577742
-2.18295,4.81395,8.514,418606198569144
-2.18295,4.776,8.53005,418606203560569
-2.1420002,4.79505,8.47995,418606208551607
-2.11395,4.72305,8.434951,418606213542646
-2.157,4.79505,8.398951,418606218534103
-2.12295,4.8240004,8.286,418606223525564
-2.1349502,4.8580503,8.40795,418606228519666
-2.1450002,4.8769503,8.33205,418606233513781
-2.1400502,4.9339504,8.34405,418606238507318
-2.1400502,5.02005,8.36505,418606243500857
-2.08995,5.0059505,8.34795,418606248493588
-2.07495,4.98,8.2890005,418606253486319
-2.08005,5.0539503,8.346001,418606258480658
-2.0730002,5.13,8.358001,418606263475003
-2.0730002,5.1280503,8.278951,418606268469579
-2.07795,5.16405,8.28405,418606273464156
-2.1019502,5.2120504,8.298,418606278456847
-2.0989501,5.2530003,8.241,418606283449542
-2.0389502,5.2840505,8.19495,418606288442229
-2.08305,5.27895,8.11095,418606293434920
-2.05905,5.2860003,8.061001,418606298428951
-2.02005,5.322,7.9560003,418606303423026
-1.9530001,5.30805,8.016001,418606308417087
-1.9630501,5.25705,7.97205,418606313411164
-1.9480501,5.367,7.8840003,418606318404202
-1.9009501,5.43195,7.7550006,418606323397241
-1.9030501,5.5140004,7.6129503,418606328389101
-1.91295,5.50605,7.4550004,418606333380986
-1.968,5.5399504,7.4070005,418606338374878
-2.0370002,5.5690503,7.2570004,418606343368761
-2.09205,5.643,7.14195,418606348362256
-2.11395,5.6839504,7.0219502,418606353355757
-2.04405,5.7120004,6.9360003,418606358348372
-2.02305,5.78205,6.78,418606363340987
-2.01495,5.83395,6.7230005,418606368333790
-1.932,5.8939505,6.6220503,418606373326597
-1.9080001,5.9490004,6.59805,418606378317356
-1.8499501,6.012,6.5449505,418606383308127
-1.8070501,6.08295,6.46395,418606388299491
-1.77795,6.12195,6.34005,418606393290876
-1.7550001,6.22695,6.3180003,418606398282914
-1.7860501,6.294,6.2320504,418606403274953
-1.7569501,6.387,6.1410003,418606408266495
-1.6849501,6.426,6.13395,418606413258034
-1.6540501,6.4110003,6.07905,418606418249785
-1.6159501,6.4429502,6.045,418606423241554
-1.5510001,6.43305,5.9490004,418606428234208
-1.4959501,6.4350004,5.9160004,418606433226863
-1.48395,6.459,5.91795,418606438218977
-1.4860501,6.426,5.964,418606443211092
-1.55295,6.459,5.9710503,418606448203415
-1.4860501,6.53595,6.0349503,418606453195722
-1.5820501,6.4690504,6.12195,418606458187837
-1.5439501,6.4830003,6.162,418606463179954
-1.5130501,6.4620004,6.1860003,418606468173896
-1.5510001,6.5550003,6.0469503,418606473167819
-1.52505,6.603,6.0330005,418606478161087
-1.52505,6.6240005,6.0040503,418606483154356
-1.4959501,6.6270003,6.0070505,418606488146664
-1.4290501,6.6480002,5.9710503,418606493138973
-1.36905,6.67005,5.8560004,418606498131588
-1.23705,6.77505,5.82,418606503124203
-1.1730001,6.7920003,5.736,418606508117145
-1.1370001,6.7320004,5.688,418606513110070
-1.0890001,6.7560005,5.6119504,418606518102876
-1.09095,6.8179502,5.66895,418606523095685
-1.0720501,6.8380504,5.7460504,418606528087468
-1.08405,6.8539505,5.7670503,418606533079237
-1.0669501,6.91905,5.7670503,418606538070536
-1.0870501,6.9570003,5.75505,418606543061843
-1.09605,6.9619503,5.80095,418606548054223
-1.1200501,6.9550505,5.7720003,418606553046608
-1.09395,6.8569503,5.8099504,418606558039569
-1.146,7.0000505,5.7649503,418606563032530
-1.1370001,7.05495,5.82495,418606568026040
-1.1869501,7.0000505,5.9350505,418606573019541
-1.2090001,6.9670506,6.0550504,418606578011765
-1.197,7.0270505,6.0330005,418606583003998
-1.2040501,7.005,6.0090003,418606587996940
-1.233,6.984,5.9230504,418606592989863
-1.25205,7.0030503,5.8819504,418606597982900
-1.2589501,7.0410004,5.9209504,418606602975939
-1.20105,7.05105,6.012,418606607969246
-1.21305,7.1389503,5.8819504,418606612962555
-1.1149501,7.1059504,5.9659505,418606617954207
-1.1029501,7.089,5.952,418606622945862
-1.1010001,7.0939503,5.8969502,418606627938522
-1.0870501,7.1389503,5.9280005,418606632931137
-1.0170001,7.18695,6.03105,418606637924025
-1.07895,7.2570004,5.95905,418606642916910
-1.0819501,7.3020005,5.94705,418606647909704
-1.041,7.2690005,5.9010005,418606652902513
-1.0390501,7.2250504,5.7630005,418606657894474
-1.0189501,7.1629505,5.6719503,418606662886435
-1.14405,7.3830004,5.5210505,418606667879555
-1.17495,7.431,5.50395,418606672872670
-1.182,7.3950005,5.4970503,418606677865122
-1.1340001,7.3690505,5.5519505,418606682857585
-1.1509501,7.431,5.5260005,418606687850152
-1.09095,7.4599504,5.631,418606692842727
-1.182,7.55805,5.4150004,418606697835203
-1.1850001,7.6110005,5.4349504,418606702827666
-1.233,7.6369505,5.2980003,418606707820147
-1.2060001,7.7230506,5.2260003,418606712812608
-1.194,7.6969504,5.1589503,418606717805493
-1.245,7.7640004,5.1070504,418606722798378
-1.2709501,7.83405,4.9819503,418606727790107
-1.3090501,7.8930006,5.0230503,418606732781838
-1.3120501,7.9099503,5.04195,418606737774156
-1.31895,7.8619504,5.1259503,418606742766463
-1.3620001,7.9129505,5.15205,418606747756779
-1.33305,7.9099503,5.157,418606752747088
-1.3570501,7.9440002,5.1379504,418606757738253
-1.33095,7.9459505,5.13495,418606762729406
-1.35195,7.9170003,5.19705,418606767724223
-1.2250501,7.8409505,5.3149505,418606772719030
-1.2780001,7.9990506,5.2210503,418606777712374
-1.2250501,7.9819503,5.30805,418606782705723
-1.1890501,7.9990506,5.35995,418606787699449
-1.1850001,7.9410005,5.2189503,418606792693180
-1.1659501,7.9630504,5.1540003,418606797686260
-1.146,7.93695,5.1589503,418606802679337
-1.13205,7.9920006,5.1379504,418606807671991
-1.08405,8.04195,5.085,418606812664646
-1.125,8.06295,5.0800505,418606817656940
-1.1010001,8.07495,5.01105,418606822649247
-1.09605,8.03205,4.9939504,418606827641598
-1.07505,8.06295,4.92495,418606832633945
-1.02405,8.095051,4.7260504,418606837626636
-1.06005,8.134951,4.881,418606842619329
-1.02705,8.158951,4.7710505,418606847611636
-0.99600005,8.16405,4.767,418606852603945
-0.98805004,8.16405,4.69005,418606857596589
-1.00995,8.169001,4.7070003,418606862589242
-0.98595005,8.18805,4.68795,418606867581742
-0.90900004,8.158951,4.6920004,418606872574243
-0.88305,8.23095,4.59705,418606877566161
-0.897,8.262,4.551,418606882558084
-0.88305,8.33895,4.59705,418606887551090
-0.86895007,8.31495,4.62795,418606892544089
-0.82800007,8.35305,4.5700502,418606897536299
-0.82800007,8.34795,4.56495,418606902528530
-0.78195006,8.3869505,4.695,418606907521566
-0.76095,8.382,4.70895,418606912514603
-0.79200006,8.43,4.63005,418606917507911
-0.73200005,8.45895,4.67805,418606922501220
-0.69900006,8.48205,4.6009502,418606927494404
-0.73200005,8.533051,4.61805,418606932487597
-0.71505004,8.547,4.635,418606937480367
-0.70305,8.571,4.551,418606942473136
-0.708,8.575951,4.5220504,418606947467396
-0.67905,8.54205,4.4599504,418606952461665
-0.71505004,8.581051,4.4100003,418606957455029
-0.70605004,8.62395,4.34805,418606962448414
-0.711,8.50905,4.374,418606967444027
-0.70305,8.50605,4.3240504,418606972439642
-0.74700004,8.55195,4.32795,418606977434602
-0.79905003,8.587951,4.374,418606982429565
-0.76095,8.569051,4.34805,418606987422799
-0.71505004,8.581051,4.3710003,418606992416030
-0.65805006,8.619,4.33605,418606997408382
-0.708,8.578051,4.32105,418607002400727
-0.588,8.545051,4.2400503,418607007392458
-0.47100002,8.599951,4.209,418607012384189
-0.49305,8.51595,4.24905,418607017377382
-0.507,8.545051,4.269,418607022370573
-0.507,8.59305,4.21605,418607027364347
-0.55305004,8.547,4.27995,418607032358116
-0.59595,8.643001,4.182,418607037353103
-0.615,8.667001,4.089,418607042348104
-0.531,8.67405,4.0750504,418607047341487
-0.56700003,8.6640005,4.08705,418607052334872
-0.46605003,8.596951,3.9499502,418607057329412
-0.51900005,8.655001,4.11,418607062323949
-0.462,8.65005,4.03095,418607067318577
-0.48600003,8.575951,3.9790502,418607072313194
-0.47805002,8.66895,3.8880002,418607077305966
-0.52905005,8.743051,3.864,418607082298737
-0.47100002,8.752951,3.897,418607087291352
-0.47100002,8.7310505,3.8710501,418607092283967
-0.49305,8.767051,3.9169502,418607097276771
-0.47805002,8.809951,3.76305,418607102269578
-0.47400004,8.81805,3.8419502,418607107263391
-0.41895002,8.799001,3.8209503,418607112257198
-0.43995002,8.82495,3.8569503,418607117250659
-0.37095,8.76,3.7729502,418607122244122
-0.43005002,8.60505,4.0150504,418607127237443
-0.39000002,8.65695,3.8730001,418607132230750
-0.47100002,8.776951,3.8929503,418607137224251
-0.483,8.868,3.8760002,418607142217750
-0.52605003,8.923051,3.9169502,418607147210683
-0.48105,8.868,3.9480002,418607152203608
-0.46395,8.808001,3.9169502,418607157197031
-0.45405003,8.724,3.8160002,418607162190454
-0.40695003,8.65695,3.7489502,418607167184506
-0.24105,8.45895,3.6750002,418607172178545
-0.17895001,8.401051,3.732,418607177173665
-0.14595,8.47995,3.5359502,418607182168780
-0.23700002,8.65005,3.5740502,418607187161975
-0.31095,8.83695,3.6390002,418607192155170
-0.35595003,8.964001,3.52095,418607197147813
-0.46605003,9.14805,3.6409502,418607202140468
-0.462,9.189,3.5100002,418607207133194
-0.44700003,9.118951,3.5530503,418607212125925
-0.47100002,8.976001,3.61995,418607217118154
-0.46605003,8.96595,3.5479503,418607222110385
-0.50895,8.875051,3.4830003,418607227103617
-0.43305,8.908951,3.4830003,418607232096848
-0.41595003,8.911051,3.45405,418607237090256
-0.39195,8.97105,3.5479503,418607242083679
-0.351,8.952001,3.58905,418607247076231
-0.37995002,8.904,3.65805,418607252068770
-0.402,8.952001,3.6820502,418607257059731
-0.411,9.033,3.69405,418607262050694
-0.423,8.899051,3.7540503,418607267043191
-0.423,8.929951,3.6700501,418607272035690
-0.42795002,8.896951,3.663,418607277027794
-0.462,8.93295,3.6820502,418607282019911
-0.41595003,8.86095,3.65595,418607287011333
-0.32295,8.83905,3.72495,418607292002756
-0.126,8.53005,3.6390002,418607296994411
-0.18900001,8.734051,3.7560003,418607301986064
-0.22695,8.751,3.4069502,418607306977371
-0.21000001,8.887051,3.52095,418607311968680
-0.07095,9.02595,3.52905,418607316960762
-0.20295002,9.162001,3.4740002,418607321952839
-0.14295001,9.186001,3.37995,418607326944337
-0.21300001,9.117001,3.3970501,418607331935838
-0.22500001,9.27705,3.246,418607336927387
-0.201,9.16695,3.1650002,418607341918964
-0.22200002,9.076051,3.04005,418607346912161
-0.26805001,9.208051,2.9329503,418607351905354
-0.29205,9.201,2.8510501,418607356897468
-0.24900001,9.24405,2.844,418607361889585
-0.24105,9.28005,2.7150002,418607366881854
-0.23205002,9.316051,2.6830502,418607371874123
-0.20505,9.246,2.64,418607376864689
-0.21000001,9.237,2.56095,418607381855268
-0.21705002,9.205951,2.5759501,418607386846527
-0.165,9.220051,2.6520002,418607391837796
-0.23205002,9.21,2.7,418607396829137
-0.15300001,9.222,2.739,418607401820484
-0.15300001,9.198001,2.83395,418607406811175
-0.17895001,9.213,2.8510501,418607411801868
-0.22695,9.165,2.8489501,418607416792604
-0.13605,9.16695,2.8129501,418607421783335
-0.15300001,9.09795,2.77905,418607426775344
-0.031050002,9.12405,2.7169502,418607431767345
0.049950004,8.99205,2.6910002,418607436758266
-0.0019500001,9.09795,2.80095,418607441749191
0.06705,9.181951,2.74305,418607446740051
0.052050002,9.15495,2.703,418607451730896
0.13605,9.201,2.69805,418607456721888
0.11400001,9.234,2.5489502,418607461712887
0.13605,9.253051,2.499,418607466704503
0.19800001,9.2029505,2.391,418607471696118
0.124050006,9.225,2.3410501,418607476688844
0.12900001,9.30105,2.253,418607481681575
0.08805001,9.358951,2.33205,418607486673843
0.117000006,9.364051,2.42505,418607491666114
0.112050004,9.346951,2.4109502,418607496658080
0.102000006,9.354,2.39895,418607501650041
0.102000006,9.3490505,2.4390001,418607506643081
0.08805001,9.318001,2.38695,418607511636118
0.13800001,9.31305,2.5110002,418607516629002
0.124050006,9.32295,2.559,418607521621887
0.15,9.25605,2.499,418607526614060
0.13095,9.249001,2.5519502,418607531606253
0.17400001,9.253051,2.7480001,418607536598733
0.15,9.258,2.7580502,418607541591194
0.20505,9.282001,2.8630502,418607546583309
0.25305,9.10995,2.8180501,418607551575426
0.26805001,9.118951,2.7820501,418607556567810
0.31995,9.184051,2.8200002,418607561560195
0.24405001,9.25605,2.74305,418607566552078
0.22200002,9.19095,2.6520002,418607571543963
0.21000001,9.297001,2.72895,418607576536267
0.186,9.234,2.607,418607581528574
0.22500001,9.184051,2.70705,418607586521189
0.31995,9.117001,2.5849502,418607591513804
0.25305,9.1380005,2.63805,418607596504856
0.26805001,9.129001,2.5489502,418607601495897
0.34905002,9.094951,2.466,418607606486401
0.46395,8.973001,2.6209502,418607611476902
0.40695003,8.95695,2.4420002,418607616468258
0.507,8.94495,2.19705,418607621459603
0.49800003,9.019051,2.0659502,418607626451449
0.32805002,9.082951,2.217,418607631443296
0.42600003,9.10995,2.0710502,418607636435564
0.39900002,9.220051,1.9050001,418607641427835
0.28005,9.265051,2.0629501,418607646421671
0.29895002,9.261001,2.02305,418607651415516
0.33705002,9.253051,1.8570001,418607656408943
0.32295,9.262951,1.8379501,418607661402368
0.36105,9.217951,1.8070501,418607666395791
0.31995,9.253051,1.8930001,418607671389214
0.23700002,9.26805,1.9150501,418607676379987
0.29205,9.30795,1.7310001,418607681370758
0.186,9.285001,1.9750501,418607686362767
0.21495001,9.354,2.0350502,418607691354766
0.14595,9.33705,1.9770001,418607696346939
0.19095,9.32505,1.8859501,418607701339132
0.31605002,9.31995,1.7950501,418607706331978
0.246,9.35595,1.9339501,418607711324825
0.26805001,9.394951,2.049,418607716317617
0.19095,9.39,1.71105,418607721310426
0.30105,9.450001,1.6660501,418607726303498
0.07395,9.50205,1.9890001,418607731296575
0.109950006,9.535951,1.7400001,418607736288472
0.14595,9.543,1.63995,418607741280357
0.03795,9.559951,1.2280501,418607746271665
-0.13095,9.62895,1.33305,418607751262974
-0.10695001,9.687,1.233,418607756256321
-0.01905,9.696,1.05795,418607761249666
-0.14295001,9.711,1.065,418607766241856
-0.0019500001,9.672001,0.8880001,418607771234051
0.055050004,9.639001,1.07895,418607776225893
-0.009000001,9.708,1.01205,418607781217738
-0.117000006,9.64095,1.16295,418607786210127
0.0,9.739051,1.146,418607791202512
0.03795,9.71595,1.3039501,418607796195816
-0.055050004,9.77295,1.233,418607801189123
-0.01905,9.75105,1.302,418607806181275
-0.117000006,9.732,1.5700501,418607811173430
-0.12195001,9.627001,1.56105,418607816165089
-0.15300001,9.699,1.3069501,418607821156782
-0.18900001,9.699,1.5289501,418607826149610
-0.28395,9.75405,1.64205,418607831142455
-0.30105,9.691951,1.5700501,418607836134443
-0.38505003,9.712951,1.4860501,418607841126444
-0.31095,9.727051,1.51995,418607846118291
-0.28695002,9.75105,1.4599501,418607851110138
-0.36105,9.802051,1.5150001,418607856104023
-0.21705002,9.759001,1.3879501,418607861097906
-0.27495003,9.744,1.29495,418607866089949
-0.21300001,9.72,1.26405,418607871081988
-0.15300001,9.684,1.04805,418607876073089
-0.052050002,9.712951,1.0390501,418607881064204
-0.079050004,9.696,1.04295,418607886056012
-0.17205001,9.712951,1.1770501,418607891047819
-0.21000001,9.73005,1.12695,418607896039852
-0.21000001,9.78705,1.0030501,418607901031891
-0.37305,9.868951,1.0870501,418607906023318
-0.31095,9.945001,1.0720501,418607911014743
-0.32805002,9.997951,1.0870501,418607916008519
-0.36105,10.041,1.1149501,418607921002286
-0.30405003,10.02,1.02705,418607925995285
-0.28905,9.984,1.125,418607930988286
-0.23205002,10.021951,1.0669501,418607935980440
-0.18105,9.912001,1.14405,418607940972593
-0.13605,9.86205,1.1539501,418607945964122
-0.112050004,9.80895,1.21095,418607950955661
-0.126,9.80895,1.21095,418607955947363
-0.141,9.8209505,1.2730501,418607960939056
-0.15795001,9.76305,1.3240501,418607965930208
-0.15795001,9.73005,1.383,418607970921363
-0.13605,9.735001,1.3909501,418607975912787
-0.07395,9.696,1.3429501,418607980904210
0.009000001,9.694051,1.3240501,418607985896002
0.057000004,9.667951,1.3590001,418607990887809
0.07395,9.559951,1.3069501,418607995880540
0.097950004,9.658051,1.3570501,418608000873271
0.102000006,9.64095,1.32105,418608005865386
0.165,9.658051,1.31595,418608010857503
0.14595,9.675,1.3260001,418608015850542
0.124050006,9.727051,1.33605,418608020843579
0.12195001,9.670051,1.36695,418608025837151
0.12900001,9.72,1.3909501,418608030830690
0.17400001,9.706051,1.40295,418608035823304
0.14595,9.736951,1.383,418608040815921
0.109950006,9.75405,1.3590001,418608045809705
0.124050006,9.75105,1.30005,418608050803474
0.18105,9.771001,1.33095,418608055796328
0.18105,9.74895,1.30005,418608060789175
0.23700002,9.72,1.314,418608065781175
0.246,9.77805,1.3909501,418608070773176
0.31305,9.732,1.3950001,418608075764348
0.32295,9.684,1.383,418608080755541
0.402,9.627001,1.3620001,418608085747157
0.41895002,9.526051,1.45305,418608090738772
0.56895,9.471001,1.4650501,418608095731632
0.53805,9.44295,1.4790001,418608100724479
0.58395004,9.40695,1.33305,418608105717175
0.61200005,9.459001,1.32105,418608110709868
0.66,9.399,1.2970501,418608115703109
0.684,9.423,1.2709501,418608120696338
0.64095,9.438001,1.33305,418608125688847
0.72,9.379951,1.14405,418608130681348
0.78495,9.462001,1.10595,418608135672983
0.79695004,9.378,1.1560501,418608140664598
0.74205005,9.37605,1.1029501,418608145657022
0.76095,9.37605,1.0170001,418608150649445
0.78495,9.352051,1.098,418608155642536
0.88095003,9.29895,1.1220001,418608160635651
0.75600004,9.373051,0.89295006,418608165626264
0.82995003,9.471001,1.01505,418608170616921
0.72495,9.534,0.957,418608175608667
0.71805006,9.57705,0.99105006,418608180600396
0.74205005,9.62205,0.94500005,418608185592588
0.75795,9.592951,0.933,418608190584781
0.80895007,9.61305,0.96405005,418608195575222
0.73200005,9.655951,1.0030501,418608200565647
0.73905003,9.67695,0.96900004,418608205557263
0.72705,9.658051,0.96405005,418608210548878
0.77805007,9.696,0.89505005,418608215539569
0.78195006,9.672001,0.90195006,418608220530262
0.69600004,9.747001,0.8880001,418608225521176
0.70095,9.759001,0.84900004,418608230512099
0.66795003,9.77805,0.80895007,418608235503045
0.63600004,9.74895,0.76095,418608240494008
0.66,9.780001,0.83295006,418608245485930
0.648,9.826051,0.79695004,418608250477853
0.68205005,9.8230505,0.89295006,418608255470892
0.675,9.79695,0.94500005,418608260463931
0.66,9.7560005,1.0510501,418608265454467
0.64605004,9.76605,1.10595,418608270445008
0.684,9.723001,1.098,418608275436547
0.67200005,9.712951,1.1010001,418608280428084
0.711,9.711,1.11,418608285421315
0.72495,9.76605,1.13205,418608290414546
0.70305,9.667951,1.1340001,418608295404813
0.648,9.696,1.161,418608300395084
0.67905,9.81795,1.0870501,418608305385396
0.67695004,9.736951,1.24695,418608310375703
0.70095,9.759001,1.1700001,418608315366900
0.72,9.736951,1.28295,418608320358093
0.70605004,9.72,1.3620001,418608325349170
0.69600004,9.72,1.383,418608330340247
0.72495,9.603001,1.3260001,418608335331877
0.74700004,9.694051,1.3980001,418608340323530
0.77805007,9.703951,1.434,418608345315828
0.81105006,9.706051,1.3810501,418608350308137
0.80895007,9.780001,1.4070001,418608355300420
0.83805007,9.732,1.422,418608360292689
0.81795,9.81795,1.40505,418608365284396
0.897,9.736951,1.33605,418608370276089
0.924,9.700951,1.45305,418608375268742
1.0309501,9.744,1.41495,418608380261473
1.05795,9.75405,1.41495,418608385254010
1.07505,9.807,1.3399501,418608390246549
1.029,9.835051,1.31895,418608395238689
1.041,9.84,1.3950001,418608400230842
0.924,9.832951,1.4170501,418608405221818
0.96900004,9.98805,1.4959501,418608410212819
0.92100006,9.889951,1.5510001,418608415204396
0.84900004,9.901951,1.4940001,418608420195973
0.85200006,9.90705,1.5460501,418608425186153
0.76305,9.948001,1.5289501,418608430176348
0.81105006,9.889951,1.4260501,418608435167248
0.78705,9.865951,1.371,418608440158131
0.85395,9.868951,1.4100001,418608445150420
0.88995004,9.876,1.4620501,418608450142689
0.87600005,9.852,1.47,418608455136078
0.933,9.877951,1.4070001,418608460129463
1.00995,9.883051,1.4500501,418608465120731
1.16805,9.7560005,1.3909501,418608470112002
1.1370001,9.802051,1.4310001,418608475103074
1.24695,9.78495,1.4650501,418608480094151
1.2610501,9.75405,1.4620501,418608485086247
1.2760501,9.735001,1.51005,418608490078324
1.30005,9.747001,1.52505,418608495070856
1.2780001,9.71805,1.56105,418608500063395
1.3590001,9.696,1.503,418608505055125
1.35,9.62205,1.56105,418608510046858
1.35195,9.592951,1.55805,418608515039315
1.35195,9.426001,1.44105,418608520031776
1.4670001,9.655951,1.623,418608525023530
1.6519501,9.526051,1.55295,418608530015299
1.6489501,9.39,1.5700501,418608535007814
1.6540501,9.30405,1.55805,418608540000313
1.64205,9.27495,1.5370501,418608544992159
1.7350501,9.217951,1.59405,418608549984006
1.8409501,9.181951,1.6129501,418608554977358
1.8360001,9.11205,1.5700501,418608559970703
1.8600001,9.13395,1.575,418608564961528
1.8600001,9.1380005,1.5820501,418608569952337
1.8360001,9.049951,1.4959501,418608574944738
1.7809501,9.073951,1.43595,418608579937121
1.74495,9.055051,1.4070001,418608584929275
1.7740501,9.061951,1.3570501,418608589921430
1.7830501,9.093,1.2420001,418608594915076
1.8139501,9.093,1.3090501,418608599908651
1.83405,9.13605,1.24905,418608604902362
1.8649501,9.153001,1.1010001,418608609896055
1.7710501,9.16005,1.0339501,418608614889680
1.6800001,9.118951,0.96000004,418608619883295
1.695,9.153001,1.0189501,418608624876334
1.7520001,9.2029505,0.984,418608629869373
1.881,9.220051,1.02405,418608634863585
1.9050001,9.162001,1.04595,418608639857776
1.9699501,9.12705,1.0720501,418608644850295
1.9960501,9.088051,1.1389501,418608649842834
2.04705,9.033,1.1770501,418608654835671
2.0659502,9.076051,1.197,418608659828516
1.8889501,9.061951,1.2040501,418608664821006
1.8100501,9.052051,1.2090001,418608669813545
1.8499501,9.117001,1.2280501,418608674805545
1.83105,9.13095,1.182,418608679797546
1.7590501,9.12405,1.1700001,418608684789628
1.7569501,9.184051,1.2709501,418608689781705
1.7380501,9.13605,1.197,418608694773862
1.7329501,9.241051,1.1539501,418608699766017
1.71405,9.232051,1.1890501,418608704757064
1.7020501,9.237,1.1890501,418608709748103
1.67595,9.31995,1.1659501,418608714739758
1.67295,9.382951,1.2040501,418608719731411
1.67805,9.373051,1.245,418608724723450
1.6489501,9.32505,1.26795,418608729715489
1.6300501,9.316051,1.2610501,418608734707507
1.71105,9.229051,1.3069501,418608739699508
1.7230501,9.28905,1.3450501,418608744691161
1.77795,9.213,1.47195,418608749682814
1.7710501,9.222,1.52205,418608754675969
1.7880001,9.15795,1.6300501,418608759669122
1.8690001,9.1050005,1.644,418608764661121
1.9080001,9.048,1.7860501,418608769653122
1.9390501,8.976001,1.8570001,418608774645306
2.0080502,8.95695,1.86195,418608779637499
2.0710502,8.872951,1.9990501,418608784629421
2.11395,8.832001,2.01495,418608789621344
2.1090002,8.83695,2.061,418608794614233
2.1780002,8.82195,2.1019502,418608799607156
2.21895,8.82705,2.16195,418608804600309
2.2740002,8.772,2.1450002,418608809593464
2.334,8.784,2.1090002,418608814585900
2.367,8.743051,2.08695,418608819578363
2.32905,8.767051,2.04705,418608824571840
2.2690501,8.772,2.0010002,418608829565301
2.298,8.775001,1.9459502,418608834558102
2.36505,8.81295,1.8790501,418608839550911
2.355,8.85105,1.8220501,418608844543795
2.4150002,8.878051,1.7190001,418608849536680
2.5180502,8.97795,1.7350501,418608854529617
2.5399501,9.01395,1.6870501,418608859522540
2.5780501,9.043051,1.6560001,418608864514515
2.5879502,9.049951,1.6200001,418608869506516
2.70495,9.076051,1.5850501,418608874499522
2.7910502,9.019051,1.6279501,418608879492483
2.77905,8.99505,1.6129501,418608884485693
2.9280002,9.045,1.623,418608889478924
2.9880002,9.052051,1.6519501,418608894471895
3.07395,9.082951,1.67805,418608899464896
3.2029502,8.98995,1.70895,418608904457204
3.318,9.07905,1.7020501,418608909449511
3.35595,9.05895,1.7190001,418608914441698
3.4069502,9.10005,1.7230501,418608919433891
3.4690502,9.061951,1.7040001,418608924425853
2.36295,9.184051,1.74705,418608929417814
2.5780501,9.261001,1.8220501,418608934410584
2.3460002,9.40695,1.76205,418608939403353
2.26005,9.423,1.7899501,418608944396121
2.12595,9.4810505,1.79295,418608949388892
2.09205,9.50205,1.8100501,418608954381703
2.025,9.4810505,1.8550501,418608959374512
2.08305,9.379951,1.9249501,418608964367126
2.0389502,9.397051,2.02305,418608969359743
2.0730002,9.366,2.1060002,418608974352334
2.0659502,9.318001,2.05095,418608979344911
2.1040502,9.265051,2.217,418608984337632
2.05395,9.196051,2.2669501,418608989330363
2.1400502,9.153001,2.32395,418608994321848
2.11095,9.141001,2.367,418608999313311
2.1349502,9.073951,2.427,418609004305388
2.15205,9.05895,2.5180502,418609009297465
2.18295,8.99205,2.47005,418609014289468
2.2069502,9.00195,2.4780002,418609019281469
2.20005,8.976001,2.4750001,418609024274739
2.2050002,8.917951,2.46105,418609029268008
2.214,8.908951,2.46795,418609034260891
2.2020001,8.911051,2.5110002,418609039253776
2.18805,8.95905,2.50395,418609044245161
2.20005,8.884951,2.50605,418609049236546
2.1400502,8.93295,2.5519502,418609054228931
2.19495,8.86095,2.5140002,418609059221314
2.2020001,8.83395,2.523,418609064213622
2.15205,8.82495,2.394,418609069205931
2.18295,8.751,2.394,418609074197801
2.1760502,8.779051,2.41995,418609079189686
2.18295,8.68605,2.358,418609084181994
2.19,8.644951,2.2759502,418609089174301
2.2410002,8.67195,2.2810502,418609094167628
2.2020001,8.667001,2.18295,418609099160935
2.2360501,8.71695,2.08005,418609104153242
2.2429502,8.727,1.9579501,418609109145551
2.3100002,8.779051,1.86705,418609114137974
2.32395,8.736,1.7950501,418609119130397
2.3479502,8.775001,1.7260501,418609124122473
2.2789502,8.82705,1.67595,418609129114550
2.298,8.901,1.67595,418609134106628
2.23095,8.94495,1.5850501,418609139098705
2.18295,9.012,1.5460501,418609144090046
2.1090002,8.940001,1.59405,418609149081393
2.02305,8.929951,1.7040001,418609154073585
1.9750501,8.928,1.7310001,418609159065776
1.9050001,8.97795,1.7380501,418609164056511
1.7880001,9.069,1.83105,418609169047244
1.6800001,9.15795,1.9249501,418609174037936
1.64205,9.165,2.0010002,418609179028627
1.5340501,9.222,2.05905,418609184019613
1.43805,9.250951,2.09205,418609189010612
1.39995,9.25605,2.14695,418609194001550
1.35,9.29895,2.154,418609198992513
1.302,9.27705,2.22405,418609203983551
1.2709501,9.306001,2.23095,418609208974588
1.3069501,9.285001,2.25705,418609213966021
1.28805,9.258,2.28795,418609218957446
1.3450501,9.238951,2.39595,418609223948415
1.33095,9.162001,2.60205,418609228939378
1.3429501,9.082951,2.772,418609233931142
1.36905,9.012,3.0000002,418609238922911
1.32105,8.911051,3.2370002,418609243913986
1.2060001,8.86305,3.35205,418609248905065
1.1730001,8.808001,3.4950001,418609253897484
1.1659501,8.727,3.6649501,418609258889907
1.125,8.715,3.7900503,418609263881626
1.05795,8.66205,3.8899503,418609268873359
0.97605,8.619,4.04295,418609273865494
0.94305,8.51805,4.23705,418609278857609
0.88095003,8.499001,4.31895,418609283848799
0.82995003,8.511001,4.386,418609288839992
0.77805007,8.431951,4.3759503,418609293832277
0.75405,8.44695,4.4620504,418609298824546
0.73005,8.46105,4.506,418609303815963
0.68700004,8.425051,4.55595,418609308807388
0.62895006,8.47995,4.563,418609313798705
0.60495,8.401051,4.53405,418609318790012
0.61200005,8.490001,4.53195,418609323780281
0.49995002,8.533051,4.5370502,418609328770550
0.507,8.490001,4.56495,418609333761590
0.45900002,8.51595,4.54605,418609338752627
0.351,8.467951,4.49595,418609343744132
0.27,8.559,4.4820004,418609348735633
0.27,8.587951,4.4290504,418609353728940
0.201,8.607,4.458,418609358722247
0.19095,8.62395,4.3309503,418609363714285
0.126,8.688001,4.3120503,418609368706324
0.04695,8.724,4.1659503,418609373697742
0.08595,8.715,4.08405,418609378689165
-0.04695,8.736,3.9910502,418609383679776
0.08805001,8.710051,3.8830502,418609388670391
0.38700002,8.66895,3.9190502,418609393661979
0.45705003,8.667001,3.9810002,418609398653556
0.43005002,8.68605,3.9760501,418609403644439
0.46905002,8.65995,3.99795,418609408635324
0.43305,8.599951,3.9640503,418609413627124
0.39705002,8.62605,3.9049501,418609418618893
0.35895002,8.64,3.8929503,418609423609617
0.28395,8.643001,3.8380501,418609428600348
0.34695002,8.739,3.8569503,418609433592278
0.18900001,8.655001,3.8850002,418609438584201
0.19305001,8.7310505,3.9450002,418609443575507
0.13605,8.6959505,3.9840002,418609448566816
0.057000004,8.66205,3.9049501,418609453558243
-0.10695001,8.53005,3.897,418609458549742
-0.41895002,8.712001,3.8500502,418609463540169
-0.98805004,8.743051,3.8929503,418609468530594
-1.4770501,8.82195,3.9720001,418609473521758
-1.728,8.76,3.8209503,418609478512911
0.10005,8.887051,4.17495,418609483504141
-0.35895002,8.85795,3.8089502,418609488495372
-0.32505003,8.7289505,4.0030503,418609493486728
-0.23205002,8.64,3.83295,418609498478075
-0.16905001,8.63595,3.8929503,418609503469280
-0.00405,8.569051,3.9090002,418609508460511
0.04695,8.442,3.9960003,418609513452484
0.201,8.06805,3.52605,418609518444445
0.31305,8.253,4.0030503,418609523435521
0.17895001,8.53995,4.053,418609528426598
-0.055050004,8.64795,4.1940002,418609533418421
-0.24900001,8.739,4.1389503,418609538410228
-0.22005,8.79405,4.2010503,418609543401535
-0.21705002,8.7960005,4.33995,418609548392844
-0.16005,8.77005,4.122,418609553385051
-0.13095,8.81805,4.2780004,418609558377282
-0.17400001,8.7630005,4.1269503,418609563368742
-0.22500001,8.84895,3.9259503,418609568360205
-0.21495001,8.84895,4.1940002,418609573351455
-0.22500001,8.964001,3.9210002,418609578342724
-0.34695002,8.901,4.122,418609583334060
-0.39900002,8.997001,4.017,418609588325407
-0.54495,9.02595,4.0789504,418609593317411
-0.66795003,9.10005,3.99795,418609598309412
-0.76305,9.186001,4.0789504,418609603300343
-0.84495,9.13605,3.9499502,418609608291268
-0.91695005,9.241051,3.8730001,418609613282041
-0.29895002,12.067051,6.08295,418609618272810
-1.2400501,9.232051,9.0379505,418609623263348
-1.0170001,7.4620504,-0.081,418609628253887
-1.4119501,7.8889503,4.0789504,418609633245191
-0.47100002,9.816001,5.85405,418609638236498
-1.3399501,8.71905,4.6969504,418609643227174
-0.74895006,8.51805,3.2320502,418609648217867
-0.94500005,9.13605,4.11,418609653209740
-0.90705,9.09105,3.7710001,418609658201547
-0.74700004,9.1699505,3.3660002,418609663193315
-1.125,9.049951,3.52395,418609668185084
-0.50505,9.214951,3.3750002,418609673177311
-0.66495,9.061951,3.0310502,418609678169542
-0.50505,8.80095,2.90895,418609683161079
-0.47595003,8.913,2.74305,418609688152618
-0.31305,9.253051,3.4140003,418609693144339
-0.53295004,9.01395,3.6870003,418609698136070
-0.30795002,8.69295,3.4020002,418609703126915
-0.342,8.724,3.72705,418609708117762
-0.201,8.620951,3.69405,418609713109056
-0.41595003,8.466001,3.5670002,418609718100325
-0.37800002,8.533051,4.15395,418609723091737
-0.25800002,8.52795,3.58905,418609728083160
-0.342,8.523001,3.6460502,418609733074597
-0.186,8.7310505,3.6990001,418609738066060
-0.29895002,8.620951,3.4309502,418609743056020
-0.14595,8.752951,3.1980002,418609748045983
-0.28005,8.820001,3.07395,418609753038984
-0.07095,8.949,2.9920502,418609758031983
-0.102000006,8.97795,2.904,418609763022953
-0.00405,9.045,2.6119502,418609768013916
1.63995,10.908001,-1.3120501,418609773004661
2.3149502,9.94995,-0.96900004,418609777995392
2.4750001,9.87405,-0.20805001,418609782986931
2.5780501,9.30795,-0.957,418609787978468
2.38695,9.352051,-0.87600005,418609792970675
1.6180501,7.7830505,-0.71295005,418609797962906
3.5430002,10.209001,6.84705,418609802955045
3.21705,21.463951,-1.6180501,418609807947200
-0.33495003,6.9570003,0.01905,418609812938079
-1.371,10.419001,-1.01505,418609817928964
-2.1760502,9.780001,-0.68895006,418609822919754
-3.49005,9.10305,2.9560502,418609827910561
-3.2220001,9.795,2.77005,418609832901334
-2.976,8.6959505,2.9280002,418609837892103
-2.2999501,9.534,3.8779502,418609842882872
-0.097950004,8.799001,4.7260504,418609847873641
-0.93105006,9.262951,3.6480002,418609852865257
-0.57195,9.184051,2.391,418609857856872
-0.45900002,9.33195,1.9560001,418609862847247
-0.66,9.483001,1.7880001,418609867837632
-0.63900006,9.43095,1.8529501,418609872829479
-0.44205,9.36795,2.20005,418609877821324
-0.33195,9.45705,2.571,418609882811934
-0.40395,9.459001,2.7580502,418609887802551
-0.684,9.4810505,2.7840002,418609892793767
-0.63405,9.184051,2.59695,418609897784998
-0.64605004,9.379951,2.5489502,418609902775843
-0.22905001,9.19095,2.63295,418609907766690
-0.08805001,9.265051,2.6239502,418609912757733
-0.354,9.186001,2.49,418609917748772
-0.36795002,9.385051,2.6260502,418609922741810
-0.31800002,9.366,2.6430001,418609927734849
-0.24900001,9.378,2.5420501,418609932726679
-0.35895002,9.306001,2.5780501,418609937718488
-0.30600002,9.33195,2.69805,418609942711296
-0.23400001,9.262951,2.667,418609947704103
-0.28905,9.2029505,2.7480001,418609952696858
-0.33900002,9.262951,2.6860502,418609957689627
-0.30795002,9.33195,2.6190002,418609962680684
-0.26295,9.38805,2.53695,418609967671761
-0.31800002,9.33195,2.4799502,418609972663874
-0.27495003,9.36795,2.502,418609977655989
-0.28005,9.294001,2.628,418609982648026
-0.25095,9.28905,2.66895,418609987640065
-0.24105,9.2029505,2.6860502,418609992631935
-0.26505002,9.24405,2.63805,418609997623820
-0.33900002,9.33195,2.70705,418610002616204
-0.31605002,9.30405,2.65995,418610007608589
-0.31605002,9.330001,2.6790001,418610012600626
-0.31095,9.378,2.607,418610017592665
-0.30105,9.258,2.6140501,418610022584219
-0.31995,9.30105,2.56605,418610027575796
-0.31605002,9.226951,2.5489502,418610032567767
-0.29595003,9.241051,2.63805,418610037559728
-0.31995,9.294001,2.63595,418610042553445
-0.282,9.285001,2.667,418610047547176
-0.32505003,9.306001,2.7120001,418610052539443
-0.33195,9.30405,2.703,418610057531714
-0.32505003,9.328051,2.5900502,418610062523381
-0.31995,9.342,2.5810502,418610067515036
-0.32805002,9.373051,2.56395,418610072507638
-0.27195,9.31305,2.59995,418610077500213
-0.29895002,9.27495,2.6160002,418610082491789
-0.28905,9.226951,2.664,418610087483368
-0.29895002,9.285001,2.64,418610092475252
-0.30600002,9.28005,2.667,418610097467137
-0.27195,9.30795,2.5810502,418610102459728
-0.30105,9.31305,2.5810502,418610107452343
-0.34905002,9.34395,2.6260502,418610112444520
-0.30600002,9.31995,2.60205,418610117436675
-0.31305,9.35595,2.6550002,418610122428714
-0.28395,9.31305,2.628,418610127420751
-0.25800002,9.31305,2.66205,418610132412862
-0.26805001,9.28905,2.6239502,418610137404977
-0.26295,9.316051,2.63295,418610142398136
-0.30795002,9.246,2.5830002,418610147391291
-0.26805001,9.352051,2.6089501,418610152382111
-0.28395,9.285001,2.5570502,418610157372958
-0.28695002,9.316051,2.59695,418610162365690
-0.29595003,9.28905,2.5729501,418610167358421
-0.31605002,9.30405,2.628,418610172350905
-0.31305,9.342,2.676,418610177343368
-0.33900002,9.32505,2.6500502,418610182335945
-0.29595003,9.285001,2.6430001,418610187328522
-0.30105,9.285001,2.63295,418610192320674
-0.26805001,9.31095,2.6880002,418610197312829
-0.26295,9.32505,2.56905,418610202305763
-0.29895002,9.297001,2.56395,418610207298646
-0.30795002,9.33495,2.5489502,418610212290842
-0.32505003,9.250951,2.5930502,418610217283035
-0.31305,9.30105,2.6140501,418610222274747
-0.32505003,9.26805,2.7,418610227266440
-0.31800002,9.30795,2.6500502,418610232257300
-0.29895002,9.297001,2.6260502,418610237248145
-0.294,9.306001,2.5900502,418610242240531
-0.26805001,9.318001,2.5489502,418610247232916
-0.31095,9.29895,2.595,418610252225063
-0.34395,9.28695,2.5930502,418610257217218
-0.30600002,9.294001,2.56395,418610262209155
-0.32295,9.246,2.6119502,418610267201116
-0.33495003,9.273001,2.60205,418610272192775
-0.32295,9.262951,2.6260502,418610277184430
-0.30795002,9.282001,2.5729501,418610282176046
-0.32295,9.28005,2.628,418610287167661
-0.25605002,9.294001,2.6190002,418610292160728
-0.27195,9.297001,2.628,418610297153805
-0.27705002,9.31095,2.6140501,418610302146943
-0.30105,9.29895,2.6160002,418610307140060
-0.31800002,9.330001,2.53695,418610312133712
-0.26805001,9.31305,2.5570502,418610317127367
-0.27705002,9.31995,2.595,418610322120751
-0.31305,9.253051,2.7460501,418610327114136
-0.28905,9.253051,2.70495,418610332106204
-0.29205,9.31095,2.6830502,418610337098281
-0.294,9.328051,2.6520002,418610342092757
-0.29895002,9.346951,2.56605,418610347087256
-0.23205002,9.30795,2.56395,418610352079668
-0.31605002,9.32295,2.6569502,418610357072055
-0.31605002,9.29895,2.64,418610362064054
-0.32505003,9.27,2.667,418610367056055
-0.30795002,9.27495,2.59995,418610372048839
-0.30795002,9.30795,2.6160002,418610377041608
-0.29595003,9.31305,2.5830002,418610382033610
-0.30405003,9.258,2.6160002,418610387025611
-0.27705002,9.318001,2.5930502,418610392017650
-0.30600002,9.33195,2.63805,418610397009689
-0.30795002,9.33495,2.6119502,418610402000880
-0.31305,9.297001,2.6239502,418610406992073
-0.27705002,9.27705,2.64,418610411984575
-0.31605002,9.28695,2.66205,418610416977074
-0.30600002,9.297001,2.6140501,418610421969875
-0.30105,9.294001,2.6209502,418610426962684
-0.30405003,9.306001,2.56905,418610431956953
-0.29205,9.32505,2.6430001,418610436951222
-0.246,9.32295,2.5399501,418610441946607
-0.294,9.316051,2.6140501,418610446941992
-0.32805002,9.27495,2.6550002,418610451934196
-0.29595003,9.31095,2.6190002,418610456926429
-0.31305,9.30105,2.5879502,418610461919358
-0.27195,9.28905,2.64,418610466912281
-0.32505003,9.30405,2.628,418610471904953
-0.27705002,9.24405,2.59995,418610476897608
-0.29205,9.249001,2.6239502,418610481891556
-0.32295,9.306001,2.607,418610486885517
-0.28695002,9.33495,2.6260502,418610491877976
-0.29595003,9.30105,2.5930502,418610496870439
-0.28005,9.32505,2.6209502,418610501862247
-0.29595003,9.282001,2.5900502,418610506854054
-0.29205,9.297001,2.5930502,418610511846901
-0.33195,9.342,2.67195,418610516839746
-0.27705002,9.316051,2.6190002,418610521832779
-0.31305,9.285001,2.6260502,418610526825818
-0.30795002,9.29205,2.63805,418610531819400
-0.27,9.340051,2.5900502,418610536812977
-0.31605002,9.31095,2.5900502,418610541806823
-0.32505003,9.32295,2.6209502,418610546800670
-0.28905,9.31095,2.6520002,418610551793870
-0.33,9.33195,2.6239502,418610556787063
-0.31605002,9.28695,2.6430001,418610561780709
-0.34905002,9.29205,2.6119502,418610566774362
-0.31095,9.261001,2.6239502,418610571767746
-0.29205,9.26805,2.6260502,418610576761131
-0.294,9.33705,2.664,418610581752401
-0.33900002,9.32295,2.607,418610586743670
-0.25605002,9.28905,2.628,418610591735748
-0.31305,9.273001,2.64,418610596727825
-0.33705002,9.282001,2.6160002,418610601718793
-0.25995,9.273001,2.63595,418610606709756
-0.29205,9.297001,2.5830002,418610611702560
-0.282,9.318001,2.59695,418610616695367
-0.29205,9.33495,2.6479502,418610621688404
-0.30105,9.32295,2.6089501,418610626681443
-0.32295,9.297001,2.6190002,418610631675463
-0.26505002,9.261001,2.63805,418610636669464
-0.246,9.30105,2.6160002,418610641663818
-0.28905,9.31095,2.6119502,418610646658165
-0.32805002,9.30795,2.631,418610651650374
-0.30600002,9.28905,2.56605,418610656642569
-0.34695002,9.30795,2.6260502,418610661634243
-0.29895002,9.282001,2.604,418610666625898
-0.29205,9.27495,2.6190002,418610671617864
-0.26505002,9.273001,2.607,418610676609825
-0.294,9.32505,2.6209502,418610681602642
-0.29595003,9.358951,2.6209502,418610686595449
-0.30600002,9.28695,2.6239502,418610691588449
-0.32295,9.297001,2.6500502,418610696581450
-0.28695002,9.282001,2.6449502,418610701574155
-0.30600002,9.32505,2.6550002,418610706566848
-0.27495003,9.318001,2.63805,418610711559498
-0.27705002,9.316051,2.59695,418610716552151
-0.30795002,9.249001,2.6550002,418610721544113
-0.26505002,9.342,2.6430001,418610726536074
-0.26805001,9.285001,2.5450501,418610731526993
-0.31995,9.31995,2.5470002,418610736517916
-0.31605002,9.28695,2.59995,418610741512158
-0.30600002,9.30795,2.664,418610746506387
-0.32505003,9.250951,2.6209502,418610751499592
-0.31995,9.297001,2.63805,418610756492787
-0.29895002,9.29895,2.6209502,418610761484902
-0.34905002,9.282001,2.6209502,418610766477017
-0.28395,9.31095,2.571,418610771470349
-0.31605002,9.31305,2.6430001,418610776463694
-0.246,9.297001,2.6209502,418610781456347
-0.31800002,9.32295,2.6239502,418610786449002
-0.31095,9.294001,2.63595,418610791441690
-0.32805002,9.318001,2.6260502,418610796434383
-0.27705002,9.30405,2.6500502,418610801426458
-0.31605002,9.258,2.6089501,418610806418535
-0.34905002,9.28005,2.6479502,418610811412147
-0.28905,9.30405,2.5879502,418610816405762
-0.28695002,9.265051,2.6500502,418610821399175
-0.27195,9.33705,2.53695,418610826392598
-0.31095,9.316051,2.6089501,418610831386061
-0.30795002,9.238951,2.6550002,418610836379522
-0.27495003,9.28005,2.6239502,418610841372993
-0.30405003,9.250951,2.6430001,418610846366494
-0.28395,9.30105,2.56395,418610851358237
-0.28395,9.294001,2.6190002,418610856350008
-0.32295,9.28905,2.6479502,418610861341709
-0.33,9.31995,2.6089501,418610866333402
-0.28395,9.261001,2.59695,418610871324964
-0.30105,9.33195,2.6209502,418610876316541
-0.29595003,9.30405,2.63295,418610881308964
-0.30795002,9.261001,2.5849502,418610886301387
-0.32805002,9.31305,2.6430001,418610891293953
-0.28005,9.33705,2.607,418610896286530
-0.29595003,9.32505,2.64,418610901278582
-0.27,9.27705,2.5810502,418610906270659
-0.354,9.26805,2.56605,418610911262795
-0.33705002,9.29205,2.5879502,418610916254950
-0.28905,9.29895,2.6260502,418610921247103
-0.34395,9.33705,2.604,418610926239258
-0.29205,9.346951,2.6209502,418610931231218
-0.31605002,9.282001,2.6160002,418610936223181
-0.34905002,9.30105,2.6190002,418610941217028
-0.34395,9.30405,2.571,418610946210873
-0.294,9.31305,2.6140501,418610951204242
-0.28005,9.27,2.6550002,418610956197627
-0.32805002,9.29205,2.5830002,418610961191012
-0.27705002,9.29895,2.63595,418610966184397
-0.28005,9.273001,2.64,418610971176584
-0.26805001,9.249001,2.6449502,418610976168777
-0.30105,9.29895,2.631,418610981161147
-0.27195,9.30105,2.63295,418610986153492
-0.30405003,9.328051,2.607,418610991145876
-0.28005,9.294001,2.65995,418610996138261
-0.30105,9.29895,2.6190002,418611001131027
-0.30795002,9.29205,2.56905,418611006123796
-0.34395,9.30405,2.6449502,418611011115491
-0.29595003,9.297001,2.5900502,418611016107184
-0.27495003,9.29895,2.60205,418611021100551
-0.31995,9.282001,2.59695,418611026093896
-0.30795002,9.318001,2.56395,418611031086255
-0.29595003,9.28695,2.5900502,418611036078602
-0.294,9.30105,2.56905,418611041078602
-0.29595003,9.318001,2.63595,418611046070514
-0.28395,9.306001,2.6190002,418611051062405
-0.32505003,9.31095,2.63805,418611056055508
-0.30405003,9.3490505,2.66205,418611061048583
-0.29895002,9.354,2.6089501,418611066041044
-0.28395,9.31995,2.5830002,418611071033507
-0.29595003,9.318001,2.5450501,418611076026348
-0.28005,9.318001,2.6260502,418611081019193
-0.27195,9.27705,2.6089501,418611086011938
-0.23400001,9.28005,2.63295,418611091004671
-0.31605002,9.28905,2.6260502,418611095997955
-0.27195,9.31305,2.6140501,418611100991224
-0.27705002,9.27495,2.6140501,418611105984338
-0.30600002,9.27705,2.6500502,418611110977455
-0.34395,9.28695,2.628,418611115970671
-0.33900002,9.330001,2.6209502,418611120963864
-0.363,9.346951,2.6569502,418611125956766
-0.27,9.273001,2.5810502,418611130949651
-0.29595003,9.297001,2.5849502,418611135943239
-0.30600002,9.297001,2.6160002,418611140936816
-0.26805001,9.330001,2.5729501,418611145936819
-0.34395,9.297001,2.628,418611150925426
-0.31800002,9.30795,2.6140501,418611155914051
-0.27195,9.30405,2.6140501,418611160905217
-0.33495003,9.29895,2.6260502,418611165896368
-0.282,9.28005,2.6190002,418611170888257
-0.32805002,9.354,2.63805,418611175880142
-0.30600002,9.273001,2.6260502,418611180872354
-0.33705002,9.297001,2.628,418611185864585
-0.32295,9.28005,2.6160002,418611190857858
-0.30105,9.30795,2.6190002,418611195851127
-0.27495003,9.28005,2.631,418611200843011
-0.30105,9.31095,2.6209502,418611205834896
-0.28005,9.28905,2.604,418611210825733
-0.25305,9.30405,2.6119502,418611215816580
-0.27495003,9.27,2.595,418611220808070
-0.33495003,9.29895,2.6520002,418611225799569
